time_s,Voltage_V,Current_A,Power_W,Capacity_Ah,Energy_Wh
0.00000000,5.02198000,0.08401000,0.42189654,0.00005834,0.00014646
5.00000000,5.02089000,0.08399000,0.42170455,0.00017501,0.00029292
10.00000000,5.02202000,0.08400000,0.42184968,0.00029167,0.00043940
15.00000000,5.02229000,0.08402000,0.42197281,0.00040835,0.00058590
20.00000000,5.02159000,0.08403000,0.42196421,0.00052505,0.00073241
25.00000000,5.02143000,0.08403000,0.42195076,0.00064176,0.00087890
30.00000000,5.02085000,0.08407000,0.42210286,0.00075849,0.00102546
35.00000000,5.02061000,0.08407000,0.42208268,0.00087526,0.00117200
40.00000000,5.02007000,0.08410000,0.42218789,0.00099204,0.00131862
45.00000000,5.02081000,0.08409000,0.42219991,0.00110884,0.00146519
50.00000000,5.02007000,0.08413000,0.42233849,0.00122566,0.00161183
55.00000000,5.01991000,0.08414000,0.42237523,0.00134251,0.00175851
60.00000000,5.02061000,0.08418000,0.42263495,0.00145940,0.00190527
65.00000000,5.02096000,0.08414000,0.42246357,0.00157629,0.00205193
70.00000000,5.01995000,0.08417000,0.42252919,0.00169317,0.00219868
75.00000000,5.02116000,0.08419000,0.42273146,0.00181009,0.00234543
80.00000000,5.02022000,0.08421000,0.42275273,0.00192703,0.00249226
85.00000000,5.02147000,0.08421000,0.42285799,0.00204399,0.00263902
90.00000000,5.01940000,0.08424000,0.42283426,0.00216097,0.00278586
95.00000000,5.02018000,0.08422000,0.42279956,0.00227796,0.00293267
100.00000000,5.02038000,0.08424000,0.42291681,0.00239494,0.00307949
105.00000000,5.01948000,0.08425000,0.42289119,0.00251195,0.00322634
110.00000000,5.01995000,0.08429000,0.42313159,0.00262899,0.00337327
115.00000000,5.02003000,0.08428000,0.42308813,0.00274606,0.00352016
120.00000000,5.01968000,0.08431000,0.42320922,0.00286313,0.00366714
125.00000000,5.02061000,0.08430000,0.42323742,0.00298022,0.00381409
130.00000000,5.02057000,0.08435000,0.42348508,0.00309734,0.00396115
135.00000000,5.02112000,0.08435000,0.42353147,0.00321449,0.00410819
140.00000000,5.02050000,0.08435000,0.42347917,0.00333165,0.00425524
145.00000000,5.02057000,0.08436000,0.42353529,0.00344881,0.00440231
150.00000000,5.02085000,0.08440000,0.42375974,0.00356600,0.00454945
155.00000000,5.02116000,0.08434000,0.42348463,0.00368318,0.00469650
160.00000000,5.02132000,0.08437000,0.42364877,0.00380034,0.00484359
165.00000000,5.02096000,0.08441000,0.42381923,0.00391755,0.00499077
170.00000000,5.02171000,0.08435000,0.42358124,0.00403474,0.00513781
175.00000000,5.02034000,0.08440000,0.42371670,0.00415193,0.00528493
180.00000000,5.02018000,0.08438000,0.42360279,0.00426914,0.00543204
185.00000000,5.02104000,0.08438000,0.42367536,0.00438633,0.00557916
190.00000000,5.02143000,0.08440000,0.42380869,0.00450354,0.00572629
195.00000000,5.02065000,0.08442000,0.42384327,0.00462078,0.00587344
200.00000000,5.02003000,0.08441000,0.42374073,0.00473802,0.00602061
205.00000000,5.02139000,0.08443000,0.42395596,0.00485527,0.00616782
210.00000000,5.02135000,0.08442000,0.42390237,0.00497253,0.00631498
215.00000000,5.02057000,0.08442000,0.42383652,0.00508978,0.00646216
220.00000000,5.02077000,0.08442000,0.42385340,0.00520703,0.00660935
225.00000000,5.02139000,0.08444000,0.42400617,0.00532429,0.00675656
230.00000000,5.02100000,0.08443000,0.42392303,0.00544156,0.00690376
235.00000000,5.02132000,0.08448000,0.42420111,0.00555886,0.00705105
240.00000000,5.02116000,0.08445000,0.42403696,0.00567617,0.00719825
245.00000000,5.01991000,0.08446000,0.42398160,0.00579347,0.00734551
250.00000000,5.02128000,0.08446000,0.42409731,0.00591078,0.00749276
255.00000000,5.02120000,0.08445000,0.42404034,0.00602808,0.00764000
260.00000000,5.02132000,0.08446000,0.42410069,0.00614538,0.00778723
265.00000000,5.02042000,0.08445000,0.42397447,0.00626267,0.00793446
270.00000000,5.02096000,0.08443000,0.42391965,0.00637995,0.00808167
275.00000000,5.02151000,0.08446000,0.42411673,0.00649724,0.00822892
280.00000000,5.02128000,0.08444000,0.42399688,0.00661453,0.00837614
285.00000000,5.02116000,0.08446000,0.42408717,0.00673182,0.00852339
290.00000000,5.02093000,0.08449000,0.42421838,0.00684915,0.00867067
295.00000000,5.02022000,0.08447000,0.42405798,0.00696648,0.00881789
300.00000000,5.01952000,0.08449000,0.42409924,0.00708381,0.00896516
305.00000000,5.02007000,0.08445000,0.42394491,0.00720113,0.00911237
310.00000000,5.02038000,0.08447000,0.42407150,0.00731844,0.00925963
315.00000000,5.02077000,0.08444000,0.42395382,0.00743574,0.00940681
320.00000000,5.01979000,0.08443000,0.42382087,0.00755301,0.00955399
325.00000000,5.02061000,0.08444000,0.42394031,0.00767028,0.00970119
330.00000000,5.02042000,0.08445000,0.42397447,0.00778756,0.00984841
335.00000000,5.02073000,0.08442000,0.42385003,0.00790483,0.00999559
340.00000000,5.02096000,0.08443000,0.42391965,0.00802209,0.01014279
345.00000000,5.02124000,0.08444000,0.42399351,0.00813936,0.01028998
350.00000000,5.02034000,0.08442000,0.42381710,0.00825663,0.01043713
355.00000000,5.02003000,0.08443000,0.42384113,0.00837388,0.01058434
360.00000000,5.02139000,0.08443000,0.42395596,0.00849115,0.01073154
365.00000000,5.02124000,0.08444000,0.42399351,0.00860842,0.01087875
370.00000000,5.02073000,0.08443000,0.42390023,0.00872569,0.01102592
375.00000000,5.02034000,0.08444000,0.42391751,0.00884296,0.01117312
380.00000000,5.02053000,0.08445000,0.42398376,0.00896024,0.01132035
385.00000000,5.02085000,0.08444000,0.42396057,0.00907753,0.01146754
390.00000000,5.02026000,0.08445000,0.42396096,0.00919481,0.01161476
395.00000000,5.02057000,0.08441000,0.42378631,0.00931208,0.01176191
400.00000000,5.02073000,0.08445000,0.42400065,0.00942934,0.01190913
405.00000000,5.02057000,0.08446000,0.42403734,0.00954664,0.01205635
410.00000000,5.02018000,0.08448000,0.42410481,0.00966396,0.01220360
415.00000000,5.01975000,0.08444000,0.42386769,0.00978126,0.01235078
420.00000000,5.01999000,0.08446000,0.42398836,0.00989856,0.01249805
425.00000000,5.02155000,0.08443000,0.42396947,0.01001584,0.01264525
430.00000000,5.02132000,0.08446000,0.42410069,0.01013312,0.01279252
435.00000000,5.02159000,0.08442000,0.42392263,0.01025040,0.01293973
440.00000000,5.02229000,0.08445000,0.42413239,0.01036767,0.01308695
445.00000000,5.02069000,0.08442000,0.42384665,0.01048494,0.01323414
450.00000000,5.02116000,0.08443000,0.42393654,0.01060220,0.01338131
455.00000000,5.02030000,0.08442000,0.42381373,0.01071946,0.01352849
460.00000000,5.02112000,0.08443000,0.42393316,0.01083672,0.01367570
465.00000000,5.02139000,0.08447000,0.42415681,0.01095401,0.01382296
470.00000000,5.02096000,0.08438000,0.42366860,0.01107126,0.01397006
475.00000000,5.02077000,0.08443000,0.42390361,0.01118849,0.01411725
480.00000000,5.02073000,0.08443000,0.42390023,0.01130576,0.01426445
485.00000000,5.02104000,0.08445000,0.42402683,0.01142303,0.01441167
490.00000000,5.02065000,0.08443000,0.42389348,0.01154031,0.01455885
495.00000000,5.02050000,0.08443000,0.42388082,0.01165758,0.01470606
500.00000000,5.02163000,0.08440000,0.42382557,0.01177482,0.01485321
505.00000000,5.02120000,0.08444000,0.42399013,0.01189207,0.01500045
510.00000000,5.02186000,0.08447000,0.42419651,0.01200937,0.01514771
515.00000000,5.02081000,0.08442000,0.42385678,0.01212665,0.01529490
520.00000000,5.02143000,0.08443000,0.42395933,0.01224391,0.01544211
525.00000000,5.02139000,0.08442000,0.42390574,0.01236117,0.01558927
530.00000000,5.02061000,0.08442000,0.42383990,0.01247842,0.01573647
535.00000000,5.02147000,0.08443000,0.42396271,0.01259567,0.01588368
540.00000000,5.02171000,0.08444000,0.42403319,0.01271294,0.01603088
545.00000000,5.02061000,0.08444000,0.42394031,0.01283022,0.01617809
550.00000000,5.02089000,0.08447000,0.42411458,0.01294752,0.01632537
555.00000000,5.02139000,0.08446000,0.42410660,0.01306483,0.01647263
560.00000000,5.02155000,0.08445000,0.42406990,0.01318213,0.01661985
565.00000000,5.02061000,0.08449000,0.42419134,0.01329945,0.01676718
570.00000000,5.02198000,0.08447000,0.42420665,0.01341678,0.01691450
575.00000000,5.02264000,0.08451000,0.42446331,0.01353413,0.01706191
580.00000000,5.02378000,0.08450000,0.42450941,0.01365150,0.01720929
585.00000000,5.02292000,0.08449000,0.42438651,0.01376885,0.01735662
590.00000000,5.02198000,0.08449000,0.42430709,0.01388620,0.01750393
595.00000000,5.02147000,0.08447000,0.42416357,0.01400353,0.01765119
600.00000000,5.02069000,0.08449000,0.42419810,0.01412087,0.01779848
605.00000000,5.02085000,0.08447000,0.42411120,0.01423820,0.01794576
610.00000000,5.02147000,0.08447000,0.42416357,0.01435552,0.01809305
615.00000000,5.02178000,0.08445000,0.42408932,0.01447283,0.01824032
620.00000000,5.02241000,0.08445000,0.42414252,0.01459012,0.01838757
625.00000000,5.02171000,0.08442000,0.42393276,0.01470739,0.01853480
630.00000000,5.02264000,0.08445000,0.42416195,0.01482466,0.01868207
635.00000000,5.02233000,0.08443000,0.42403532,0.01494194,0.01882929
640.00000000,5.02198000,0.08445000,0.42410621,0.01505922,0.01897655
645.00000000,5.02202000,0.08443000,0.42400915,0.01517649,0.01912375
650.00000000,5.02128000,0.08442000,0.42389646,0.01529375,0.01927092
655.00000000,5.02069000,0.08446000,0.42404748,0.01541103,0.01941818
660.00000000,5.02124000,0.08443000,0.42394329,0.01552831,0.01956539
665.00000000,5.02171000,0.08445000,0.42408341,0.01564559,0.01971261
670.00000000,5.02046000,0.08444000,0.42392764,0.01576288,0.01985982
675.00000000,5.02077000,0.08445000,0.42400403,0.01588016,0.02000702
680.00000000,5.02026000,0.08444000,0.42391075,0.01599744,0.02015424
685.00000000,5.02096000,0.08443000,0.42391965,0.01611472,0.02030144
690.00000000,5.02132000,0.08445000,0.42405047,0.01623199,0.02044868
695.00000000,5.02147000,0.08446000,0.42411336,0.01634929,0.02059591
700.00000000,5.02022000,0.08445000,0.42395758,0.01646659,0.02074313
705.00000000,5.02073000,0.08449000,0.42420148,0.01658391,0.02089046
710.00000000,5.02182000,0.08451000,0.42439401,0.01670127,0.02103781
715.00000000,5.02175000,0.08445000,0.42408679,0.01681860,0.02118505
720.00000000,5.02112000,0.08446000,0.42408380,0.01693590,0.02133231
725.00000000,5.02163000,0.08444000,0.42402644,0.01705319,0.02147957
730.00000000,5.02249000,0.08446000,0.42419951,0.01717049,0.02162686
735.00000000,5.02241000,0.08448000,0.42429320,0.01728781,0.02177420
740.00000000,5.02292000,0.08449000,0.42438651,0.01740515,0.02192151
745.00000000,5.02139000,0.08449000,0.42425724,0.01752249,0.02206882
750.00000000,5.02143000,0.08445000,0.42405976,0.01763981,0.02221608
755.00000000,5.02198000,0.08446000,0.42415643,0.01775711,0.02236335
760.00000000,5.02171000,0.08445000,0.42408341,0.01787441,0.02251064
765.00000000,5.02288000,0.08446000,0.42423244,0.01799171,0.02265792
770.00000000,5.02214000,0.08442000,0.42396906,0.01810899,0.02280515
775.00000000,5.02276000,0.08443000,0.42407163,0.01822624,0.02295238
780.00000000,5.02233000,0.08444000,0.42408555,0.01834351,0.02309963
785.00000000,5.02229000,0.08442000,0.42398172,0.01846078,0.02324684
790.00000000,5.02198000,0.08443000,0.42400577,0.01857803,0.02339407
795.00000000,5.02214000,0.08444000,0.42406950,0.01869531,0.02354131
800.00000000,5.02214000,0.08444000,0.42406950,0.01881258,0.02368855
805.00000000,5.02167000,0.08444000,0.42402981,0.01892986,0.02383581
810.00000000,5.02288000,0.08445000,0.42418222,0.01904715,0.02398306
815.00000000,5.02167000,0.08443000,0.42397960,0.01916442,0.02413029
820.00000000,5.02186000,0.08448000,0.42424673,0.01928172,0.02427759
825.00000000,5.02163000,0.08445000,0.42407665,0.01939903,0.02442485
830.00000000,5.02198000,0.08444000,0.42405599,0.01951632,0.02457208
835.00000000,5.02167000,0.08449000,0.42428090,0.01963363,0.02471944
840.00000000,5.02296000,0.08448000,0.42433966,0.01975097,0.02486675
845.00000000,5.02217000,0.08448000,0.42427292,0.01986831,0.02501408
850.00000000,5.02268000,0.08448000,0.42431601,0.01998564,0.02516139
855.00000000,5.02178000,0.08449000,0.42429019,0.02010298,0.02530868
860.00000000,5.02053000,0.08448000,0.42413437,0.02022032,0.02545596
865.00000000,5.02104000,0.08451000,0.42432809,0.02033767,0.02560331
870.00000000,5.02163000,0.08454000,0.42452860,0.02045507,0.02575071
875.00000000,5.02132000,0.08452000,0.42440197,0.02057247,0.02589808
880.00000000,5.02147000,0.08456000,0.42461550,0.02068989,0.02604552
885.00000000,5.02167000,0.08456000,0.42463242,0.02080733,0.02619296
890.00000000,5.02167000,0.08455000,0.42458220,0.02092477,0.02634039
895.00000000,5.02186000,0.08452000,0.42444761,0.02104218,0.02648773
900.00000000,5.02073000,0.08454000,0.42445251,0.02115958,0.02663516
905.00000000,5.02217000,0.08451000,0.42442359,0.02127698,0.02678252
910.00000000,5.02186000,0.08452000,0.42444761,0.02139436,0.02692992
915.00000000,5.02260000,0.08454000,0.42461060,0.02151176,0.02707734
920.00000000,5.02210000,0.08453000,0.42451811,0.02162917,0.02722474
925.00000000,5.02206000,0.08455000,0.42461517,0.02174659,0.02737217
930.00000000,5.02186000,0.08452000,0.42444761,0.02186400,0.02751956
935.00000000,5.02249000,0.08455000,0.42465153,0.02198141,0.02766698
940.00000000,5.02135000,0.08453000,0.42445472,0.02209883,0.02781433
945.00000000,5.02057000,0.08455000,0.42448919,0.02221624,0.02796173
950.00000000,5.02073000,0.08456000,0.42455293,0.02233368,0.02810917
955.00000000,5.02151000,0.08458000,0.42471932,0.02245114,0.02825662
960.00000000,5.02096000,0.08455000,0.42452217,0.02256859,0.02840401
965.00000000,5.02018000,0.08455000,0.42445622,0.02268602,0.02855140
970.00000000,5.02073000,0.08453000,0.42440231,0.02280344,0.02869877
975.00000000,5.02089000,0.08455000,0.42451625,0.02292085,0.02884618
980.00000000,5.02128000,0.08455000,0.42454922,0.02303828,0.02899360
985.00000000,5.02151000,0.08457000,0.42466910,0.02315573,0.02914106
990.00000000,5.02167000,0.08456000,0.42463242,0.02327318,0.02928850
995.00000000,5.02159000,0.08456000,0.42462565,0.02339062,0.02943593
1000.00000000,5.02116000,0.08454000,0.42448887,0.02350806,0.02958333
1005.00000000,5.02147000,0.08455000,0.42456529,0.02362548,0.02973077
1010.00000000,5.02225000,0.08456000,0.42468146,0.02374292,0.02987827
1015.00000000,5.02362000,0.08458000,0.42489778,0.02386037,0.03002575
1020.00000000,5.02194000,0.08458000,0.42475569,0.02397785,0.03017319
1025.00000000,5.02038000,0.08460000,0.42472415,0.02409533,0.03032069
1030.00000000,5.02116000,0.08458000,0.42468971,0.02421282,0.03046817
1035.00000000,5.02178000,0.08462000,0.42494302,0.02433032,0.03061571
1040.00000000,5.02147000,0.08460000,0.42481636,0.02444783,0.03076322
1045.00000000,5.02182000,0.08461000,0.42489619,0.02456534,0.03091075
1050.00000000,5.02155000,0.08459000,0.42477291,0.02468284,0.03105825
1055.00000000,5.02198000,0.08457000,0.42470885,0.02480031,0.03120574
1060.00000000,5.02276000,0.08459000,0.42487527,0.02491778,0.03135325
1065.00000000,5.02198000,0.08458000,0.42475907,0.02503526,0.03150079
1070.00000000,5.02378000,0.08456000,0.42481084,0.02515272,0.03164824
1075.00000000,5.02198000,0.08458000,0.42475907,0.02527018,0.03179573
1080.00000000,5.02210000,0.08454000,0.42456833,0.02538763,0.03194317
1085.00000000,5.02307000,0.08456000,0.42475080,0.02550506,0.03209064
1090.00000000,5.02237000,0.08457000,0.42474183,0.02562251,0.03223809
1095.00000000,5.02135000,0.08458000,0.42470578,0.02573997,0.03238555
1100.00000000,5.02132000,0.08457000,0.42465303,0.02585744,0.03253301
1105.00000000,5.02147000,0.08459000,0.42476615,0.02597491,0.03268050
1110.00000000,5.02151000,0.08459000,0.42476953,0.02609240,0.03282798
1115.00000000,5.02147000,0.08460000,0.42481636,0.02620989,0.03297549
1120.00000000,5.02151000,0.08459000,0.42476953,0.02632738,0.03312300
1125.00000000,5.02206000,0.08459000,0.42481606,0.02644487,0.03327050
1130.00000000,5.02210000,0.08458000,0.42476922,0.02656235,0.03341799
1135.00000000,5.02186000,0.08459000,0.42479914,0.02667983,0.03356547
1140.00000000,5.02143000,0.08459000,0.42476276,0.02679731,0.03371297
1145.00000000,5.02194000,0.08462000,0.42495656,0.02691482,0.03386051
1150.00000000,5.02124000,0.08459000,0.42474669,0.02703233,0.03400799
1155.00000000,5.02112000,0.08463000,0.42493739,0.02714984,0.03415553
1160.00000000,5.02100000,0.08461000,0.42482681,0.02726737,0.03430308
1165.00000000,5.02233000,0.08463000,0.42503979,0.02738490,0.03445063
1170.00000000,5.02112000,0.08461000,0.42483696,0.02750242,0.03459813
1175.00000000,5.02096000,0.08462000,0.42487364,0.02761994,0.03474568
1180.00000000,5.02159000,0.08464000,0.42502738,0.02773749,0.03489328
1185.00000000,5.02221000,0.08461000,0.42492919,0.02785502,0.03504079
1190.00000000,5.02112000,0.08462000,0.42488717,0.02797254,0.03518832
1195.00000000,5.02112000,0.08460000,0.42478675,0.02809006,0.03533580
1200.00000000,5.02073000,0.08460000,0.42475376,0.02820756,0.03548330
1205.00000000,5.02116000,0.08459000,0.42473992,0.02832505,0.03563078
1210.00000000,5.02108000,0.08463000,0.42493400,0.02844256,0.03577831
1215.00000000,5.02057000,0.08460000,0.42474022,0.02856008,0.03592582
1220.00000000,5.02167000,0.08460000,0.42483328,0.02867758,0.03607333
1225.00000000,5.02175000,0.08461000,0.42489027,0.02879509,0.03622081
1230.00000000,5.01995000,0.08461000,0.42473797,0.02891260,0.03636830
1235.00000000,5.02022000,0.08461000,0.42476081,0.02903012,0.03651579
1240.00000000,5.02026000,0.08460000,0.42471400,0.02914763,0.03666326
1245.00000000,5.02042000,0.08456000,0.42452672,0.02926510,0.03681067
1250.00000000,5.02065000,0.08460000,0.42474699,0.02938257,0.03695819
1255.00000000,5.02178000,0.08465000,0.42509368,0.02950010,0.03710577
1260.00000000,5.02120000,0.08463000,0.42494416,0.02961766,0.03725332
1265.00000000,5.02116000,0.08460000,0.42479014,0.02973518,0.03740081
1270.00000000,5.02096000,0.08463000,0.42492384,0.02985270,0.03754837
1275.00000000,5.02155000,0.08460000,0.42482313,0.02997022,0.03769589
1280.00000000,5.02171000,0.08462000,0.42493710,0.03008774,0.03784342
1285.00000000,5.02120000,0.08463000,0.42494416,0.03020527,0.03799097
1290.00000000,5.02116000,0.08465000,0.42504119,0.03032283,0.03813857
1295.00000000,5.02182000,0.08461000,0.42489619,0.03044037,0.03828606
1300.00000000,5.02030000,0.08460000,0.42471738,0.03055788,0.03843353
1305.00000000,5.02018000,0.08459000,0.42465703,0.03067537,0.03858098
1310.00000000,5.02014000,0.08460000,0.42470384,0.03079286,0.03872845
1315.00000000,5.02057000,0.08459000,0.42469002,0.03091035,0.03887593
1320.00000000,5.02093000,0.08459000,0.42472047,0.03102784,0.03902343
1325.00000000,5.02190000,0.08459000,0.42480252,0.03114533,0.03917094
1330.00000000,5.02214000,0.08460000,0.42487304,0.03126282,0.03931847
1335.00000000,5.02257000,0.08462000,0.42500987,0.03138033,0.03946601
1340.00000000,5.02124000,0.08462000,0.42489733,0.03149786,0.03961352
1345.00000000,5.02057000,0.08463000,0.42489084,0.03161540,0.03976104
1350.00000000,5.02026000,0.08462000,0.42481440,0.03173293,0.03990854
1355.00000000,5.01995000,0.08462000,0.42478817,0.03185046,0.04005602
1360.00000000,5.01952000,0.08461000,0.42470159,0.03196798,0.04020351
1365.00000000,5.02030000,0.08459000,0.42466718,0.03208548,0.04035097
1370.00000000,5.02046000,0.08463000,0.42488153,0.03220299,0.04049851
1375.00000000,5.02069000,0.08463000,0.42490099,0.03232053,0.04064602
1380.00000000,5.01983000,0.08457000,0.42452702,0.03243803,0.04079346
1385.00000000,5.02108000,0.08465000,0.42503442,0.03255555,0.04094106
1390.00000000,5.02182000,0.08460000,0.42484597,0.03267308,0.04108857
1395.00000000,5.02151000,0.08459000,0.42476953,0.03279058,0.04123602
1400.00000000,5.02018000,0.08461000,0.42475743,0.03290808,0.04138356
1405.00000000,5.02214000,0.08459000,0.42482282,0.03302558,0.04153106
1410.00000000,5.02175000,0.08462000,0.42494048,0.03314308,0.04167863
1415.00000000,5.02249000,0.08461000,0.42495288,0.03326060,0.04182614
1420.00000000,5.02108000,0.08459000,0.42473316,0.03337810,0.04197361
1425.00000000,5.02073000,0.08462000,0.42485417,0.03349561,0.04212113
1430.00000000,5.02096000,0.08459000,0.42472301,0.03361312,0.04226859
1435.00000000,5.02034000,0.08459000,0.42467056,0.03373060,0.04241606
1440.00000000,5.02108000,0.08456000,0.42458252,0.03384807,0.04256347
1445.00000000,5.02034000,0.08457000,0.42457015,0.03396552,0.04271091
1450.00000000,5.02100000,0.08456000,0.42457576,0.03408297,0.04285838
1455.00000000,5.02272000,0.08457000,0.42477143,0.03420042,0.04300582
1460.00000000,5.02120000,0.08459000,0.42474331,0.03431790,0.04315332
1465.00000000,5.02163000,0.08460000,0.42482990,0.03443539,0.04330084
1470.00000000,5.02194000,0.08457000,0.42470547,0.03455287,0.04344829
1475.00000000,5.02151000,0.08459000,0.42476953,0.03467034,0.04359577
1480.00000000,5.02104000,0.08460000,0.42477998,0.03478783,0.04374326
1485.00000000,5.02112000,0.08458000,0.42468633,0.03490532,0.04389073
1490.00000000,5.02139000,0.08457000,0.42465895,0.03502278,0.04403821
1495.00000000,5.02225000,0.08460000,0.42488235,0.03514026,0.04418572
1500.00000000,5.02163000,0.08459000,0.42477968,0.03525776,0.04433320
1505.00000000,5.02124000,0.08461000,0.42484712,0.03537526,0.04448072
1510.00000000,5.02143000,0.08459000,0.42476276,0.03549276,0.04462825
1515.00000000,5.02276000,0.08459000,0.42487527,0.03561024,0.04477575
1520.00000000,5.02214000,0.08456000,0.42467216,0.03572771,0.04492318
1525.00000000,5.02124000,0.08458000,0.42469648,0.03584517,0.04507064
1530.00000000,5.02085000,0.08458000,0.42466349,0.03596264,0.04521809
1535.00000000,5.02093000,0.08459000,0.42472047,0.03608012,0.04536552
1540.00000000,5.01936000,0.08460000,0.42463786,0.03619761,0.04551299
1545.00000000,5.02022000,0.08460000,0.42471061,0.03631511,0.04566043
1550.00000000,5.01921000,0.08461000,0.42467536,0.03643262,0.04580791
1555.00000000,5.02018000,0.08459000,0.42465703,0.03655012,0.04595537
1560.00000000,5.02046000,0.08458000,0.42463051,0.03666760,0.04610279
1565.00000000,5.01964000,0.08458000,0.42456115,0.03678507,0.04625021
1570.00000000,5.01999000,0.08460000,0.42469115,0.03690256,0.04639771
1575.00000000,5.02124000,0.08458000,0.42469648,0.03702004,0.04654515
1580.00000000,5.02022000,0.08459000,0.42466041,0.03713752,0.04669259
1585.00000000,5.02007000,0.08459000,0.42464772,0.03725501,0.04684007
1590.00000000,5.02104000,0.08459000,0.42472977,0.03737249,0.04698755
1595.00000000,5.02135000,0.08457000,0.42465557,0.03748997,0.04713503
1600.00000000,5.02214000,0.08459000,0.42482282,0.03760744,0.04728249
1605.00000000,5.02077000,0.08458000,0.42465673,0.03772492,0.04742996
1610.00000000,5.02139000,0.08461000,0.42485981,0.03784241,0.04757749
1615.00000000,5.02163000,0.08460000,0.42482990,0.03795992,0.04772500
1620.00000000,5.02171000,0.08460000,0.42483667,0.03807742,0.04787251
1625.00000000,5.02143000,0.08461000,0.42486319,0.03819492,0.04802003
1630.00000000,5.02147000,0.08462000,0.42491679,0.03831244,0.04816755
1635.00000000,5.02061000,0.08462000,0.42484402,0.03842997,0.04831505
1640.00000000,5.02026000,0.08460000,0.42471400,0.03854749,0.04846253
1645.00000000,5.02046000,0.08463000,0.42488153,0.03866501,0.04861009
1650.00000000,5.02159000,0.08459000,0.42477630,0.03878252,0.04875758
1655.00000000,5.02139000,0.08462000,0.42491002,0.03890003,0.04890509
1660.00000000,5.02057000,0.08460000,0.42474022,0.03901754,0.04905254
1665.00000000,5.01975000,0.08459000,0.42462065,0.03913503,0.04919999
1670.00000000,5.01987000,0.08460000,0.42468100,0.03925253,0.04934749
1675.00000000,5.02128000,0.08457000,0.42464965,0.03937001,0.04949491
1680.00000000,5.02050000,0.08461000,0.42478451,0.03948749,0.04964241
1685.00000000,5.02053000,0.08459000,0.42468663,0.03960499,0.04978989
1690.00000000,5.02124000,0.08456000,0.42459605,0.03972246,0.04993731
1695.00000000,5.02100000,0.08459000,0.42472639,0.03983992,0.05008479
1700.00000000,5.02124000,0.08456000,0.42459605,0.03995739,0.05023221
1705.00000000,5.02104000,0.08455000,0.42452893,0.04007483,0.05037959
1710.00000000,5.02003000,0.08452000,0.42429294,0.04019224,0.05052693
1715.00000000,5.02061000,0.08451000,0.42429175,0.04030962,0.05067426
1720.00000000,5.02077000,0.08449000,0.42420486,0.04042698,0.05082153
1725.00000000,5.01987000,0.08447000,0.42402842,0.04054431,0.05096879
1730.00000000,5.02100000,0.08446000,0.42407366,0.04066162,0.05111602
1735.00000000,5.02038000,0.08449000,0.42417191,0.04077895,0.05126328
1740.00000000,5.01956000,0.08449000,0.42410262,0.04089630,0.05141058
1745.00000000,5.02085000,0.08451000,0.42431203,0.04101366,0.05155790
1750.00000000,5.02057000,0.08452000,0.42433858,0.04113104,0.05170524
1755.00000000,5.02050000,0.08455000,0.42448327,0.04124845,0.05185263
1760.00000000,5.02065000,0.08453000,0.42439554,0.04136587,0.05199997
1765.00000000,5.01991000,0.08454000,0.42438319,0.04148328,0.05214734
1770.00000000,5.02034000,0.08455000,0.42446975,0.04160070,0.05229472
1775.00000000,5.02030000,0.08451000,0.42426555,0.04171810,0.05244203
1780.00000000,5.02022000,0.08452000,0.42430899,0.04183549,0.05258941
1785.00000000,5.02194000,0.08455000,0.42460503,0.04195290,0.05273682
1790.00000000,5.02124000,0.08455000,0.42454584,0.04207033,0.05288420
1795.00000000,5.01991000,0.08453000,0.42433299,0.04218774,0.05303153
1800.00000000,5.01983000,0.08454000,0.42437643,0.04230515,0.05317887
1805.00000000,5.01944000,0.08455000,0.42439365,0.04242258,0.05332626
1810.00000000,5.02042000,0.08456000,0.42452672,0.04254001,0.05347368
1815.00000000,5.02073000,0.08458000,0.42465334,0.04265747,0.05362112
1820.00000000,5.02050000,0.08457000,0.42458369,0.04277494,0.05376851
1825.00000000,5.01944000,0.08457000,0.42449404,0.04289240,0.05391593
1830.00000000,5.02014000,0.08457000,0.42455324,0.04300985,0.05406339
1835.00000000,5.02178000,0.08458000,0.42474215,0.04312732,0.05421086
1840.00000000,5.02143000,0.08457000,0.42466234,0.04324478,0.05435832
1845.00000000,5.02182000,0.08458000,0.42474554,0.04336225,0.05450579
1850.00000000,5.02147000,0.08457000,0.42466572,0.04347972,0.05465326
1855.00000000,5.02198000,0.08458000,0.42475907,0.04359718,0.05480072
1860.00000000,5.02093000,0.08459000,0.42472047,0.04371466,0.05494820
1865.00000000,5.02120000,0.08459000,0.42474331,0.04383215,0.05509567
1870.00000000,5.02096000,0.08457000,0.42462259,0.04394962,0.05524307
1875.00000000,5.01975000,0.08456000,0.42447006,0.04406707,0.05539046
1880.00000000,5.01991000,0.08454000,0.42438319,0.04418450,0.05553783
1885.00000000,5.02038000,0.08453000,0.42437272,0.04430191,0.05568520
1890.00000000,5.02093000,0.08456000,0.42456984,0.04441933,0.05583261
1895.00000000,5.02050000,0.08453000,0.42438286,0.04453676,0.05597996
1900.00000000,5.02038000,0.08456000,0.42452333,0.04465418,0.05612737
1905.00000000,5.02061000,0.08457000,0.42459299,0.04477163,0.05627480
1910.00000000,5.02085000,0.08458000,0.42466349,0.04488910,0.05642226
1915.00000000,5.02089000,0.08458000,0.42466688,0.04500657,0.05656972
1920.00000000,5.02128000,0.08458000,0.42469986,0.04512404,0.05671718
1925.00000000,5.02096000,0.08459000,0.42472301,0.04524152,0.05686468
1930.00000000,5.02194000,0.08461000,0.42490634,0.04535902,0.05701219
1935.00000000,5.02108000,0.08458000,0.42468295,0.04547651,0.05715966
1940.00000000,5.02143000,0.08457000,0.42466234,0.04559398,0.05730707
1945.00000000,5.01987000,0.08454000,0.42437981,0.04571142,0.05745443
1950.00000000,5.02022000,0.08453000,0.42435920,0.04582883,0.05760181
1955.00000000,5.02124000,0.08456000,0.42459605,0.04594625,0.05774921
1960.00000000,5.02034000,0.08456000,0.42451995,0.04606369,0.05789662
1965.00000000,5.02065000,0.08453000,0.42439554,0.04618112,0.05804396
1970.00000000,5.01991000,0.08458000,0.42458399,0.04629856,0.05819141
1975.00000000,5.02085000,0.08456000,0.42456308,0.04641601,0.05833884
1980.00000000,5.02112000,0.08457000,0.42463612,0.04653347,0.05848625
1985.00000000,5.02007000,0.08453000,0.42434652,0.04665090,0.05863359
1990.00000000,5.01979000,0.08449000,0.42412206,0.04676827,0.05878087
1995.00000000,5.02026000,0.08455000,0.42446298,0.04688566,0.05892827
2000.00000000,5.02089000,0.08455000,0.42451625,0.04700309,0.05907565
2005.00000000,5.02042000,0.08452000,0.42432590,0.04712050,0.05922302
2010.00000000,5.02128000,0.08454000,0.42449901,0.04723790,0.05937043
2015.00000000,5.02182000,0.08455000,0.42459488,0.04735533,0.05951785
2020.00000000,5.02175000,0.08455000,0.42458896,0.04747276,0.05966528
2025.00000000,5.02159000,0.08454000,0.42452522,0.04759018,0.05981269
2030.00000000,5.02178000,0.08454000,0.42454128,0.04770760,0.05996009
2035.00000000,5.02143000,0.08456000,0.42461212,0.04782503,0.06010752
2040.00000000,5.02128000,0.08453000,0.42444880,0.04794245,0.06025491
2045.00000000,5.02186000,0.08453000,0.42449783,0.04805985,0.06040225
2050.00000000,5.02011000,0.08452000,0.42429970,0.04817725,0.06054962
2055.00000000,5.02147000,0.08454000,0.42451507,0.04829465,0.06069699
2060.00000000,5.02042000,0.08456000,0.42452672,0.04841208,0.06084441
2065.00000000,5.02104000,0.08456000,0.42457914,0.04852953,0.06099186
2070.00000000,5.02182000,0.08457000,0.42469532,0.04864698,0.06113928
2075.00000000,5.02042000,0.08454000,0.42442631,0.04876442,0.06128667
2080.00000000,5.02085000,0.08453000,0.42441245,0.04888183,0.06143402
2085.00000000,5.02030000,0.08452000,0.42431576,0.04899922,0.06158138
2090.00000000,5.02143000,0.08452000,0.42441126,0.04911661,0.06172872
2095.00000000,5.02057000,0.08453000,0.42438878,0.04923401,0.06187605
2100.00000000,5.01952000,0.08454000,0.42435022,0.04935142,0.06202345
2105.00000000,5.02147000,0.08455000,0.42456529,0.04946884,0.06217084
2110.00000000,5.02069000,0.08455000,0.42449934,0.04958627,0.06231824
2115.00000000,5.02069000,0.08456000,0.42454955,0.04970371,0.06246566
2120.00000000,5.02089000,0.08455000,0.42451625,0.04982115,0.06261307
2125.00000000,5.02124000,0.08452000,0.42439520,0.04993856,0.06276039
2130.00000000,5.01987000,0.08455000,0.42443001,0.05005597,0.06290777
2135.00000000,5.02011000,0.08456000,0.42450050,0.05017340,0.06305518
2140.00000000,5.02061000,0.08457000,0.42459299,0.05029085,0.06320260
2145.00000000,5.02034000,0.08457000,0.42457015,0.05040831,0.06335004
2150.00000000,5.02120000,0.08458000,0.42469310,0.05052578,0.06349751
2155.00000000,5.02143000,0.08457000,0.42466234,0.05064324,0.06364493
2160.00000000,5.02026000,0.08456000,0.42451319,0.05076069,0.06379233
2165.00000000,5.02026000,0.08456000,0.42451319,0.05087814,0.06393973
2170.00000000,5.02003000,0.08456000,0.42449374,0.05099558,0.06408712
2175.00000000,5.02007000,0.08453000,0.42434652,0.05111301,0.06423445
2180.00000000,5.01952000,0.08455000,0.42440042,0.05123042,0.06438181
2185.00000000,5.01975000,0.08456000,0.42447006,0.05134786,0.06452921
2190.00000000,5.02022000,0.08456000,0.42450980,0.05146531,0.06467661
2195.00000000,5.01999000,0.08453000,0.42433975,0.05158273,0.06482394
2200.00000000,5.01971000,0.08455000,0.42441648,0.05170015,0.06497130
2205.00000000,5.01964000,0.08455000,0.42441056,0.05181758,0.06511868
2210.00000000,5.02011000,0.08456000,0.42450050,0.05193501,0.06526607
2215.00000000,5.01975000,0.08458000,0.42457046,0.05205247,0.06541349
2220.00000000,5.01999000,0.08460000,0.42469115,0.05216996,0.06556097
2225.00000000,5.02038000,0.08459000,0.42467394,0.05228745,0.06570840
2230.00000000,5.01948000,0.08460000,0.42464801,0.05240494,0.06585586
2235.00000000,5.02014000,0.08460000,0.42470384,0.05252244,0.06600332
2240.00000000,5.01979000,0.08459000,0.42462404,0.05263994,0.06615075
2245.00000000,5.01940000,0.08459000,0.42459105,0.05275742,0.06629820
2250.00000000,5.02026000,0.08461000,0.42476420,0.05287492,0.06644566
2255.00000000,5.01929000,0.08460000,0.42463193,0.05299243,0.06659312
2260.00000000,5.01995000,0.08459000,0.42463757,0.05310992,0.06674056
2265.00000000,5.01964000,0.08460000,0.42466154,0.05322742,0.06688801
2270.00000000,5.01979000,0.08459000,0.42462404,0.05334491,0.06703547
2275.00000000,5.02042000,0.08459000,0.42467733,0.05346240,0.06718291
2280.00000000,5.01999000,0.08458000,0.42459075,0.05357988,0.06733035
2285.00000000,5.02014000,0.08456000,0.42450304,0.05369733,0.06747775
2290.00000000,5.02038000,0.08458000,0.42462374,0.05381479,0.06762521
2295.00000000,5.02116000,0.08457000,0.42463950,0.05393226,0.06777266
2300.00000000,5.02120000,0.08457000,0.42464288,0.05404972,0.06792008
2305.00000000,5.02053000,0.08459000,0.42468663,0.05416719,0.06806753
2310.00000000,5.02022000,0.08457000,0.42456001,0.05428466,0.06821496
2315.00000000,5.02057000,0.08460000,0.42474022,0.05440214,0.06836242
2320.00000000,5.02003000,0.08456000,0.42449374,0.05451961,0.06850983
2325.00000000,5.02034000,0.08459000,0.42467056,0.05463708,0.06865726
2330.00000000,5.01944000,0.08458000,0.42454424,0.05475456,0.06880471
2335.00000000,5.02089000,0.08458000,0.42466688,0.05487203,0.06895217
2340.00000000,5.02100000,0.08460000,0.42477660,0.05498951,0.06909967
2345.00000000,5.02143000,0.08459000,0.42476276,0.05510701,0.06924714
2350.00000000,5.02073000,0.08461000,0.42480397,0.05522451,0.06939467
2355.00000000,5.02167000,0.08460000,0.42483328,0.05534201,0.06954214
2360.00000000,5.02026000,0.08462000,0.42481440,0.05545953,0.06968966
2365.00000000,5.02089000,0.08460000,0.42476729,0.05557704,0.06983713
2370.00000000,5.02030000,0.08461000,0.42476758,0.05569455,0.06998463
2375.00000000,5.02077000,0.08464000,0.42495797,0.05581208,0.07013219
2380.00000000,5.02073000,0.08461000,0.42480397,0.05592962,0.07027972
2385.00000000,5.02175000,0.08462000,0.42494048,0.05604714,0.07042726
2390.00000000,5.02135000,0.08460000,0.42480621,0.05616465,0.07057478
2395.00000000,5.02214000,0.08458000,0.42477260,0.05628214,0.07072224
2400.00000000,5.02096000,0.08457000,0.42462259,0.05639960,0.07086964
2405.00000000,5.01991000,0.08456000,0.42448359,0.05651706,0.07101706
2410.00000000,5.02065000,0.08456000,0.42454616,0.05663450,0.07116444
2415.00000000,5.01971000,0.08456000,0.42446668,0.05675194,0.07131183
2420.00000000,5.01991000,0.08456000,0.42448359,0.05686939,0.07145923
2425.00000000,5.02018000,0.08459000,0.42465703,0.05698685,0.07160666
2430.00000000,5.01964000,0.08459000,0.42461135,0.05710434,0.07175414
2435.00000000,5.02096000,0.08459000,0.42472301,0.05722183,0.07190160
2440.00000000,5.02050000,0.08457000,0.42458369,0.05733930,0.07204903
2445.00000000,5.02069000,0.08456000,0.42454955,0.05745675,0.07219644
2450.00000000,5.02061000,0.08454000,0.42444237,0.05757418,0.07234380
2455.00000000,5.01999000,0.08453000,0.42433975,0.05769159,0.07249113
2460.00000000,5.01971000,0.08455000,0.42441648,0.05780901,0.07263852
2465.00000000,5.02050000,0.08453000,0.42438286,0.05792642,0.07278588
2470.00000000,5.02081000,0.08453000,0.42440907,0.05804383,0.07293324
2475.00000000,5.02057000,0.08455000,0.42448919,0.05816124,0.07308064
2480.00000000,5.02073000,0.08456000,0.42455293,0.05827868,0.07322803
2485.00000000,5.02014000,0.08457000,0.42455324,0.05839613,0.07337546
2490.00000000,5.02069000,0.08457000,0.42459975,0.05851359,0.07352291
2495.00000000,5.02112000,0.08459000,0.42473654,0.05863106,0.07367039
2500.00000000,5.02132000,0.08461000,0.42485389,0.05874856,0.07381787
2505.00000000,5.02003000,0.08457000,0.42454394,0.05886605,0.07396530
2510.00000000,5.02053000,0.08456000,0.42453602,0.05898350,0.07411271
2515.00000000,5.02069000,0.08458000,0.42464996,0.05910096,0.07426016
2520.00000000,5.02077000,0.08459000,0.42470693,0.05921844,0.07440763
2525.00000000,5.02093000,0.08459000,0.42472047,0.05933592,0.07455508
2530.00000000,5.02022000,0.08462000,0.42481102,0.05945343,0.07470259
2535.00000000,5.02046000,0.08456000,0.42453010,0.05957092,0.07485000
2540.00000000,5.02057000,0.08459000,0.42469002,0.05968838,0.07499746
2545.00000000,5.02046000,0.08459000,0.42468071,0.05980587,0.07514492
2550.00000000,5.02053000,0.08460000,0.42473684,0.05992336,0.07529240
2555.00000000,5.02065000,0.08460000,0.42474699,0.06004086,0.07543989
2560.00000000,5.02085000,0.08460000,0.42476391,0.06015836,0.07558735
2565.00000000,5.01968000,0.08459000,0.42461473,0.06027585,0.07573479
2570.00000000,5.02003000,0.08462000,0.42479494,0.06039336,0.07588230
2575.00000000,5.02026000,0.08461000,0.42476420,0.06051088,0.07602980
2580.00000000,5.02073000,0.08459000,0.42470355,0.06062838,0.07617725
2585.00000000,5.02026000,0.08462000,0.42481440,0.06074589,0.07632476
2590.00000000,5.02030000,0.08460000,0.42471738,0.06086340,0.07647224
2595.00000000,5.02077000,0.08463000,0.42490777,0.06098092,0.07661979
2600.00000000,5.02100000,0.08462000,0.42487702,0.06109846,0.07676730
2605.00000000,5.02053000,0.08462000,0.42483725,0.06121599,0.07691480
2610.00000000,5.02026000,0.08459000,0.42466379,0.06133349,0.07706224
2615.00000000,5.01983000,0.08461000,0.42472782,0.06145099,0.07720972
2620.00000000,5.02003000,0.08459000,0.42464434,0.06156849,0.07735717
2625.00000000,5.02007000,0.08460000,0.42469792,0.06168599,0.07750465
2630.00000000,5.02046000,0.08461000,0.42478112,0.06180349,0.07765216
2635.00000000,5.02124000,0.08460000,0.42479690,0.06192100,0.07779963
2640.00000000,5.02014000,0.08461000,0.42475405,0.06203851,0.07794711
2645.00000000,5.02003000,0.08457000,0.42454394,0.06215599,0.07809452
2650.00000000,5.01991000,0.08458000,0.42458399,0.06227346,0.07824194
2655.00000000,5.01987000,0.08458000,0.42458060,0.06239093,0.07838938
2660.00000000,5.02042000,0.08458000,0.42462712,0.06250840,0.07853683
2665.00000000,5.02073000,0.08460000,0.42475376,0.06262589,0.07868432
2670.00000000,5.02093000,0.08461000,0.42482089,0.06274340,0.07883180
2675.00000000,5.01995000,0.08463000,0.42483837,0.06286092,0.07897929
2680.00000000,5.01929000,0.08460000,0.42463193,0.06297844,0.07912677
2685.00000000,5.02057000,0.08459000,0.42469002,0.06309594,0.07927423
2690.00000000,5.02046000,0.08457000,0.42458030,0.06321341,0.07942166
2695.00000000,5.02046000,0.08461000,0.42478112,0.06333090,0.07956917
2700.00000000,5.02104000,0.08459000,0.42472977,0.06344840,0.07971661
2705.00000000,5.01995000,0.08459000,0.42463757,0.06356588,0.07986406
2710.00000000,5.02026000,0.08458000,0.42461359,0.06368336,0.08001150
2715.00000000,5.02046000,0.08459000,0.42468071,0.06380084,0.08015896
2720.00000000,5.02050000,0.08458000,0.42463389,0.06391832,0.08030637
2725.00000000,5.01929000,0.08455000,0.42438097,0.06403577,0.08045372
2730.00000000,5.01905000,0.08457000,0.42446106,0.06415322,0.08060110
2735.00000000,5.01921000,0.08459000,0.42457497,0.06427069,0.08074853
2740.00000000,5.01925000,0.08456000,0.42442778,0.06438815,0.08089594
2745.00000000,5.02053000,0.08458000,0.42463643,0.06450561,0.08104339
2750.00000000,5.02096000,0.08459000,0.42472301,0.06462309,0.08119088
2755.00000000,5.02139000,0.08458000,0.42470917,0.06474057,0.08133832
2760.00000000,5.02046000,0.08456000,0.42453010,0.06485803,0.08148574
2765.00000000,5.02089000,0.08456000,0.42456646,0.06497547,0.08163316
2770.00000000,5.02100000,0.08459000,0.42472639,0.06509294,0.08178062
2775.00000000,5.02061000,0.08458000,0.42464319,0.06521042,0.08192808
2780.00000000,5.02085000,0.08457000,0.42461328,0.06532788,0.08207551
2785.00000000,5.02077000,0.08459000,0.42470693,0.06544535,0.08222300
2790.00000000,5.02147000,0.08459000,0.42476615,0.06556284,0.08237044
2795.00000000,5.01983000,0.08455000,0.42442663,0.06568030,0.08251781
2800.00000000,5.01983000,0.08456000,0.42447682,0.06579774,0.08266518
2805.00000000,5.01948000,0.08456000,0.42444723,0.06591518,0.08281255
2810.00000000,5.01921000,0.08454000,0.42432401,0.06603261,0.08295989
2815.00000000,5.01929000,0.08456000,0.42443116,0.06615004,0.08310730
2820.00000000,5.02038000,0.08458000,0.42462374,0.06626750,0.08325473
2825.00000000,5.02022000,0.08454000,0.42440940,0.06638494,0.08340209
2830.00000000,5.02022000,0.08456000,0.42450980,0.06650238,0.08354949
2835.00000000,5.02014000,0.08454000,0.42440264,0.06661981,0.08369686
2840.00000000,5.02042000,0.08454000,0.42442631,0.06673722,0.08384428
2845.00000000,5.02206000,0.08456000,0.42466539,0.06685465,0.08399171
2850.00000000,5.02128000,0.08457000,0.42464965,0.06697210,0.08413917
2855.00000000,5.02155000,0.08456000,0.42462227,0.06708956,0.08428658
2860.00000000,5.02065000,0.08459000,0.42469678,0.06720702,0.08443407
2865.00000000,5.02175000,0.08458000,0.42473962,0.06732450,0.08458151
2870.00000000,5.02042000,0.08456000,0.42452672,0.06744196,0.08472893
2875.00000000,5.02081000,0.08457000,0.42460990,0.06755941,0.08487637
2880.00000000,5.02093000,0.08459000,0.42472047,0.06767688,0.08502384
2885.00000000,5.02085000,0.08458000,0.42466349,0.06779436,0.08517128
2890.00000000,5.02046000,0.08455000,0.42447989,0.06791181,0.08531870
2895.00000000,5.02139000,0.08455000,0.42455852,0.06802924,0.08546610
2900.00000000,5.02093000,0.08456000,0.42456984,0.06814668,0.08561352
2905.00000000,5.02116000,0.08456000,0.42458929,0.06826413,0.08576096
2910.00000000,5.02143000,0.08454000,0.42451169,0.06838156,0.08590836
2915.00000000,5.02143000,0.08452000,0.42441126,0.06849896,0.08605571
2920.00000000,5.02081000,0.08456000,0.42455969,0.06861638,0.08620314
2925.00000000,5.02132000,0.08454000,0.42450239,0.06873381,0.08635053
2930.00000000,5.02124000,0.08455000,0.42454584,0.06885123,0.08649797
2935.00000000,5.02214000,0.08458000,0.42477260,0.06896868,0.08664545
2940.00000000,5.02175000,0.08456000,0.42463918,0.06908614,0.08679287
2945.00000000,5.02100000,0.08453000,0.42442513,0.06920356,0.08694027
2950.00000000,5.02194000,0.08455000,0.42460503,0.06932098,0.08708767
2955.00000000,5.02093000,0.08452000,0.42436900,0.06943839,0.08723502
2960.00000000,5.02085000,0.08450000,0.42426183,0.06955576,0.08738236
2965.00000000,5.02178000,0.08449000,0.42429019,0.06967312,0.08752968
2970.00000000,5.02171000,0.08450000,0.42433449,0.06979047,0.08767700
2975.00000000,5.02100000,0.08453000,0.42442513,0.06990785,0.08782439
2980.00000000,5.02182000,0.08450000,0.42434379,0.07002524,0.08797176
2985.00000000,5.02257000,0.08454000,0.42460807,0.07014263,0.08811917
2990.00000000,5.02206000,0.08456000,0.42466539,0.07026006,0.08826660
2995.00000000,5.02096000,0.08454000,0.42447196,0.07037749,0.08841398
3000.00000000,5.02093000,0.08455000,0.42451963,0.07049491,0.08856137
3005.00000000,5.02061000,0.08454000,0.42444237,0.07061233,0.08870876
3010.00000000,5.02112000,0.08454000,0.42448548,0.07072975,0.08885614
3015.00000000,5.02069000,0.08453000,0.42439893,0.07084716,0.08900350
3020.00000000,5.02061000,0.08457000,0.42459299,0.07096459,0.08915091
3025.00000000,5.01979000,0.08456000,0.42447344,0.07108204,0.08929834
3030.00000000,5.02128000,0.08459000,0.42475008,0.07119951,0.08944579
3035.00000000,5.02018000,0.08456000,0.42450642,0.07131697,0.08959320
3040.00000000,5.02085000,0.08456000,0.42456308,0.07143442,0.08974062
3045.00000000,5.02073000,0.08455000,0.42450272,0.07155185,0.08988802
3050.00000000,5.02100000,0.08455000,0.42452555,0.07166928,0.09003542
3055.00000000,5.02089000,0.08456000,0.42456646,0.07178672,0.09018283
3060.00000000,5.02042000,0.08456000,0.42452672,0.07190417,0.09033023
3065.00000000,5.02042000,0.08459000,0.42467733,0.07202163,0.09047772
3070.00000000,5.02124000,0.08459000,0.42474669,0.07213912,0.09062520
3075.00000000,5.02124000,0.08457000,0.42464627,0.07225659,0.09077261
3080.00000000,5.02003000,0.08458000,0.42459414,0.07237406,0.09092006
3085.00000000,5.02085000,0.08457000,0.42461328,0.07249152,0.09106746
3090.00000000,5.01979000,0.08456000,0.42447344,0.07260897,0.09121487
3095.00000000,5.02057000,0.08459000,0.42469002,0.07272644,0.09136233
3100.00000000,5.02034000,0.08456000,0.42451995,0.07284390,0.09150971
3105.00000000,5.01956000,0.08455000,0.42440380,0.07296134,0.09165708
3110.00000000,5.01975000,0.08456000,0.42447006,0.07307878,0.09180447
3115.00000000,5.01987000,0.08454000,0.42437981,0.07319621,0.09195182
3120.00000000,5.01995000,0.08458000,0.42458737,0.07331365,0.09209922
3125.00000000,5.01913000,0.08457000,0.42446782,0.07343112,0.09224664
3130.00000000,5.02007000,0.08459000,0.42464772,0.07354859,0.09239407
3135.00000000,5.01971000,0.08459000,0.42461727,0.07366608,0.09254153
3140.00000000,5.02046000,0.08459000,0.42468071,0.07378356,0.09268899
3145.00000000,5.02046000,0.08458000,0.42463051,0.07390104,0.09283641
3150.00000000,5.01971000,0.08456000,0.42446668,0.07401850,0.09298379
3155.00000000,5.01971000,0.08459000,0.42461727,0.07413597,0.09313124
3160.00000000,5.02014000,0.08456000,0.42450304,0.07425343,0.09327865
3165.00000000,5.02057000,0.08461000,0.42479043,0.07437091,0.09342614
3170.00000000,5.02022000,0.08457000,0.42456001,0.07448840,0.09357355
3175.00000000,5.02011000,0.08456000,0.42450050,0.07460585,0.09372097
3180.00000000,5.02073000,0.08454000,0.42445251,0.07472328,0.09386837
3185.00000000,5.02167000,0.08456000,0.42463242,0.07484071,0.09401579
3190.00000000,5.02069000,0.08455000,0.42449934,0.07495815,0.09416317
3195.00000000,5.02022000,0.08456000,0.42450980,0.07507558,0.09431055
3200.00000000,5.01968000,0.08454000,0.42436375,0.07519301,0.09445794
3205.00000000,5.02089000,0.08459000,0.42471709,0.07531047,0.09460539
3210.00000000,5.02034000,0.08458000,0.42462036,0.07542794,0.09475284
3215.00000000,5.02065000,0.08459000,0.42469678,0.07554542,0.09490029
3220.00000000,5.02034000,0.08461000,0.42477097,0.07566292,0.09504779
3225.00000000,5.02061000,0.08458000,0.42464319,0.07578042,0.09519527
3230.00000000,5.02186000,0.08461000,0.42489957,0.07589791,0.09534280
3235.00000000,5.02175000,0.08462000,0.42494048,0.07601543,0.09549037
3240.00000000,5.02245000,0.08461000,0.42494949,0.07613295,0.09563788
3245.00000000,5.02073000,0.08459000,0.42470355,0.07625045,0.09578535
3250.00000000,5.02096000,0.08462000,0.42487364,0.07636796,0.09593289
3255.00000000,5.02135000,0.08462000,0.42490664,0.07648549,0.09608040
3260.00000000,5.02053000,0.08463000,0.42488745,0.07660302,0.09622792
3265.00000000,5.02014000,0.08461000,0.42475405,0.07672055,0.09637539
3270.00000000,5.01964000,0.08459000,0.42461135,0.07683805,0.09652286
3275.00000000,5.02081000,0.08462000,0.42486094,0.07695556,0.09667034
3280.00000000,5.01956000,0.08460000,0.42465478,0.07707307,0.09681780
3285.00000000,5.02007000,0.08462000,0.42479832,0.07719058,0.09696530
3290.00000000,5.01995000,0.08462000,0.42478817,0.07730811,0.09711279
3295.00000000,5.01968000,0.08463000,0.42481552,0.07742565,0.09726030
3300.00000000,5.01987000,0.08463000,0.42483160,0.07754319,0.09740780
3305.00000000,5.01968000,0.08463000,0.42481552,0.07766073,0.09755533
3310.00000000,5.02022000,0.08462000,0.42481102,0.07777826,0.09770282
3315.00000000,5.01995000,0.08461000,0.42473797,0.07789578,0.09785030
3320.00000000,5.01995000,0.08461000,0.42473797,0.07801330,0.09799779
3325.00000000,5.02022000,0.08462000,0.42481102,0.07813082,0.09814525
3330.00000000,5.01897000,0.08461000,0.42465505,0.07824834,0.09829273
3335.00000000,5.01999000,0.08459000,0.42464095,0.07836584,0.09844018
3340.00000000,5.01991000,0.08462000,0.42478478,0.07848335,0.09858765
3345.00000000,5.01932000,0.08461000,0.42468467,0.07860087,0.09873516
3350.00000000,5.02100000,0.08462000,0.42487702,0.07871839,0.09888268
3355.00000000,5.02053000,0.08460000,0.42473684,0.07883590,0.09903012
3360.00000000,5.01948000,0.08459000,0.42459781,0.07895340,0.09917755
3365.00000000,5.01936000,0.08461000,0.42468805,0.07907090,0.09932504
3370.00000000,5.02034000,0.08459000,0.42467056,0.07918840,0.09947247
3375.00000000,5.01948000,0.08459000,0.42459781,0.07930588,0.09961992
3380.00000000,5.02038000,0.08457000,0.42457354,0.07942335,0.09976734
3385.00000000,5.02030000,0.08462000,0.42481779,0.07954085,0.09991487
3390.00000000,5.02093000,0.08459000,0.42472047,0.07965835,0.10006234
3395.00000000,5.02077000,0.08460000,0.42475714,0.07977585,0.10020979
3400.00000000,5.01987000,0.08458000,0.42458060,0.07989333,0.10035719
3405.00000000,5.01897000,0.08461000,0.42465505,0.08001083,0.10050465
3410.00000000,5.01932000,0.08460000,0.42463447,0.08012833,0.10065208
3415.00000000,5.01893000,0.08460000,0.42460148,0.08024583,0.10079952
3420.00000000,5.01917000,0.08458000,0.42452140,0.08036332,0.10094694
3425.00000000,5.01983000,0.08457000,0.42452702,0.08048078,0.10109435
3430.00000000,5.01983000,0.08456000,0.42447682,0.08059824,0.10124173
3435.00000000,5.01971000,0.08457000,0.42451687,0.08071569,0.10138915
3440.00000000,5.02030000,0.08457000,0.42456677,0.08083315,0.10153656
3445.00000000,5.01999000,0.08455000,0.42444015,0.08095059,0.10168395
3450.00000000,5.02038000,0.08456000,0.42452333,0.08106803,0.10183136
3455.00000000,5.02065000,0.08458000,0.42464658,0.08118549,0.10197881
3460.00000000,5.02057000,0.08456000,0.42453940,0.08130294,0.10212624
3465.00000000,5.02139000,0.08456000,0.42460874,0.08142039,0.10227367
3470.00000000,5.02116000,0.08457000,0.42463950,0.08153784,0.10242109
3475.00000000,5.02046000,0.08458000,0.42463051,0.08165531,0.10256854
3480.00000000,5.02069000,0.08458000,0.42464996,0.08177278,0.10271599
3485.00000000,5.02085000,0.08459000,0.42471370,0.08189026,0.10286345
3490.00000000,5.02046000,0.08460000,0.42473092,0.08200775,0.10301095
3495.00000000,5.02124000,0.08461000,0.42484712,0.08212526,0.10315843
3500.00000000,5.01995000,0.08459000,0.42463757,0.08224276,0.10330589
3505.00000000,5.02053000,0.08460000,0.42473684,0.08236025,0.10345337
3510.00000000,5.02061000,0.08463000,0.42489422,0.08247777,0.10360091
3515.00000000,5.02089000,0.08459000,0.42471709,0.08259528,0.10374838
3520.00000000,5.02077000,0.08460000,0.42475714,0.08271278,0.10389587
3525.00000000,5.02120000,0.08458000,0.42469310,0.08283026,0.10404335
3530.00000000,5.02178000,0.08459000,0.42479237,0.08294774,0.10419084
3535.00000000,5.02135000,0.08459000,0.42475600,0.08306523,0.10433831
3540.00000000,5.02104000,0.08458000,0.42467956,0.08318271,0.10448577
3545.00000000,5.02108000,0.08459000,0.42473316,0.08330019,0.10463327
3550.00000000,5.02167000,0.08459000,0.42478307,0.08341767,0.10478072
3555.00000000,5.02026000,0.08455000,0.42446298,0.08353513,0.10492811
3560.00000000,5.02034000,0.08458000,0.42462036,0.08365258,0.10507554
3565.00000000,5.02034000,0.08456000,0.42451995,0.08377004,0.10522295
3570.00000000,5.02065000,0.08459000,0.42469678,0.08388751,0.10537048
3575.00000000,5.02284000,0.05512000,0.27685894,0.08398453,0.10546662
3580.00000000,5.02288000,0.05505000,0.27650954,0.08406103,0.10556263
3585.00000000,5.02307000,0.05497000,0.27611816,0.08413744,0.10565851
3590.00000000,5.02362000,0.05495000,0.27604792,0.08421377,0.10575434
3595.00000000,5.02245000,0.05489000,0.27568228,0.08429005,0.10585009
3600.00000000,5.02354000,0.05489000,0.27574211,0.08436628,0.10594583
3605.00000000,5.02339000,0.05485000,0.27553294,0.08444249,0.10604149
3610.00000000,5.02299000,0.05480000,0.27525985,0.08451864,0.10613708
3615.00000000,5.02381000,0.05477000,0.27515407,0.08459473,0.10623263
3620.00000000,5.02440000,0.05474000,0.27503566,0.08467078,0.10632810
3625.00000000,5.02296000,0.05472000,0.27485637,0.08474679,0.10642354
3630.00000000,5.02292000,0.05470000,0.27475372,0.08482278,0.10651894
3635.00000000,5.02272000,0.05468000,0.27464233,0.08489874,0.10661431
3640.00000000,5.02327000,0.05463000,0.27442124,0.08497465,0.10670957
3645.00000000,5.02186000,0.05463000,0.27434421,0.08505052,0.10680485
3650.00000000,5.02296000,0.05459000,0.27420339,0.08512637,0.10690006
3655.00000000,5.02296000,0.05462000,0.27435408,0.08520221,0.10699533
3660.00000000,5.02339000,0.05458000,0.27417663,0.08527804,0.10709052
3665.00000000,5.02315000,0.05457000,0.27411330,0.08535384,0.10718570
3670.00000000,5.02323000,0.05455000,0.27401720,0.08542962,0.10728085
3675.00000000,5.02339000,0.05451000,0.27382499,0.08550535,0.10737594
3680.00000000,5.02401000,0.05455000,0.27405975,0.08558109,0.10747107
3685.00000000,5.02260000,0.05449000,0.27368147,0.08565681,0.10756614
3690.00000000,5.02452000,0.05451000,0.27388659,0.08573251,0.10766122
3695.00000000,5.02346000,0.05449000,0.27372834,0.08580820,0.10775626
3700.00000000,5.02350000,0.05447000,0.27363004,0.08588387,0.10785126
3705.00000000,5.02272000,0.05445000,0.27348710,0.08595951,0.10794622
3710.00000000,5.02268000,0.05443000,0.27338447,0.08603512,0.10804113
3715.00000000,5.02206000,0.05441000,0.27325028,0.08611070,0.10813603
3720.00000000,5.02331000,0.05439000,0.27321783,0.08618626,0.10823092
3725.00000000,5.02424000,0.05439000,0.27326841,0.08626180,0.10832579
3730.00000000,5.02335000,0.05437000,0.27311954,0.08633733,0.10842061
3735.00000000,5.02307000,0.05436000,0.27305409,0.08641283,0.10851541
3740.00000000,5.02225000,0.05432000,0.27280862,0.08648831,0.10861014
3745.00000000,5.02264000,0.05435000,0.27298048,0.08656377,0.10870495
3750.00000000,5.02393000,0.05432000,0.27289988,0.08663924,0.10879971
3755.00000000,5.02385000,0.05432000,0.27289553,0.08671468,0.10889448
3760.00000000,5.02460000,0.05429000,0.27278553,0.08679010,0.10898918
3765.00000000,5.02413000,0.05430000,0.27281026,0.08686551,0.10908390
3770.00000000,5.02381000,0.05431000,0.27284312,0.08694094,0.10917863
3775.00000000,5.02350000,0.05426000,0.27257511,0.08701633,0.10927327
3780.00000000,5.02323000,0.05427000,0.27261069,0.08709170,0.10936795
3785.00000000,5.02424000,0.05425000,0.27256502,0.08716706,0.10946259
3790.00000000,5.02444000,0.05426000,0.27262611,0.08724242,0.10955723
3795.00000000,5.02311000,0.05424000,0.27245349,0.08731776,0.10965183
3800.00000000,5.02288000,0.05424000,0.27244101,0.08739310,0.10974643
