# 0.2 sps, start/stop: 50/0 mA (5 s), channels: 5,,,
# V min: 5.01893, V max: 5.0246,,,,
# I min: 0.05424, I max: 0.08465,,,,
# P min: 0.27244101119999997, P max: 0.425093677,,,,
Time,Voltage,Current,Power,Capacity,Energy
0,5.02198,0.08401,0.42189654,0.00005834,0.00014646
5,5.02089,0.08399,0.42170455,0.00017501,0.00029292
10,5.02202,0.084,0.42184968,0.00029167,0.0004394
15,5.02229,0.08402,0.42197281,0.00040835,0.0005859
20,5.02159,0.08403,0.42196421,0.00052505,0.00073241
25,5.02143,0.08403,0.42195076,0.00064176,0.0008789
30,5.02085,0.08407,0.42210286,0.00075849,0.00102546
35,5.02061,0.08407,0.42208268,0.00087526,0.001172
40,5.02007,0.0841,0.42218789,0.00099204,0.00131862
45,5.02081,0.08409,0.42219991,0.00110884,0.00146519
50,5.02007,0.08413,0.42233849,0.00122566,0.00161183
55,5.01991,0.08414,0.42237523,0.00134251,0.00175851
60,5.02061,0.08418,0.42263495,0.0014594,0.00190527
65,5.02096,0.08414,0.42246357,0.00157629,0.00205193
70,5.01995,0.08417,0.42252919,0.00169317,0.00219868
75,5.02116,0.08419,0.42273146,0.00181009,0.00234543
80,5.02022,0.08421,0.42275273,0.00192703,0.00249226
85,5.02147,0.08421,0.42285799,0.00204399,0.00263902
90,5.0194,0.08424,0.42283426,0.00216097,0.00278586
95,5.02018,0.08422,0.42279956,0.00227796,0.00293267
100,5.02038,0.08424,0.42291681,0.00239494,0.00307949
105,5.01948,0.08425,0.42289119,0.00251195,0.00322634
110,5.01995,0.08429,0.42313159,0.00262899,0.00337327
115,5.02003,0.08428,0.42308813,0.00274606,0.00352016
120,5.01968,0.08431,0.42320922,0.00286313,0.00366714
125,5.02061,0.0843,0.42323742,0.00298022,0.00381409
130,5.02057,0.08435,0.42348508,0.00309734,0.00396115
135,5.02112,0.08435,0.42353147,0.00321449,0.00410819
140,5.0205,0.08435,0.42347917,0.00333165,0.00425524
145,5.02057,0.08436,0.42353529,0.00344881,0.00440231
150,5.02085,0.0844,0.42375974,0.003566,0.00454945
155,5.02116,0.08434,0.42348463,0.00368318,0.0046965
160,5.02132,0.08437,0.42364877,0.00380034,0.00484359
165,5.02096,0.08441,0.42381923,0.00391755,0.00499077
170,5.02171,0.08435,0.42358124,0.00403474,0.00513781
175,5.02034,0.0844,0.4237167,0.00415193,0.00528493
180,5.02018,0.08438,0.42360279,0.00426914,0.00543204
185,5.02104,0.08438,0.42367536,0.00438633,0.00557916
190,5.02143,0.0844,0.42380869,0.00450354,0.00572629
195,5.02065,0.08442,0.42384327,0.00462078,0.00587344
200,5.02003,0.08441,0.42374073,0.00473802,0.00602061
205,5.02139,0.08443,0.42395596,0.00485527,0.00616782
210,5.02135,0.08442,0.42390237,0.00497253,0.00631498
215,5.02057,0.08442,0.42383652,0.00508978,0.00646216
220,5.02077,0.08442,0.4238534,0.00520703,0.00660935
225,5.02139,0.08444,0.42400617,0.00532429,0.00675656
230,5.021,0.08443,0.42392303,0.00544156,0.00690376
235,5.02132,0.08448,0.42420111,0.00555886,0.00705105
240,5.02116,0.08445,0.42403696,0.00567617,0.00719825
245,5.01991,0.08446,0.4239816,0.00579347,0.00734551
250,5.02128,0.08446,0.42409731,0.00591078,0.00749276
255,5.0212,0.08445,0.42404034,0.00602808,0.00764
260,5.02132,0.08446,0.42410069,0.00614538,0.00778723
265,5.02042,0.08445,0.42397447,0.00626267,0.00793446
270,5.02096,0.08443,0.42391965,0.00637995,0.00808167
275,5.02151,0.08446,0.42411673,0.00649724,0.00822892
280,5.02128,0.08444,0.42399688,0.00661453,0.00837614
285,5.02116,0.08446,0.42408717,0.00673182,0.00852339
290,5.02093,0.08449,0.42421838,0.00684915,0.00867067
295,5.02022,0.08447,0.42405798,0.00696648,0.00881789
300,5.01952,0.08449,0.42409924,0.00708381,0.00896516
305,5.02007,0.08445,0.42394491,0.00720113,0.00911237
310,5.02038,0.08447,0.4240715,0.00731844,0.00925963
315,5.02077,0.08444,0.42395382,0.00743574,0.00940681
320,5.01979,0.08443,0.42382087,0.00755301,0.00955399
325,5.02061,0.08444,0.42394031,0.00767028,0.00970119
330,5.02042,0.08445,0.42397447,0.00778756,0.00984841
335,5.02073,0.08442,0.42385003,0.00790483,0.00999559
340,5.02096,0.08443,0.42391965,0.00802209,0.01014279
345,5.02124,0.08444,0.42399351,0.00813936,0.01028998
350,5.02034,0.08442,0.4238171,0.00825663,0.01043713
355,5.02003,0.08443,0.42384113,0.00837388,0.01058434
360,5.02139,0.08443,0.42395596,0.00849115,0.01073154
365,5.02124,0.08444,0.42399351,0.00860842,0.01087875
370,5.02073,0.08443,0.42390023,0.00872569,0.01102592
375,5.02034,0.08444,0.42391751,0.00884296,0.01117312
380,5.02053,0.08445,0.42398376,0.00896024,0.01132035
385,5.02085,0.08444,0.42396057,0.00907753,0.01146754
390,5.02026,0.08445,0.42396096,0.00919481,0.01161476
395,5.02057,0.08441,0.42378631,0.00931208,0.01176191
400,5.02073,0.08445,0.42400065,0.00942934,0.01190913
405,5.02057,0.08446,0.42403734,0.00954664,0.01205635
410,5.02018,0.08448,0.42410481,0.00966396,0.0122036
415,5.01975,0.08444,0.42386769,0.00978126,0.01235078
420,5.01999,0.08446,0.42398836,0.00989856,0.01249805
425,5.02155,0.08443,0.42396947,0.01001584,0.01264525
430,5.02132,0.08446,0.42410069,0.01013312,0.01279252
435,5.02159,0.08442,0.42392263,0.0102504,0.01293973
440,5.02229,0.08445,0.42413239,0.01036767,0.01308695
445,5.02069,0.08442,0.42384665,0.01048494,0.01323414
450,5.02116,0.08443,0.42393654,0.0106022,0.01338131
455,5.0203,0.08442,0.42381373,0.01071946,0.01352849
460,5.02112,0.08443,0.42393316,0.01083672,0.0136757
465,5.02139,0.08447,0.42415681,0.01095401,0.01382296
470,5.02096,0.08438,0.4236686,0.01107126,0.01397006
475,5.02077,0.08443,0.42390361,0.01118849,0.01411725
480,5.02073,0.08443,0.42390023,0.01130576,0.01426445
485,5.02104,0.08445,0.42402683,0.01142303,0.01441167
490,5.02065,0.08443,0.42389348,0.01154031,0.01455885
495,5.0205,0.08443,0.42388082,0.01165758,0.01470606
500,5.02163,0.0844,0.42382557,0.01177482,0.01485321
505,5.0212,0.08444,0.42399013,0.01189207,0.01500045
510,5.02186,0.08447,0.42419651,0.01200937,0.01514771
515,5.02081,0.08442,0.42385678,0.01212665,0.0152949
520,5.02143,0.08443,0.42395933,0.01224391,0.01544211
525,5.02139,0.08442,0.42390574,0.01236117,0.01558927
530,5.02061,0.08442,0.4238399,0.01247842,0.01573647
535,5.02147,0.08443,0.42396271,0.01259567,0.01588368
540,5.02171,0.08444,0.42403319,0.01271294,0.01603088
545,5.02061,0.08444,0.42394031,0.01283022,0.01617809
550,5.02089,0.08447,0.42411458,0.01294752,0.01632537
555,5.02139,0.08446,0.4241066,0.01306483,0.01647263
560,5.02155,0.08445,0.4240699,0.01318213,0.01661985
565,5.02061,0.08449,0.42419134,0.01329945,0.01676718
570,5.02198,0.08447,0.42420665,0.01341678,0.0169145
575,5.02264,0.08451,0.42446331,0.01353413,0.01706191
580,5.02378,0.0845,0.42450941,0.0136515,0.01720929
585,5.02292,0.08449,0.42438651,0.01376885,0.01735662
590,5.02198,0.08449,0.42430709,0.0138862,0.01750393
595,5.02147,0.08447,0.42416357,0.01400353,0.01765119
600,5.02069,0.08449,0.4241981,0.01412087,0.01779848
605,5.02085,0.08447,0.4241112,0.0142382,0.01794576
610,5.02147,0.08447,0.42416357,0.01435552,0.01809305
615,5.02178,0.08445,0.42408932,0.01447283,0.01824032
620,5.02241,0.08445,0.42414252,0.01459012,0.01838757
625,5.02171,0.08442,0.42393276,0.01470739,0.0185348
630,5.02264,0.08445,0.42416195,0.01482466,0.01868207
635,5.02233,0.08443,0.42403532,0.01494194,0.01882929
640,5.02198,0.08445,0.42410621,0.01505922,0.01897655
645,5.02202,0.08443,0.42400915,0.01517649,0.01912375
650,5.02128,0.08442,0.42389646,0.01529375,0.01927092
655,5.02069,0.08446,0.42404748,0.01541103,0.01941818
660,5.02124,0.08443,0.42394329,0.01552831,0.01956539
665,5.02171,0.08445,0.42408341,0.01564559,0.01971261
670,5.02046,0.08444,0.42392764,0.01576288,0.01985982
675,5.02077,0.08445,0.42400403,0.01588016,0.02000702
680,5.02026,0.08444,0.42391075,0.01599744,0.02015424
685,5.02096,0.08443,0.42391965,0.01611472,0.02030144
690,5.02132,0.08445,0.42405047,0.01623199,0.02044868
695,5.02147,0.08446,0.42411336,0.01634929,0.02059591
700,5.02022,0.08445,0.42395758,0.01646659,0.02074313
705,5.02073,0.08449,0.42420148,0.01658391,0.02089046
710,5.02182,0.08451,0.42439401,0.01670127,0.02103781
715,5.02175,0.08445,0.42408679,0.0168186,0.02118505
720,5.02112,0.08446,0.4240838,0.0169359,0.02133231
725,5.02163,0.08444,0.42402644,0.01705319,0.02147957
730,5.02249,0.08446,0.42419951,0.01717049,0.02162686
735,5.02241,0.08448,0.4242932,0.01728781,0.0217742
740,5.02292,0.08449,0.42438651,0.01740515,0.02192151
745,5.02139,0.08449,0.42425724,0.01752249,0.02206882
750,5.02143,0.08445,0.42405976,0.01763981,0.02221608
755,5.02198,0.08446,0.42415643,0.01775711,0.02236335
760,5.02171,0.08445,0.42408341,0.01787441,0.02251064
765,5.02288,0.08446,0.42423244,0.01799171,0.02265792
770,5.02214,0.08442,0.42396906,0.01810899,0.02280515
775,5.02276,0.08443,0.42407163,0.01822624,0.02295238
780,5.02233,0.08444,0.42408555,0.01834351,0.02309963
785,5.02229,0.08442,0.42398172,0.01846078,0.02324684
790,5.02198,0.08443,0.42400577,0.01857803,0.02339407
795,5.02214,0.08444,0.4240695,0.01869531,0.02354131
800,5.02214,0.08444,0.4240695,0.01881258,0.02368855
805,5.02167,0.08444,0.42402981,0.01892986,0.02383581
810,5.02288,0.08445,0.42418222,0.01904715,0.02398306
815,5.02167,0.08443,0.4239796,0.01916442,0.02413029
820,5.02186,0.08448,0.42424673,0.01928172,0.02427759
825,5.02163,0.08445,0.42407665,0.01939903,0.02442485
830,5.02198,0.08444,0.42405599,0.01951632,0.02457208
835,5.02167,0.08449,0.4242809,0.01963363,0.02471944
840,5.02296,0.08448,0.42433966,0.01975097,0.02486675
845,5.02217,0.08448,0.42427292,0.01986831,0.02501408
850,5.02268,0.08448,0.42431601,0.01998564,0.02516139
855,5.02178,0.08449,0.42429019,0.02010298,0.02530868
860,5.02053,0.08448,0.42413437,0.02022032,0.02545596
865,5.02104,0.08451,0.42432809,0.02033767,0.02560331
870,5.02163,0.08454,0.4245286,0.02045507,0.02575071
875,5.02132,0.08452,0.42440197,0.02057247,0.02589808
880,5.02147,0.08456,0.4246155,0.02068989,0.02604552
885,5.02167,0.08456,0.42463242,0.02080733,0.02619296
890,5.02167,0.08455,0.4245822,0.02092477,0.02634039
895,5.02186,0.08452,0.42444761,0.02104218,0.02648773
900,5.02073,0.08454,0.42445251,0.02115958,0.02663516
905,5.02217,0.08451,0.42442359,0.02127698,0.02678252
910,5.02186,0.08452,0.42444761,0.02139436,0.02692992
915,5.0226,0.08454,0.4246106,0.02151176,0.02707734
920,5.0221,0.08453,0.42451811,0.02162917,0.02722474
925,5.02206,0.08455,0.42461517,0.02174659,0.02737217
930,5.02186,0.08452,0.42444761,0.021864,0.02751956
935,5.02249,0.08455,0.42465153,0.02198141,0.02766698
940,5.02135,0.08453,0.42445472,0.02209883,0.02781433
945,5.02057,0.08455,0.42448919,0.02221624,0.02796173
950,5.02073,0.08456,0.42455293,0.02233368,0.02810917
955,5.02151,0.08458,0.42471932,0.02245114,0.02825662
960,5.02096,0.08455,0.42452217,0.02256859,0.02840401
965,5.02018,0.08455,0.42445622,0.02268602,0.0285514
970,5.02073,0.08453,0.42440231,0.02280344,0.02869877
975,5.02089,0.08455,0.42451625,0.02292085,0.02884618
980,5.02128,0.08455,0.42454922,0.02303828,0.0289936
985,5.02151,0.08457,0.4246691,0.02315573,0.02914106
990,5.02167,0.08456,0.42463242,0.02327318,0.0292885
995,5.02159,0.08456,0.42462565,0.02339062,0.02943593
1000,5.02116,0.08454,0.42448887,0.02350806,0.02958333
1005,5.02147,0.08455,0.42456529,0.02362548,0.02973077
1010,5.02225,0.08456,0.42468146,0.02374292,0.02987827
1015,5.02362,0.08458,0.42489778,0.02386037,0.03002575
1020,5.02194,0.08458,0.42475569,0.02397785,0.03017319
1025,5.02038,0.0846,0.42472415,0.02409533,0.03032069
1030,5.02116,0.08458,0.42468971,0.02421282,0.03046817
1035,5.02178,0.08462,0.42494302,0.02433032,0.03061571
1040,5.02147,0.0846,0.42481636,0.02444783,0.03076322
1045,5.02182,0.08461,0.42489619,0.02456534,0.03091075
1050,5.02155,0.08459,0.42477291,0.02468284,0.03105825
1055,5.02198,0.08457,0.42470885,0.02480031,0.03120574
1060,5.02276,0.08459,0.42487527,0.02491778,0.03135325
1065,5.02198,0.08458,0.42475907,0.02503526,0.03150079
1070,5.02378,0.08456,0.42481084,0.02515272,0.03164824
1075,5.02198,0.08458,0.42475907,0.02527018,0.03179573
1080,5.0221,0.08454,0.42456833,0.02538763,0.03194317
1085,5.02307,0.08456,0.4247508,0.02550506,0.03209064
1090,5.02237,0.08457,0.42474183,0.02562251,0.03223809
1095,5.02135,0.08458,0.42470578,0.02573997,0.03238555
1100,5.02132,0.08457,0.42465303,0.02585744,0.03253301
1105,5.02147,0.08459,0.42476615,0.02597491,0.0326805
1110,5.02151,0.08459,0.42476953,0.0260924,0.03282798
1115,5.02147,0.0846,0.42481636,0.02620989,0.03297549
1120,5.02151,0.08459,0.42476953,0.02632738,0.033123
1125,5.02206,0.08459,0.42481606,0.02644487,0.0332705
1130,5.0221,0.08458,0.42476922,0.02656235,0.03341799
1135,5.02186,0.08459,0.42479914,0.02667983,0.03356547
1140,5.02143,0.08459,0.42476276,0.02679731,0.03371297
1145,5.02194,0.08462,0.42495656,0.02691482,0.03386051
1150,5.02124,0.08459,0.42474669,0.02703233,0.03400799
1155,5.02112,0.08463,0.42493739,0.02714984,0.03415553
1160,5.021,0.08461,0.42482681,0.02726737,0.03430308
1165,5.02233,0.08463,0.42503979,0.0273849,0.03445063
1170,5.02112,0.08461,0.42483696,0.02750242,0.03459813
1175,5.02096,0.08462,0.42487364,0.02761994,0.03474568
1180,5.02159,0.08464,0.42502738,0.02773749,0.03489328
1185,5.02221,0.08461,0.42492919,0.02785502,0.03504079
1190,5.02112,0.08462,0.42488717,0.02797254,0.03518832
1195,5.02112,0.0846,0.42478675,0.02809006,0.0353358
1200,5.02073,0.0846,0.42475376,0.02820756,0.0354833
1205,5.02116,0.08459,0.42473992,0.02832505,0.03563078
1210,5.02108,0.08463,0.424934,0.02844256,0.03577831
1215,5.02057,0.0846,0.42474022,0.02856008,0.03592582
1220,5.02167,0.0846,0.42483328,0.02867758,0.03607333
1225,5.02175,0.08461,0.42489027,0.02879509,0.03622081
1230,5.01995,0.08461,0.42473797,0.0289126,0.0363683
1235,5.02022,0.08461,0.42476081,0.02903012,0.03651579
1240,5.02026,0.0846,0.424714,0.02914763,0.03666326
1245,5.02042,0.08456,0.42452672,0.0292651,0.03681067
1250,5.02065,0.0846,0.42474699,0.02938257,0.03695819
1255,5.02178,0.08465,0.42509368,0.0295001,0.03710577
1260,5.0212,0.08463,0.42494416,0.02961766,0.03725332
1265,5.02116,0.0846,0.42479014,0.02973518,0.03740081
1270,5.02096,0.08463,0.42492384,0.0298527,0.03754837
1275,5.02155,0.0846,0.42482313,0.02997022,0.03769589
1280,5.02171,0.08462,0.4249371,0.03008774,0.03784342
1285,5.0212,0.08463,0.42494416,0.03020527,0.03799097
1290,5.02116,0.08465,0.42504119,0.03032283,0.03813857
1295,5.02182,0.08461,0.42489619,0.03044037,0.03828606
1300,5.0203,0.0846,0.42471738,0.03055788,0.03843353
1305,5.02018,0.08459,0.42465703,0.03067537,0.03858098
1310,5.02014,0.0846,0.42470384,0.03079286,0.03872845
1315,5.02057,0.08459,0.42469002,0.03091035,0.03887593
1320,5.02093,0.08459,0.42472047,0.03102784,0.03902343
1325,5.0219,0.08459,0.42480252,0.03114533,0.03917094
1330,5.02214,0.0846,0.42487304,0.03126282,0.03931847
1335,5.02257,0.08462,0.42500987,0.03138033,0.03946601
1340,5.02124,0.08462,0.42489733,0.03149786,0.03961352
1345,5.02057,0.08463,0.42489084,0.0316154,0.03976104
1350,5.02026,0.08462,0.4248144,0.03173293,0.03990854
1355,5.01995,0.08462,0.42478817,0.03185046,0.04005602
1360,5.01952,0.08461,0.42470159,0.03196798,0.04020351
1365,5.0203,0.08459,0.42466718,0.03208548,0.04035097
1370,5.02046,0.08463,0.42488153,0.03220299,0.04049851
1375,5.02069,0.08463,0.42490099,0.03232053,0.04064602
1380,5.01983,0.08457,0.42452702,0.03243803,0.04079346
1385,5.02108,0.08465,0.42503442,0.03255555,0.04094106
1390,5.02182,0.0846,0.42484597,0.03267308,0.04108857
1395,5.02151,0.08459,0.42476953,0.03279058,0.04123602
1400,5.02018,0.08461,0.42475743,0.03290808,0.04138356
1405,5.02214,0.08459,0.42482282,0.03302558,0.04153106
1410,5.02175,0.08462,0.42494048,0.03314308,0.04167863
1415,5.02249,0.08461,0.42495288,0.0332606,0.04182614
1420,5.02108,0.08459,0.42473316,0.0333781,0.04197361
1425,5.02073,0.08462,0.42485417,0.03349561,0.04212113
1430,5.02096,0.08459,0.42472301,0.03361312,0.04226859
1435,5.02034,0.08459,0.42467056,0.0337306,0.04241606
1440,5.02108,0.08456,0.42458252,0.03384807,0.04256347
1445,5.02034,0.08457,0.42457015,0.03396552,0.04271091
1450,5.021,0.08456,0.42457576,0.03408297,0.04285838
1455,5.02272,0.08457,0.42477143,0.03420042,0.04300582
1460,5.0212,0.08459,0.42474331,0.0343179,0.04315332
1465,5.02163,0.0846,0.4248299,0.03443539,0.04330084
1470,5.02194,0.08457,0.42470547,0.03455287,0.04344829
1475,5.02151,0.08459,0.42476953,0.03467034,0.04359577
1480,5.02104,0.0846,0.42477998,0.03478783,0.04374326
1485,5.02112,0.08458,0.42468633,0.03490532,0.04389073
1490,5.02139,0.08457,0.42465895,0.03502278,0.04403821
1495,5.02225,0.0846,0.42488235,0.03514026,0.04418572
1500,5.02163,0.08459,0.42477968,0.03525776,0.0443332
1505,5.02124,0.08461,0.42484712,0.03537526,0.04448072
1510,5.02143,0.08459,0.42476276,0.03549276,0.04462825
1515,5.02276,0.08459,0.42487527,0.03561024,0.04477575
1520,5.02214,0.08456,0.42467216,0.03572771,0.04492318
1525,5.02124,0.08458,0.42469648,0.03584517,0.04507064
1530,5.02085,0.08458,0.42466349,0.03596264,0.04521809
1535,5.02093,0.08459,0.42472047,0.03608012,0.04536552
1540,5.01936,0.0846,0.42463786,0.03619761,0.04551299
1545,5.02022,0.0846,0.42471061,0.03631511,0.04566043
1550,5.01921,0.08461,0.42467536,0.03643262,0.04580791
1555,5.02018,0.08459,0.42465703,0.03655012,0.04595537
1560,5.02046,0.08458,0.42463051,0.0366676,0.04610279
1565,5.01964,0.08458,0.42456115,0.03678507,0.04625021
1570,5.01999,0.0846,0.42469115,0.03690256,0.04639771
1575,5.02124,0.08458,0.42469648,0.03702004,0.04654515
1580,5.02022,0.08459,0.42466041,0.03713752,0.04669259
1585,5.02007,0.08459,0.42464772,0.03725501,0.04684007
1590,5.02104,0.08459,0.42472977,0.03737249,0.04698755
1595,5.02135,0.08457,0.42465557,0.03748997,0.04713503
1600,5.02214,0.08459,0.42482282,0.03760744,0.04728249
1605,5.02077,0.08458,0.42465673,0.03772492,0.04742996
1610,5.02139,0.08461,0.42485981,0.03784241,0.04757749
1615,5.02163,0.0846,0.4248299,0.03795992,0.047725
1620,5.02171,0.0846,0.42483667,0.03807742,0.04787251
1625,5.02143,0.08461,0.42486319,0.03819492,0.04802003
1630,5.02147,0.08462,0.42491679,0.03831244,0.04816755
1635,5.02061,0.08462,0.42484402,0.03842997,0.04831505
1640,5.02026,0.0846,0.424714,0.03854749,0.04846253
1645,5.02046,0.08463,0.42488153,0.03866501,0.04861009
1650,5.02159,0.08459,0.4247763,0.03878252,0.04875758
1655,5.02139,0.08462,0.42491002,0.03890003,0.04890509
1660,5.02057,0.0846,0.42474022,0.03901754,0.04905254
1665,5.01975,0.08459,0.42462065,0.03913503,0.04919999
1670,5.01987,0.0846,0.424681,0.03925253,0.04934749
1675,5.02128,0.08457,0.42464965,0.03937001,0.04949491
1680,5.0205,0.08461,0.42478451,0.03948749,0.04964241
1685,5.02053,0.08459,0.42468663,0.03960499,0.04978989
1690,5.02124,0.08456,0.42459605,0.03972246,0.04993731
1695,5.021,0.08459,0.42472639,0.03983992,0.05008479
1700,5.02124,0.08456,0.42459605,0.03995739,0.05023221
1705,5.02104,0.08455,0.42452893,0.04007483,0.05037959
1710,5.02003,0.08452,0.42429294,0.04019224,0.05052693
1715,5.02061,0.08451,0.42429175,0.04030962,0.05067426
1720,5.02077,0.08449,0.42420486,0.04042698,0.05082153
1725,5.01987,0.08447,0.42402842,0.04054431,0.05096879
1730,5.021,0.08446,0.42407366,0.04066162,0.05111602
1735,5.02038,0.08449,0.42417191,0.04077895,0.05126328
1740,5.01956,0.08449,0.42410262,0.0408963,0.05141058
1745,5.02085,0.08451,0.42431203,0.04101366,0.0515579
1750,5.02057,0.08452,0.42433858,0.04113104,0.05170524
1755,5.0205,0.08455,0.42448327,0.04124845,0.05185263
1760,5.02065,0.08453,0.42439554,0.04136587,0.05199997
1765,5.01991,0.08454,0.42438319,0.04148328,0.05214734
1770,5.02034,0.08455,0.42446975,0.0416007,0.05229472
1775,5.0203,0.08451,0.42426555,0.0417181,0.05244203
1780,5.02022,0.08452,0.42430899,0.04183549,0.05258941
1785,5.02194,0.08455,0.42460503,0.0419529,0.05273682
1790,5.02124,0.08455,0.42454584,0.04207033,0.0528842
1795,5.01991,0.08453,0.42433299,0.04218774,0.05303153
1800,5.01983,0.08454,0.42437643,0.04230515,0.05317887
1805,5.01944,0.08455,0.42439365,0.04242258,0.05332626
1810,5.02042,0.08456,0.42452672,0.04254001,0.05347368
1815,5.02073,0.08458,0.42465334,0.04265747,0.05362112
1820,5.0205,0.08457,0.42458369,0.04277494,0.05376851
1825,5.01944,0.08457,0.42449404,0.0428924,0.05391593
1830,5.02014,0.08457,0.42455324,0.04300985,0.05406339
1835,5.02178,0.08458,0.42474215,0.04312732,0.05421086
1840,5.02143,0.08457,0.42466234,0.04324478,0.05435832
1845,5.02182,0.08458,0.42474554,0.04336225,0.05450579
1850,5.02147,0.08457,0.42466572,0.04347972,0.05465326
1855,5.02198,0.08458,0.42475907,0.04359718,0.05480072
1860,5.02093,0.08459,0.42472047,0.04371466,0.0549482
1865,5.0212,0.08459,0.42474331,0.04383215,0.05509567
1870,5.02096,0.08457,0.42462259,0.04394962,0.05524307
1875,5.01975,0.08456,0.42447006,0.04406707,0.05539046
1880,5.01991,0.08454,0.42438319,0.0441845,0.05553783
1885,5.02038,0.08453,0.42437272,0.04430191,0.0556852
1890,5.02093,0.08456,0.42456984,0.04441933,0.05583261
1895,5.0205,0.08453,0.42438286,0.04453676,0.05597996
1900,5.02038,0.08456,0.42452333,0.04465418,0.05612737
1905,5.02061,0.08457,0.42459299,0.04477163,0.0562748
1910,5.02085,0.08458,0.42466349,0.0448891,0.05642226
1915,5.02089,0.08458,0.42466688,0.04500657,0.05656972
1920,5.02128,0.08458,0.42469986,0.04512404,0.05671718
1925,5.02096,0.08459,0.42472301,0.04524152,0.05686468
1930,5.02194,0.08461,0.42490634,0.04535902,0.05701219
1935,5.02108,0.08458,0.42468295,0.04547651,0.05715966
1940,5.02143,0.08457,0.42466234,0.04559398,0.05730707
1945,5.01987,0.08454,0.42437981,0.04571142,0.05745443
1950,5.02022,0.08453,0.4243592,0.04582883,0.05760181
1955,5.02124,0.08456,0.42459605,0.04594625,0.05774921
1960,5.02034,0.08456,0.42451995,0.04606369,0.05789662
1965,5.02065,0.08453,0.42439554,0.04618112,0.05804396
1970,5.01991,0.08458,0.42458399,0.04629856,0.05819141
1975,5.02085,0.08456,0.42456308,0.04641601,0.05833884
1980,5.02112,0.08457,0.42463612,0.04653347,0.05848625
1985,5.02007,0.08453,0.42434652,0.0466509,0.05863359
1990,5.01979,0.08449,0.42412206,0.04676827,0.05878087
1995,5.02026,0.08455,0.42446298,0.04688566,0.05892827
2000,5.02089,0.08455,0.42451625,0.04700309,0.05907565
2005,5.02042,0.08452,0.4243259,0.0471205,0.05922302
2010,5.02128,0.08454,0.42449901,0.0472379,0.05937043
2015,5.02182,0.08455,0.42459488,0.04735533,0.05951785
2020,5.02175,0.08455,0.42458896,0.04747276,0.05966528
2025,5.02159,0.08454,0.42452522,0.04759018,0.05981269
2030,5.02178,0.08454,0.42454128,0.0477076,0.05996009
2035,5.02143,0.08456,0.42461212,0.04782503,0.06010752
2040,5.02128,0.08453,0.4244488,0.04794245,0.06025491
2045,5.02186,0.08453,0.42449783,0.04805985,0.06040225
2050,5.02011,0.08452,0.4242997,0.04817725,0.06054962
2055,5.02147,0.08454,0.42451507,0.04829465,0.06069699
2060,5.02042,0.08456,0.42452672,0.04841208,0.06084441
2065,5.02104,0.08456,0.42457914,0.04852953,0.06099186
2070,5.02182,0.08457,0.42469532,0.04864698,0.06113928
2075,5.02042,0.08454,0.42442631,0.04876442,0.06128667
2080,5.02085,0.08453,0.42441245,0.04888183,0.06143402
2085,5.0203,0.08452,0.42431576,0.04899922,0.06158138
2090,5.02143,0.08452,0.42441126,0.04911661,0.06172872
2095,5.02057,0.08453,0.42438878,0.04923401,0.06187605
2100,5.01952,0.08454,0.42435022,0.04935142,0.06202345
2105,5.02147,0.08455,0.42456529,0.04946884,0.06217084
2110,5.02069,0.08455,0.42449934,0.04958627,0.06231824
2115,5.02069,0.08456,0.42454955,0.04970371,0.06246566
2120,5.02089,0.08455,0.42451625,0.04982115,0.06261307
2125,5.02124,0.08452,0.4243952,0.04993856,0.06276039
2130,5.01987,0.08455,0.42443001,0.05005597,0.06290777
2135,5.02011,0.08456,0.4245005,0.0501734,0.06305518
2140,5.02061,0.08457,0.42459299,0.05029085,0.0632026
2145,5.02034,0.08457,0.42457015,0.05040831,0.06335004
2150,5.0212,0.08458,0.4246931,0.05052578,0.06349751
2155,5.02143,0.08457,0.42466234,0.05064324,0.06364493
2160,5.02026,0.08456,0.42451319,0.05076069,0.06379233
2165,5.02026,0.08456,0.42451319,0.05087814,0.06393973
2170,5.02003,0.08456,0.42449374,0.05099558,0.06408712
2175,5.02007,0.08453,0.42434652,0.05111301,0.06423445
2180,5.01952,0.08455,0.42440042,0.05123042,0.06438181
2185,5.01975,0.08456,0.42447006,0.05134786,0.06452921
2190,5.02022,0.08456,0.4245098,0.05146531,0.06467661
2195,5.01999,0.08453,0.42433975,0.05158273,0.06482394
2200,5.01971,0.08455,0.42441648,0.05170015,0.0649713
2205,5.01964,0.08455,0.42441056,0.05181758,0.06511868
2210,5.02011,0.08456,0.4245005,0.05193501,0.06526607
2215,5.01975,0.08458,0.42457046,0.05205247,0.06541349
2220,5.01999,0.0846,0.42469115,0.05216996,0.06556097
2225,5.02038,0.08459,0.42467394,0.05228745,0.0657084
2230,5.01948,0.0846,0.42464801,0.05240494,0.06585586
2235,5.02014,0.0846,0.42470384,0.05252244,0.06600332
2240,5.01979,0.08459,0.42462404,0.05263994,0.06615075
2245,5.0194,0.08459,0.42459105,0.05275742,0.0662982
2250,5.02026,0.08461,0.4247642,0.05287492,0.06644566
2255,5.01929,0.0846,0.42463193,0.05299243,0.06659312
2260,5.01995,0.08459,0.42463757,0.05310992,0.06674056
2265,5.01964,0.0846,0.42466154,0.05322742,0.06688801
2270,5.01979,0.08459,0.42462404,0.05334491,0.06703547
2275,5.02042,0.08459,0.42467733,0.0534624,0.06718291
2280,5.01999,0.08458,0.42459075,0.05357988,0.06733035
2285,5.02014,0.08456,0.42450304,0.05369733,0.06747775
2290,5.02038,0.08458,0.42462374,0.05381479,0.06762521
2295,5.02116,0.08457,0.4246395,0.05393226,0.06777266
2300,5.0212,0.08457,0.42464288,0.05404972,0.06792008
2305,5.02053,0.08459,0.42468663,0.05416719,0.06806753
2310,5.02022,0.08457,0.42456001,0.05428466,0.06821496
2315,5.02057,0.0846,0.42474022,0.05440214,0.06836242
2320,5.02003,0.08456,0.42449374,0.05451961,0.06850983
2325,5.02034,0.08459,0.42467056,0.05463708,0.06865726
2330,5.01944,0.08458,0.42454424,0.05475456,0.06880471
2335,5.02089,0.08458,0.42466688,0.05487203,0.06895217
2340,5.021,0.0846,0.4247766,0.05498951,0.06909967
2345,5.02143,0.08459,0.42476276,0.05510701,0.06924714
2350,5.02073,0.08461,0.42480397,0.05522451,0.06939467
2355,5.02167,0.0846,0.42483328,0.05534201,0.06954214
2360,5.02026,0.08462,0.4248144,0.05545953,0.06968966
2365,5.02089,0.0846,0.42476729,0.05557704,0.06983713
2370,5.0203,0.08461,0.42476758,0.05569455,0.06998463
2375,5.02077,0.08464,0.42495797,0.05581208,0.07013219
2380,5.02073,0.08461,0.42480397,0.05592962,0.07027972
2385,5.02175,0.08462,0.42494048,0.05604714,0.07042726
2390,5.02135,0.0846,0.42480621,0.05616465,0.07057478
2395,5.02214,0.08458,0.4247726,0.05628214,0.07072224
2400,5.02096,0.08457,0.42462259,0.0563996,0.07086964
2405,5.01991,0.08456,0.42448359,0.05651706,0.07101706
2410,5.02065,0.08456,0.42454616,0.0566345,0.07116444
2415,5.01971,0.08456,0.42446668,0.05675194,0.07131183
2420,5.01991,0.08456,0.42448359,0.05686939,0.07145923
2425,5.02018,0.08459,0.42465703,0.05698685,0.07160666
2430,5.01964,0.08459,0.42461135,0.05710434,0.07175414
2435,5.02096,0.08459,0.42472301,0.05722183,0.0719016
2440,5.0205,0.08457,0.42458369,0.0573393,0.07204903
2445,5.02069,0.08456,0.42454955,0.05745675,0.07219644
2450,5.02061,0.08454,0.42444237,0.05757418,0.0723438
2455,5.01999,0.08453,0.42433975,0.05769159,0.07249113
2460,5.01971,0.08455,0.42441648,0.05780901,0.07263852
2465,5.0205,0.08453,0.42438286,0.05792642,0.07278588
2470,5.02081,0.08453,0.42440907,0.05804383,0.07293324
2475,5.02057,0.08455,0.42448919,0.05816124,0.07308064
2480,5.02073,0.08456,0.42455293,0.05827868,0.07322803
2485,5.02014,0.08457,0.42455324,0.05839613,0.07337546
2490,5.02069,0.08457,0.42459975,0.05851359,0.07352291
2495,5.02112,0.08459,0.42473654,0.05863106,0.07367039
2500,5.02132,0.08461,0.42485389,0.05874856,0.07381787
2505,5.02003,0.08457,0.42454394,0.05886605,0.0739653
2510,5.02053,0.08456,0.42453602,0.0589835,0.07411271
2515,5.02069,0.08458,0.42464996,0.05910096,0.07426016
2520,5.02077,0.08459,0.42470693,0.05921844,0.07440763
2525,5.02093,0.08459,0.42472047,0.05933592,0.07455508
2530,5.02022,0.08462,0.42481102,0.05945343,0.07470259
2535,5.02046,0.08456,0.4245301,0.05957092,0.07485
2540,5.02057,0.08459,0.42469002,0.05968838,0.07499746
2545,5.02046,0.08459,0.42468071,0.05980587,0.07514492
2550,5.02053,0.0846,0.42473684,0.05992336,0.0752924
2555,5.02065,0.0846,0.42474699,0.06004086,0.07543989
2560,5.02085,0.0846,0.42476391,0.06015836,0.07558735
2565,5.01968,0.08459,0.42461473,0.06027585,0.07573479
2570,5.02003,0.08462,0.42479494,0.06039336,0.0758823
2575,5.02026,0.08461,0.4247642,0.06051088,0.0760298
2580,5.02073,0.08459,0.42470355,0.06062838,0.07617725
2585,5.02026,0.08462,0.4248144,0.06074589,0.07632476
2590,5.0203,0.0846,0.42471738,0.0608634,0.07647224
2595,5.02077,0.08463,0.42490777,0.06098092,0.07661979
2600,5.021,0.08462,0.42487702,0.06109846,0.0767673
2605,5.02053,0.08462,0.42483725,0.06121599,0.0769148
2610,5.02026,0.08459,0.42466379,0.06133349,0.07706224
2615,5.01983,0.08461,0.42472782,0.06145099,0.07720972
2620,5.02003,0.08459,0.42464434,0.06156849,0.07735717
2625,5.02007,0.0846,0.42469792,0.06168599,0.07750465
2630,5.02046,0.08461,0.42478112,0.06180349,0.07765216
2635,5.02124,0.0846,0.4247969,0.061921,0.07779963
2640,5.02014,0.08461,0.42475405,0.06203851,0.07794711
2645,5.02003,0.08457,0.42454394,0.06215599,0.07809452
2650,5.01991,0.08458,0.42458399,0.06227346,0.07824194
2655,5.01987,0.08458,0.4245806,0.06239093,0.07838938
2660,5.02042,0.08458,0.42462712,0.0625084,0.07853683
2665,5.02073,0.0846,0.42475376,0.06262589,0.07868432
2670,5.02093,0.08461,0.42482089,0.0627434,0.0788318
2675,5.01995,0.08463,0.42483837,0.06286092,0.07897929
2680,5.01929,0.0846,0.42463193,0.06297844,0.07912677
2685,5.02057,0.08459,0.42469002,0.06309594,0.07927423
2690,5.02046,0.08457,0.4245803,0.06321341,0.07942166
2695,5.02046,0.08461,0.42478112,0.0633309,0.07956917
2700,5.02104,0.08459,0.42472977,0.0634484,0.07971661
2705,5.01995,0.08459,0.42463757,0.06356588,0.07986406
2710,5.02026,0.08458,0.42461359,0.06368336,0.0800115
2715,5.02046,0.08459,0.42468071,0.06380084,0.08015896
2720,5.0205,0.08458,0.42463389,0.06391832,0.08030637
2725,5.01929,0.08455,0.42438097,0.06403577,0.08045372
2730,5.01905,0.08457,0.42446106,0.06415322,0.0806011
2735,5.01921,0.08459,0.42457497,0.06427069,0.08074853
2740,5.01925,0.08456,0.42442778,0.06438815,0.08089594
2745,5.02053,0.08458,0.42463643,0.06450561,0.08104339
2750,5.02096,0.08459,0.42472301,0.06462309,0.08119088
2755,5.02139,0.08458,0.42470917,0.06474057,0.08133832
2760,5.02046,0.08456,0.4245301,0.06485803,0.08148574
2765,5.02089,0.08456,0.42456646,0.06497547,0.08163316
2770,5.021,0.08459,0.42472639,0.06509294,0.08178062
2775,5.02061,0.08458,0.42464319,0.06521042,0.08192808
2780,5.02085,0.08457,0.42461328,0.06532788,0.08207551
2785,5.02077,0.08459,0.42470693,0.06544535,0.082223
2790,5.02147,0.08459,0.42476615,0.06556284,0.08237044
2795,5.01983,0.08455,0.42442663,0.0656803,0.08251781
2800,5.01983,0.08456,0.42447682,0.06579774,0.08266518
2805,5.01948,0.08456,0.42444723,0.06591518,0.08281255
2810,5.01921,0.08454,0.42432401,0.06603261,0.08295989
2815,5.01929,0.08456,0.42443116,0.06615004,0.0831073
2820,5.02038,0.08458,0.42462374,0.0662675,0.08325473
2825,5.02022,0.08454,0.4244094,0.06638494,0.08340209
2830,5.02022,0.08456,0.4245098,0.06650238,0.08354949
2835,5.02014,0.08454,0.42440264,0.06661981,0.08369686
2840,5.02042,0.08454,0.42442631,0.06673722,0.08384428
2845,5.02206,0.08456,0.42466539,0.06685465,0.08399171
2850,5.02128,0.08457,0.42464965,0.0669721,0.08413917
2855,5.02155,0.08456,0.42462227,0.06708956,0.08428658
2860,5.02065,0.08459,0.42469678,0.06720702,0.08443407
2865,5.02175,0.08458,0.42473962,0.0673245,0.08458151
2870,5.02042,0.08456,0.42452672,0.06744196,0.08472893
2875,5.02081,0.08457,0.4246099,0.06755941,0.08487637
2880,5.02093,0.08459,0.42472047,0.06767688,0.08502384
2885,5.02085,0.08458,0.42466349,0.06779436,0.08517128
2890,5.02046,0.08455,0.42447989,0.06791181,0.0853187
2895,5.02139,0.08455,0.42455852,0.06802924,0.0854661
2900,5.02093,0.08456,0.42456984,0.06814668,0.08561352
2905,5.02116,0.08456,0.42458929,0.06826413,0.08576096
2910,5.02143,0.08454,0.42451169,0.06838156,0.08590836
2915,5.02143,0.08452,0.42441126,0.06849896,0.08605571
2920,5.02081,0.08456,0.42455969,0.06861638,0.08620314
2925,5.02132,0.08454,0.42450239,0.06873381,0.08635053
2930,5.02124,0.08455,0.42454584,0.06885123,0.08649797
2935,5.02214,0.08458,0.4247726,0.06896868,0.08664545
2940,5.02175,0.08456,0.42463918,0.06908614,0.08679287
2945,5.021,0.08453,0.42442513,0.06920356,0.08694027
2950,5.02194,0.08455,0.42460503,0.06932098,0.08708767
2955,5.02093,0.08452,0.424369,0.06943839,0.08723502
2960,5.02085,0.0845,0.42426183,0.06955576,0.08738236
2965,5.02178,0.08449,0.42429019,0.06967312,0.08752968
2970,5.02171,0.0845,0.42433449,0.06979047,0.087677
2975,5.021,0.08453,0.42442513,0.06990785,0.08782439
2980,5.02182,0.0845,0.42434379,0.07002524,0.08797176
2985,5.02257,0.08454,0.42460807,0.07014263,0.08811917
2990,5.02206,0.08456,0.42466539,0.07026006,0.0882666
2995,5.02096,0.08454,0.42447196,0.07037749,0.08841398
3000,5.02093,0.08455,0.42451963,0.07049491,0.08856137
3005,5.02061,0.08454,0.42444237,0.07061233,0.08870876
3010,5.02112,0.08454,0.42448548,0.07072975,0.08885614
3015,5.02069,0.08453,0.42439893,0.07084716,0.0890035
3020,5.02061,0.08457,0.42459299,0.07096459,0.08915091
3025,5.01979,0.08456,0.42447344,0.07108204,0.08929834
3030,5.02128,0.08459,0.42475008,0.07119951,0.08944579
3035,5.02018,0.08456,0.42450642,0.07131697,0.0895932
3040,5.02085,0.08456,0.42456308,0.07143442,0.08974062
3045,5.02073,0.08455,0.42450272,0.07155185,0.08988802
3050,5.021,0.08455,0.42452555,0.07166928,0.09003542
3055,5.02089,0.08456,0.42456646,0.07178672,0.09018283
3060,5.02042,0.08456,0.42452672,0.07190417,0.09033023
3065,5.02042,0.08459,0.42467733,0.07202163,0.09047772
3070,5.02124,0.08459,0.42474669,0.07213912,0.0906252
3075,5.02124,0.08457,0.42464627,0.07225659,0.09077261
3080,5.02003,0.08458,0.42459414,0.07237406,0.09092006
3085,5.02085,0.08457,0.42461328,0.07249152,0.09106746
3090,5.01979,0.08456,0.42447344,0.07260897,0.09121487
3095,5.02057,0.08459,0.42469002,0.07272644,0.09136233
3100,5.02034,0.08456,0.42451995,0.0728439,0.09150971
3105,5.01956,0.08455,0.4244038,0.07296134,0.09165708
3110,5.01975,0.08456,0.42447006,0.07307878,0.09180447
3115,5.01987,0.08454,0.42437981,0.07319621,0.09195182
3120,5.01995,0.08458,0.42458737,0.07331365,0.09209922
3125,5.01913,0.08457,0.42446782,0.07343112,0.09224664
3130,5.02007,0.08459,0.42464772,0.07354859,0.09239407
3135,5.01971,0.08459,0.42461727,0.07366608,0.09254153
3140,5.02046,0.08459,0.42468071,0.07378356,0.09268899
3145,5.02046,0.08458,0.42463051,0.07390104,0.09283641
3150,5.01971,0.08456,0.42446668,0.0740185,0.09298379
3155,5.01971,0.08459,0.42461727,0.07413597,0.09313124
3160,5.02014,0.08456,0.42450304,0.07425343,0.09327865
3165,5.02057,0.08461,0.42479043,0.07437091,0.09342614
3170,5.02022,0.08457,0.42456001,0.0744884,0.09357355
3175,5.02011,0.08456,0.4245005,0.07460585,0.09372097
3180,5.02073,0.08454,0.42445251,0.07472328,0.09386837
3185,5.02167,0.08456,0.42463242,0.07484071,0.09401579
3190,5.02069,0.08455,0.42449934,0.07495815,0.09416317
3195,5.02022,0.08456,0.4245098,0.07507558,0.09431055
3200,5.01968,0.08454,0.42436375,0.07519301,0.09445794
3205,5.02089,0.08459,0.42471709,0.07531047,0.09460539
3210,5.02034,0.08458,0.42462036,0.07542794,0.09475284
3215,5.02065,0.08459,0.42469678,0.07554542,0.09490029
3220,5.02034,0.08461,0.42477097,0.07566292,0.09504779
3225,5.02061,0.08458,0.42464319,0.07578042,0.09519527
3230,5.02186,0.08461,0.42489957,0.07589791,0.0953428
3235,5.02175,0.08462,0.42494048,0.07601543,0.09549037
3240,5.02245,0.08461,0.42494949,0.07613295,0.09563788
3245,5.02073,0.08459,0.42470355,0.07625045,0.09578535
3250,5.02096,0.08462,0.42487364,0.07636796,0.09593289
3255,5.02135,0.08462,0.42490664,0.07648549,0.0960804
3260,5.02053,0.08463,0.42488745,0.07660302,0.09622792
3265,5.02014,0.08461,0.42475405,0.07672055,0.09637539
3270,5.01964,0.08459,0.42461135,0.07683805,0.09652286
3275,5.02081,0.08462,0.42486094,0.07695556,0.09667034
3280,5.01956,0.0846,0.42465478,0.07707307,0.0968178
3285,5.02007,0.08462,0.42479832,0.07719058,0.0969653
3290,5.01995,0.08462,0.42478817,0.07730811,0.09711279
3295,5.01968,0.08463,0.42481552,0.07742565,0.0972603
3300,5.01987,0.08463,0.4248316,0.07754319,0.0974078
3305,5.01968,0.08463,0.42481552,0.07766073,0.09755533
3310,5.02022,0.08462,0.42481102,0.07777826,0.09770282
3315,5.01995,0.08461,0.42473797,0.07789578,0.0978503
3320,5.01995,0.08461,0.42473797,0.0780133,0.09799779
3325,5.02022,0.08462,0.42481102,0.07813082,0.09814525
3330,5.01897,0.08461,0.42465505,0.07824834,0.09829273
3335,5.01999,0.08459,0.42464095,0.07836584,0.09844018
3340,5.01991,0.08462,0.42478478,0.07848335,0.09858765
3345,5.01932,0.08461,0.42468467,0.07860087,0.09873516
3350,5.021,0.08462,0.42487702,0.07871839,0.09888268
3355,5.02053,0.0846,0.42473684,0.0788359,0.09903012
3360,5.01948,0.08459,0.42459781,0.0789534,0.09917755
3365,5.01936,0.08461,0.42468805,0.0790709,0.09932504
3370,5.02034,0.08459,0.42467056,0.0791884,0.09947247
3375,5.01948,0.08459,0.42459781,0.07930588,0.09961992
3380,5.02038,0.08457,0.42457354,0.07942335,0.09976734
3385,5.0203,0.08462,0.42481779,0.07954085,0.09991487
3390,5.02093,0.08459,0.42472047,0.07965835,0.10006234
3395,5.02077,0.0846,0.42475714,0.07977585,0.10020979
3400,5.01987,0.08458,0.4245806,0.07989333,0.10035719
3405,5.01897,0.08461,0.42465505,0.08001083,0.10050465
3410,5.01932,0.0846,0.42463447,0.08012833,0.10065208
3415,5.01893,0.0846,0.42460148,0.08024583,0.10079952
3420,5.01917,0.08458,0.4245214,0.08036332,0.10094694
3425,5.01983,0.08457,0.42452702,0.08048078,0.10109435
3430,5.01983,0.08456,0.42447682,0.08059824,0.10124173
3435,5.01971,0.08457,0.42451687,0.08071569,0.10138915
3440,5.0203,0.08457,0.42456677,0.08083315,0.10153656
3445,5.01999,0.08455,0.42444015,0.08095059,0.10168395
3450,5.02038,0.08456,0.42452333,0.08106803,0.10183136
3455,5.02065,0.08458,0.42464658,0.08118549,0.10197881
3460,5.02057,0.08456,0.4245394,0.08130294,0.10212624
3465,5.02139,0.08456,0.42460874,0.08142039,0.10227367
3470,5.02116,0.08457,0.4246395,0.08153784,0.10242109
3475,5.02046,0.08458,0.42463051,0.08165531,0.10256854
3480,5.02069,0.08458,0.42464996,0.08177278,0.10271599
3485,5.02085,0.08459,0.4247137,0.08189026,0.10286345
3490,5.02046,0.0846,0.42473092,0.08200775,0.10301095
3495,5.02124,0.08461,0.42484712,0.08212526,0.10315843
3500,5.01995,0.08459,0.42463757,0.08224276,0.10330589
3505,5.02053,0.0846,0.42473684,0.08236025,0.10345337
3510,5.02061,0.08463,0.42489422,0.08247777,0.10360091
3515,5.02089,0.08459,0.42471709,0.08259528,0.10374838
3520,5.02077,0.0846,0.42475714,0.08271278,0.10389587
3525,5.0212,0.08458,0.4246931,0.08283026,0.10404335
3530,5.02178,0.08459,0.42479237,0.08294774,0.10419084
3535,5.02135,0.08459,0.424756,0.08306523,0.10433831
3540,5.02104,0.08458,0.42467956,0.08318271,0.10448577
3545,5.02108,0.08459,0.42473316,0.08330019,0.10463327
3550,5.02167,0.08459,0.42478307,0.08341767,0.10478072
3555,5.02026,0.08455,0.42446298,0.08353513,0.10492811
3560,5.02034,0.08458,0.42462036,0.08365258,0.10507554
3565,5.02034,0.08456,0.42451995,0.08377004,0.10522295
3570,5.02065,0.08459,0.42469678,0.08388751,0.10537048
3575,5.02284,0.05512,0.27685894,0.08398453,0.10546662
3580,5.02288,0.05505,0.27650954,0.08406103,0.10556263
3585,5.02307,0.05497,0.27611816,0.08413744,0.10565851
3590,5.02362,0.05495,0.27604792,0.08421377,0.10575434
3595,5.02245,0.05489,0.27568228,0.08429005,0.10585009
3600,5.02354,0.05489,0.27574211,0.08436628,0.10594583
