# 0.2 sps, start/stop: 50/0 mA (5 s), channels: 4,,
# V min: 5.01683, V max: 5.02452,,,
# I min: 0.05477, I max: 0.08192,,,
Time,Voltage,Current,Capacity,Energy
0,5.02249,0.08079,0.0000561,0.00014084
5,5.02073,0.08096,0.00016843,0.00028197
10,5.02038,0.08102,0.00028092,0.0004232
15,5.02026,0.08109,0.00039349,0.00056455
20,5.02018,0.08107,0.0005061,0.00070586
25,5.02011,0.0811,0.00061872,0.00084721
30,5.01948,0.08111,0.00073137,0.00098859
35,5.02014,0.08114,0.00084404,0.00113001
40,5.01948,0.08117,0.00095676,0.00127146
45,5.0187,0.08121,0.00106952,0.00141301
50,5.01987,0.08122,0.00118232,0.00155458
55,5.01999,0.08124,0.00129514,0.00169617
60,5.01971,0.08131,0.00140802,0.00183795
65,5.02163,0.08128,0.00152093,0.00197966
70,5.0212,0.08132,0.00163385,0.00212139
75,5.0196,0.08131,0.00174678,0.00226311
80,5.01971,0.08133,0.00185973,0.00240489
85,5.02057,0.08134,0.00197269,0.00254668
90,5.02018,0.08134,0.00208567,0.00268846
95,5.02014,0.08138,0.00219867,0.00283028
100,5.01909,0.08141,0.00231172,0.0029722
105,5.02042,0.08143,0.0024248,0.00311412
110,5.01956,0.08146,0.00253792,0.00325611
115,5.01983,0.08142,0.00265103,0.00339804
120,5.02046,0.08143,0.00276412,0.00353996
125,5.0194,0.08144,0.00287722,0.00368193
130,5.0205,0.08146,0.00299035,0.00382391
135,5.01956,0.08145,0.00310348,0.00396587
140,5.0196,0.08145,0.0032166,0.00410783
145,5.01964,0.08148,0.00332975,0.00424987
150,5.02061,0.08149,0.00344292,0.00439194
155,5.02112,0.08152,0.00355612,0.00453403
160,5.01971,0.08152,0.00366935,0.00467611
165,5.01944,0.08153,0.00378258,0.00481819
170,5.01897,0.08153,0.00389581,0.0049603
175,5.01991,0.08152,0.00400904,0.00510237
180,5.01925,0.08152,0.00412226,0.00524445
185,5.0194,0.0815,0.00423547,0.00538652
190,5.02042,0.08152,0.00434868,0.00552861
195,5.02007,0.08156,0.00446193,0.00567079
200,5.02057,0.08151,0.00457517,0.00581286
205,5.01975,0.08153,0.0046884,0.00595497
210,5.01979,0.08159,0.00480167,0.00609718
215,5.01979,0.08153,0.00491495,0.00623931
220,5.02081,0.08159,0.00502823,0.00638155
225,5.02093,0.08161,0.00514156,0.00652382
230,5.0205,0.0816,0.0052549,0.00666608
235,5.02112,0.08164,0.00536826,0.00680842
240,5.0212,0.08163,0.00548165,0.00695072
245,5.02046,0.08164,0.00559503,0.00709305
250,5.02093,0.08165,0.00570842,0.0072354
255,5.0212,0.08166,0.00582183,0.00737776
260,5.02069,0.08164,0.00593524,0.00752009
265,5.02081,0.08165,0.00604863,0.00766244
270,5.021,0.08163,0.00616202,0.00780473
275,5.02014,0.08173,0.00627547,0.00794723
280,5.02163,0.0817,0.00638896,0.00808963
285,5.0196,0.08174,0.00650246,0.00823208
290,5.01909,0.08165,0.00661592,0.00837443
295,5.02093,0.08165,0.00672933,0.00851676
300,5.02057,0.08163,0.00684272,0.00865905
305,5.01995,0.08163,0.00695609,0.00880135
310,5.02053,0.08164,0.00706947,0.00894368
315,5.02104,0.08164,0.00718286,0.00908599
320,5.02038,0.08163,0.00729624,0.00922829
325,5.02034,0.08163,0.00740962,0.00937061
330,5.02116,0.08164,0.007523,0.00951294
335,5.02093,0.08166,0.0076364,0.0096553
340,5.02069,0.08166,0.00774982,0.00979763
345,5.01987,0.08166,0.00786324,0.00993998
350,5.02046,0.08166,0.00797665,0.01008233
355,5.02026,0.08167,0.00809008,0.01022468
360,5.02011,0.08166,0.0082035,0.01036704
365,5.02057,0.08168,0.00831693,0.01050944
370,5.02096,0.08166,0.00843036,0.0106518
375,5.02089,0.08168,0.00854379,0.01079419
380,5.02069,0.08167,0.00865723,0.01093659
385,5.02151,0.08166,0.00877065,0.01107898
390,5.02178,0.08167,0.00888408,0.01122137
395,5.02124,0.08167,0.00899751,0.01136373
400,5.02022,0.08169,0.00911095,0.01150617
405,5.02151,0.08169,0.00922441,0.01164859
410,5.02124,0.08168,0.00933786,0.01179101
415,5.02147,0.0817,0.00945132,0.01193343
420,5.0205,0.0817,0.00956479,0.01207584
425,5.02022,0.08171,0.00967827,0.01221829
430,5.02069,0.08171,0.00979176,0.01236075
435,5.02139,0.08172,0.00990525,0.01250321
440,5.02073,0.08173,0.01001876,0.01264568
445,5.02014,0.08176,0.01013229,0.01278819
450,5.01999,0.08173,0.01024583,0.01293064
455,5.01971,0.08174,0.01035935,0.01307311
460,5.01971,0.08173,0.01047287,0.01321554
465,5.01905,0.08176,0.0105864,0.01335803
470,5.01897,0.08175,0.01069995,0.01350051
475,5.01968,0.08176,0.0108135,0.01364301
480,5.0194,0.08176,0.01092706,0.01378551
485,5.01952,0.08177,0.01104062,0.01392801
490,5.01929,0.08177,0.01115419,0.01407058
495,5.02112,0.08177,0.01126776,0.01421312
500,5.0205,0.08179,0.01138134,0.01435569
505,5.02018,0.08177,0.01149492,0.01449824
510,5.02069,0.08179,0.01160851,0.01464083
515,5.02077,0.08179,0.0117221,0.01478342
520,5.02093,0.08179,0.0118357,0.01492596
525,5.01944,0.08177,0.01194928,0.01506849
530,5.01975,0.08178,0.01206286,0.01521105
535,5.0205,0.0818,0.01217646,0.01535362
540,5.0196,0.0818,0.01229007,0.0154962
545,5.01991,0.08182,0.01240369,0.01563878
550,5.01889,0.0818,0.01251732,0.01578137
555,5.02026,0.08179,0.01263092,0.01592396
560,5.02081,0.08181,0.01274453,0.01606658
565,5.02073,0.08183,0.01285817,0.01620923
570,5.02061,0.08181,0.01297181,0.01635184
575,5.02026,0.08182,0.01308544,0.01649448
580,5.02069,0.08184,0.0131991,0.01663714
585,5.02057,0.08182,0.01331275,0.01677975
590,5.01971,0.08181,0.01342638,0.01692234
595,5.01948,0.08179,0.01353999,0.01706491
600,5.02014,0.08181,0.0136536,0.01720749
605,5.01948,0.08182,0.01376724,0.01735009
610,5.01948,0.08182,0.01388087,0.01749269
615,5.01936,0.08181,0.01399451,0.01763529
620,5.01995,0.08181,0.01410813,0.01777786
625,5.01917,0.08181,0.01422176,0.01792045
630,5.01964,0.08181,0.01433538,0.01806304
635,5.0194,0.0818,0.014449,0.01820559
640,5.01917,0.08181,0.01456262,0.01834816
645,5.01882,0.08183,0.01467626,0.01849078
650,5.01956,0.08184,0.01478992,0.01863343
655,5.01991,0.08183,0.01490358,0.01877606
660,5.01979,0.08184,0.01501724,0.0189187
665,5.01968,0.08181,0.01513088,0.01906129
670,5.01975,0.08184,0.01524453,0.01920394
675,5.01983,0.08183,0.01535819,0.01934658
680,5.0203,0.08184,0.01547185,0.01948922
685,5.01956,0.08184,0.01558551,0.01963187
690,5.01971,0.08185,0.01569919,0.01977451
695,5.01913,0.08184,0.01581286,0.01991712
700,5.01839,0.08182,0.01592651,0.02005972
705,5.01968,0.08184,0.01604017,0.02020238
710,5.02022,0.08184,0.01615383,0.02034504
715,5.02018,0.08184,0.0162675,0.02048766
720,5.01889,0.08184,0.01638117,0.02063028
725,5.01905,0.08184,0.01649483,0.02077295
730,5.02065,0.08182,0.01660849,0.02091556
735,5.01956,0.08184,0.01672214,0.0210582
740,5.01979,0.08184,0.01683581,0.02120086
745,5.0203,0.08183,0.01694947,0.02134349
750,5.01987,0.08184,0.01706312,0.02148614
755,5.01991,0.08184,0.01717679,0.02162878
760,5.01952,0.08184,0.01729046,0.02177141
765,5.01917,0.08184,0.01740413,0.02191407
770,5.02022,0.08185,0.0175178,0.02205674
775,5.02014,0.08186,0.01763149,0.02219941
780,5.01952,0.08188,0.01774519,0.02234213
785,5.01971,0.08186,0.0178589,0.02248483
790,5.02042,0.08188,0.01797261,0.02262756
795,5.02061,0.08184,0.01808631,0.02277022
800,5.02022,0.08186,0.01819999,0.02291291
805,5.02022,0.08186,0.01831368,0.02305561
810,5.02026,0.08185,0.01842737,0.02319828
815,5.02026,0.08188,0.01854107,0.02334102
820,5.02034,0.08188,0.01865479,0.02348376
825,5.02073,0.08188,0.01876851,0.02362648
830,5.02011,0.08187,0.01888223,0.02376918
835,5.01964,0.08188,0.01899594,0.0239119
840,5.02014,0.08185,0.01910965,0.02405458
845,5.02018,0.08183,0.01922331,0.02419721
850,5.01999,0.08185,0.01933698,0.02433986
855,5.01944,0.08186,0.01945067,0.02448257
860,5.02061,0.08187,0.01956437,0.02462531
865,5.02139,0.08188,0.01967808,0.02476805
870,5.02077,0.08188,0.01979181,0.0249108
875,5.02089,0.08188,0.01990553,0.02505353
880,5.02038,0.08188,0.02001925,0.02519628
885,5.02077,0.08189,0.02013298,0.02533904
890,5.021,0.08188,0.02024671,0.02548179
895,5.02085,0.08185,0.02036041,0.02562449
900,5.02096,0.08189,0.02047412,0.02576724
905,5.02057,0.08186,0.02058783,0.02590997
910,5.02155,0.08188,0.02070154,0.02605273
915,5.02143,0.08187,0.02081526,0.02619546
920,5.02096,0.08183,0.02092894,0.0263381
925,5.02018,0.08184,0.0210426,0.02648077
930,5.0205,0.08184,0.02115626,0.02662344
935,5.02077,0.08185,0.02126994,0.02676616
940,5.02155,0.08184,0.02138361,0.02690892
945,5.02413,0.08188,0.02149731,0.02705173
950,5.02303,0.08188,0.02161103,0.02719452
955,5.02245,0.08187,0.02172474,0.02733729
960,5.02206,0.08186,0.02183844,0.02748005
965,5.0228,0.08187,0.02195215,0.02762285
970,5.02335,0.08189,0.02206587,0.02776568
975,5.02331,0.08188,0.0221796,0.02790853
980,5.02432,0.08188,0.02229332,0.02805136
985,5.02385,0.08185,0.02240702,0.02819412
990,5.02335,0.08187,0.02252072,0.02833692
995,5.02315,0.08189,0.02263444,0.02847973
1000,5.02272,0.08188,0.02274817,0.02862254
1005,5.02307,0.0819,0.0228619,0.02876537
1010,5.02257,0.08191,0.02297566,0.02890823
1015,5.02288,0.08189,0.02308941,0.02905105
1020,5.02296,0.08189,0.02320315,0.02919381
1025,5.02085,0.08188,0.02331688,0.02933657
1030,5.02124,0.08187,0.02343059,0.02947931
1035,5.02132,0.08189,0.02354431,0.02962209
1040,5.02151,0.08189,0.02365805,0.02976487
1045,5.02124,0.08189,0.02377178,0.02990763
1050,5.02069,0.08188,0.02388551,0.03005039
1055,5.02147,0.08189,0.02399924,0.03019317
1060,5.02167,0.08187,0.02411297,0.03033593
1065,5.0219,0.0819,0.02422669,0.03047873
1070,5.02128,0.0819,0.02434044,0.03062151
1075,5.02104,0.08191,0.0244542,0.03076431
1080,5.02093,0.08192,0.02456797,0.03090711
1085,5.02034,0.08188,0.02468172,0.03104985
1090,5.02042,0.0819,0.02479546,0.03119262
1095,5.02077,0.08189,0.0249092,0.03133539
1100,5.021,0.08192,0.02502296,0.03147819
1105,5.02018,0.08191,0.02513673,0.03162098
1110,5.02073,0.08191,0.02525049,0.03176379
1115,5.02132,0.08189,0.02536424,0.03190653
1120,5.01991,0.08189,0.02547798,0.03204928
1125,5.0203,0.08191,0.02559173,0.03219207
1130,5.02077,0.0819,0.02570549,0.03233486
1135,5.02112,0.0819,0.02581924,0.03247762
1140,5.02026,0.08189,0.02593298,0.03262035
1145,5.01952,0.08187,0.0260467,0.03276307
1150,5.0205,0.0819,0.02616043,0.03290585
1155,5.021,0.08189,0.02627417,0.03304862
1160,5.0212,0.08189,0.02638791,0.03319139
1165,5.021,0.08186,0.02650162,0.0333341
1170,5.02077,0.08189,0.02661534,0.03347685
1175,5.02034,0.08187,0.02672906,0.0336196
1180,5.02151,0.08189,0.02684278,0.03376238
1185,5.02171,0.08187,0.02695651,0.03390512
1190,5.02112,0.08186,0.02707021,0.03404785
1195,5.02163,0.08188,0.02718392,0.03419058
1200,5.02022,0.08186,0.02729762,0.03433328
1205,5.02053,0.08185,0.02741131,0.03447596
1210,5.02018,0.08185,0.02752499,0.03461865
1215,5.02073,0.08188,0.02763869,0.03476136
1220,5.01968,0.08184,0.02775239,0.03490401
1225,5.02011,0.08185,0.02786606,0.03504666
1230,5.01936,0.08184,0.02797974,0.03518929
1235,5.01901,0.08184,0.0280934,0.03533191
1240,5.01893,0.08185,0.02820708,0.03547456
1245,5.0194,0.08182,0.02832074,0.03561716
1250,5.01929,0.08183,0.02843438,0.03575975
1255,5.01839,0.08182,0.02854803,0.03590233
1260,5.01889,0.08183,0.02866167,0.03604493
1265,5.01874,0.08179,0.0287753,0.03618747
1270,5.01925,0.08181,0.02888891,0.03633005
1275,5.01913,0.08181,0.02900253,0.03647262
1280,5.01897,0.08181,0.02911616,0.03661516
1285,5.01804,0.08186,0.02922982,0.03675783
1290,5.01944,0.08183,0.02934349,0.03690042
1295,5.01854,0.08184,0.02945715,0.03704301
1300,5.01768,0.08184,0.02957082,0.03718563
1305,5.01893,0.08184,0.02968449,0.03732826
1310,5.01913,0.08183,0.02979815,0.03747086
1315,5.01874,0.08185,0.02991181,0.03761349
1320,5.01893,0.08182,0.03002547,0.03775609
1325,5.01917,0.08183,0.03013912,0.03789869
1330,5.01893,0.08179,0.03025274,0.03804122
1335,5.01862,0.08179,0.03036634,0.03818374
1340,5.01847,0.08179,0.03047994,0.03832626
1345,5.01866,0.08176,0.03059351,0.03846875
1350,5.01893,0.0818,0.0307071,0.0386113
1355,5.01905,0.08178,0.03082069,0.03875383
1360,5.01925,0.0818,0.03093429,0.03889639
1365,5.01921,0.08178,0.03104789,0.0390389
1370,5.01886,0.08178,0.03116147,0.03918142
1375,5.01909,0.08177,0.03127505,0.03932393
1380,5.01905,0.08181,0.03138865,0.03946649
1385,5.0187,0.0818,0.03150226,0.03960907
1390,5.01995,0.08179,0.03161587,0.0397516
1395,5.01874,0.08177,0.03172945,0.03989409
1400,5.01854,0.08175,0.03184301,0.04003655
1405,5.01901,0.08175,0.03195655,0.040179
1410,5.01823,0.08174,0.03207008,0.04032144
1415,5.0187,0.08176,0.03218363,0.04046394
1420,5.01952,0.08174,0.03229717,0.04060641
1425,5.01991,0.08174,0.03241069,0.04074888
1430,5.01968,0.08173,0.03252422,0.04089134
1435,5.01991,0.08175,0.03263774,0.0410338
1440,5.01882,0.08175,0.03275128,0.04117627
1445,5.01909,0.08176,0.03286483,0.04131872
1450,5.01811,0.08174,0.03297838,0.04146118
1455,5.01917,0.08176,0.03309192,0.04160364
1460,5.01807,0.08176,0.03320547,0.04174613
1465,5.01921,0.08175,0.03331902,0.04188858
1470,5.01847,0.08177,0.03343258,0.04203106
1475,5.01819,0.08174,0.03354613,0.04217349
1480,5.01858,0.08177,0.03365967,0.04231598
1485,5.01858,0.08173,0.03377322,0.04245838
1490,5.01796,0.08174,0.03388674,0.04260081
1495,5.01811,0.08173,0.03400026,0.0427432
1500,5.01768,0.08174,0.03411378,0.04288561
1505,5.01757,0.08176,0.03422732,0.04302804
1510,5.01722,0.08171,0.03434084,0.04317039
1515,5.01729,0.08174,0.03445435,0.04331282
1520,5.01835,0.08173,0.03456787,0.0434552
1525,5.0171,0.08175,0.0346814,0.04359763
1530,5.01788,0.08176,0.03479494,0.04374008
1535,5.0178,0.08177,0.03490851,0.04388256
1540,5.01796,0.08177,0.03502208,0.044025
1545,5.01683,0.08174,0.03513562,0.04416743
1550,5.01831,0.08176,0.03524917,0.04430987
1555,5.01749,0.08173,0.0353627,0.04445226
1560,5.01753,0.08175,0.03547623,0.04459469
1565,5.01784,0.08173,0.03558976,0.04473712
1570,5.01893,0.08176,0.03570329,0.04487959
1575,5.01847,0.08175,0.03581684,0.04502205
1580,5.0187,0.08175,0.03593038,0.04516451
1585,5.01905,0.08174,0.03604392,0.04530697
1590,5.01944,0.08177,0.03615747,0.04544951
1595,5.02003,0.08177,0.03627103,0.04559203
1600,5.01991,0.08176,0.0363846,0.04573453
1605,5.0194,0.08177,0.03649816,0.04587705
1610,5.01968,0.08178,0.03661174,0.04601959
1615,5.01987,0.0818,0.03672533,0.04616218
1620,5.0203,0.08177,0.03683892,0.04630473
1625,5.02073,0.08179,0.03695251,0.0464473
1630,5.02026,0.08178,0.0370661,0.04658988
1635,5.02096,0.08177,0.03717967,0.04673242
1640,5.0203,0.08177,0.03729324,0.04687498
1645,5.02104,0.08174,0.03740679,0.04701748
1650,5.02089,0.08174,0.03752032,0.04715999
1655,5.02116,0.08172,0.03763383,0.04730244
1660,5.02042,0.08173,0.03774734,0.04744494
1665,5.02143,0.08173,0.03786085,0.04758742
1670,5.02069,0.08174,0.03797437,0.04772994
1675,5.02132,0.08176,0.03808792,0.04787246
1680,5.02046,0.08174,0.03820146,0.04801498
1685,5.02139,0.08175,0.03831499,0.04815749
1690,5.02065,0.08177,0.03842855,0.04830005
1695,5.02085,0.08176,0.03854211,0.04844257
1700,5.02042,0.08177,0.03865567,0.04858511
1705,5.02014,0.08177,0.03876924,0.04872764
1710,5.02011,0.08177,0.03888281,0.04887016
1715,5.01979,0.08177,0.03899638,0.04901269
1720,5.01995,0.08177,0.03910995,0.04915519
1725,5.01909,0.08177,0.03922352,0.04929775
1730,5.02077,0.08177,0.03933709,0.0494403
1735,5.02093,0.08181,0.03945069,0.04958291
1740,5.0205,0.08178,0.03956429,0.04972547
1745,5.02018,0.0818,0.03967789,0.04986805
1750,5.01987,0.08177,0.03979148,0.05001057
1755,5.01968,0.08176,0.03990504,0.05015307
1760,5.0196,0.08177,0.0400186,0.05029559
1765,5.01971,0.08175,0.04013216,0.05043805
1770,5.01874,0.08174,0.04024569,0.05058053
1775,5.02022,0.08176,0.04035924,0.05072307
1780,5.02089,0.08175,0.04047278,0.05086557
1785,5.02026,0.08175,0.04058633,0.05100804
1790,5.01921,0.08175,0.04069987,0.05115053
1795,5.01987,0.08175,0.04081341,0.051293
1800,5.01893,0.08173,0.04092694,0.05143548
1805,5.02061,0.08173,0.04104045,0.05157795
1810,5.02038,0.08174,0.04115397,0.05172043
1815,5.02018,0.08174,0.0412675,0.0518629
1820,5.01983,0.08172,0.04138101,0.05200534
1825,5.01987,0.08172,0.04149451,0.05214779
1830,5.02038,0.08174,0.04160803,0.05229031
1835,5.02143,0.08174,0.04172156,0.0524328
1840,5.02046,0.08174,0.04183508,0.05257528
1845,5.01995,0.08176,0.04194863,0.05271779
1850,5.01995,0.08177,0.04206219,0.05286034
1855,5.02073,0.08176,0.04217575,0.05300287
1860,5.02077,0.08176,0.04228931,0.05314542
1865,5.0212,0.08177,0.04240287,0.05328796
1870,5.02022,0.08173,0.04251641,0.05343043
1875,5.0205,0.08175,0.04262994,0.05357295
1880,5.021,0.08173,0.04274347,0.05371544
1885,5.02108,0.08171,0.04285697,0.05385788
1890,5.02038,0.08174,0.04297047,0.05400036
1895,5.02022,0.08176,0.04308401,0.05414288
1900,5.0203,0.08173,0.04319755,0.05428533
1905,5.01971,0.08174,0.04331107,0.05442783
1910,5.02061,0.08174,0.0434246,0.05457034
1915,5.02116,0.08176,0.04353814,0.05471284
1920,5.0196,0.08173,0.04365167,0.05485532
1925,5.02081,0.08175,0.0437652,0.05499781
1930,5.01971,0.08175,0.04387874,0.05514031
1935,5.02018,0.08176,0.04399229,0.05528282
1940,5.02007,0.08178,0.04410586,0.05542537
1945,5.01999,0.08177,0.04421944,0.05556791
1950,5.0205,0.08177,0.04433301,0.05571044
1955,5.01971,0.08177,0.04444658,0.05585301
1960,5.02147,0.08178,0.04456015,0.05599556
1965,5.02007,0.08177,0.04467373,0.05613811
1970,5.02093,0.08177,0.0447873,0.05628066
1975,5.02077,0.08178,0.04490088,0.05642322
1980,5.02042,0.08178,0.04501446,0.05656577
1985,5.02011,0.08177,0.04512803,0.05670833
1990,5.02089,0.08178,0.04524161,0.05685088
1995,5.01999,0.08177,0.04535519,0.05699342
2000,5.02046,0.08176,0.04546875,0.05713593
2005,5.01999,0.08177,0.04558231,0.05727844
2010,5.01936,0.08175,0.04569587,0.05742095
2015,5.02046,0.08175,0.04580941,0.05756342
2020,5.01921,0.08177,0.04592297,0.05770593
2025,5.01925,0.08174,0.04603651,0.05784838
2030,5.01921,0.08176,0.04615006,0.05799087
2035,5.01889,0.08174,0.0462636,0.05813335
2040,5.0203,0.08177,0.04637715,0.05827587
2045,5.01956,0.08175,0.0464907,0.05841835
2050,5.0196,0.0818,0.04660428,0.0585609
2055,5.01889,0.0818,0.04671789,0.05870349
2060,5.02018,0.08178,0.04683149,0.05884599
2065,5.0185,0.08179,0.04694508,0.05898853
2070,5.01909,0.08179,0.04705867,0.05913108
2075,5.0194,0.08178,0.04717226,0.05927362
2080,5.01975,0.08182,0.04728588,0.05941624
2085,5.02003,0.08182,0.04739951,0.05955887
2090,5.02057,0.0818,0.04751314,0.05970146
2095,5.02022,0.08183,0.04762677,0.0598441
2100,5.02038,0.08181,0.04774041,0.0599867
2105,5.01971,0.08181,0.04785403,0.06012928
2110,5.01936,0.08182,0.04796767,0.06027188
2115,5.01956,0.08181,0.0480813,0.06041448
2120,5.01995,0.08181,0.04819492,0.06055706
2125,5.01925,0.08183,0.04830856,0.06069969
2130,5.02014,0.08183,0.04842222,0.0608423
2135,5.01882,0.08179,0.04853584,0.06098484
2140,5.01929,0.08178,0.04864943,0.06112735
2145,5.01878,0.08178,0.04876301,0.06126987
2150,5.01905,0.08178,0.0488766,0.06141239
2155,5.01913,0.08179,0.04899019,0.06155494
2160,5.01944,0.08179,0.04910378,0.0616975
2165,5.01983,0.08179,0.04921738,0.06184006
2170,5.01971,0.0818,0.04933099,0.06198258
2175,5.018,0.08179,0.04944459,0.06212513
2180,5.01948,0.08178,0.04955818,0.06226769
2185,5.02042,0.08179,0.04967177,0.06241024
2190,5.01925,0.08178,0.04978536,0.06255278
2195,5.01995,0.0818,0.04989896,0.06269536
2200,5.01987,0.08178,0.05001256,0.06283787
2205,5.0185,0.08177,0.05012613,0.06298035
2210,5.01839,0.08179,0.05023972,0.06312285
2215,5.01788,0.08179,0.05035331,0.0632654
2220,5.01921,0.08175,0.05046688,0.06340786
2225,5.01886,0.08174,0.05058042,0.06355032
2230,5.01964,0.08175,0.05069395,0.06369282
2235,5.01987,0.08177,0.05080751,0.06383533
2240,5.01929,0.08176,0.05092107,0.06397782
2245,5.01925,0.08176,0.05103463,0.06412034
2250,5.02046,0.08176,0.05114818,0.06426286
2255,5.02038,0.08175,0.05126173,0.06440537
2260,5.02053,0.08177,0.05137528,0.06454791
2265,5.02018,0.08177,0.05148885,0.06469043
2270,5.01979,0.08174,0.0516024,0.06483291
2275,5.01983,0.08175,0.05171594,0.0649754
2280,5.02003,0.08176,0.05182949,0.06511792
2285,5.02014,0.08177,0.05194305,0.06526046
2290,5.02038,0.08178,0.05205663,0.065403
2295,5.01975,0.08178,0.05217021,0.06554554
2300,5.01971,0.08177,0.05228378,0.06568809
2305,5.02081,0.08175,0.05239734,0.06583062
2310,5.02132,0.08177,0.0525109,0.06597317
2315,5.02077,0.08179,0.05262448,0.06611579
2320,5.02171,0.08179,0.05273808,0.0662584
2325,5.02175,0.08181,0.05285169,0.06640103
2330,5.02112,0.08179,0.0529653,0.06654362
2335,5.02089,0.08177,0.05307888,0.06668615
2340,5.01979,0.08178,0.05319246,0.06682871
2345,5.02077,0.08177,0.05330603,0.06697127
2350,5.02081,0.08178,0.05341961,0.06711384
2355,5.02081,0.08176,0.05353318,0.06725637
2360,5.02065,0.08177,0.05364674,0.06739892
2365,5.02093,0.08177,0.05376031,0.06754147
2370,5.02069,0.08177,0.05387388,0.06768406
2375,5.02214,0.08177,0.05398745,0.06782662
2380,5.02096,0.08177,0.05410102,0.06796917
2385,5.02077,0.08181,0.05421462,0.06811181
2390,5.02151,0.08178,0.05432822,0.06825439
2395,5.02116,0.08177,0.0544418,0.06839696
2400,5.02132,0.08177,0.05455537,0.06853952
2405,5.02096,0.08177,0.05466894,0.06868205
2410,5.01999,0.0818,0.05478253,0.06882463
2415,5.02007,0.08181,0.05489615,0.06896727
2420,5.02128,0.08178,0.05500975,0.06910985
2425,5.02139,0.0818,0.05512335,0.06925246
2430,5.02085,0.08179,0.05523695,0.06939504
2435,5.02057,0.08178,0.05535054,0.06953764
2440,5.02182,0.08182,0.05546415,0.06968031
2445,5.02178,0.08179,0.05557777,0.0698229
2450,5.02112,0.08181,0.05569138,0.06996555
2455,5.02155,0.08179,0.05580499,0.07010812
2460,5.02046,0.08174,0.05591856,0.07025065
2465,5.02167,0.08174,0.05603208,0.07039314
2470,5.02065,0.08174,0.05614561,0.07053563
2475,5.02046,0.08172,0.05625913,0.0706781
2480,5.02069,0.08173,0.05637263,0.07082058
2485,5.02077,0.08175,0.05648616,0.07096307
2490,5.01999,0.08169,0.05659966,0.07110545
2495,5.01964,0.08174,0.05671315,0.07124793
2500,5.01983,0.08171,0.05682666,0.07139037
2505,5.02061,0.08174,0.05694017,0.07153285
2510,5.02003,0.08175,0.0570537,0.07167537
2515,5.02112,0.08172,0.05716722,0.07181783
2520,5.02065,0.08174,0.05728074,0.07196031
2525,5.01979,0.08174,0.05739426,0.07210276
2530,5.01936,0.08174,0.05750779,0.07224524
2535,5.01983,0.08174,0.05762132,0.07238768
2540,5.01882,0.08174,0.05773485,0.07253016
2545,5.01995,0.08171,0.05784835,0.07267255
2550,5.01886,0.08173,0.05796185,0.072815
2555,5.01983,0.08174,0.05807538,0.07295754
2560,5.02202,0.08174,0.0581889,0.07310007
2565,5.02182,0.08172,0.05830242,0.07324257
2570,5.02225,0.08175,0.05841594,0.07338512
2575,5.02186,0.08174,0.05852947,0.07352766
2580,5.02229,0.08176,0.05864301,0.07367022
2585,5.02151,0.08174,0.05875656,0.07381277
2590,5.0226,0.08174,0.05887008,0.07395533
2595,5.02276,0.08179,0.05898365,0.07409795
2600,5.02206,0.08176,0.05909722,0.07424055
2605,5.02315,0.08176,0.05921078,0.07438316
2610,5.02331,0.08177,0.05932434,0.07452574
2615,5.02178,0.08179,0.05943792,0.07466838
2620,5.02257,0.08177,0.05955151,0.07481098
2625,5.02257,0.08175,0.05966506,0.07495354
2630,5.02225,0.08177,0.05977862,0.07509612
2635,5.02175,0.08176,0.05989218,0.07523869
2640,5.02214,0.08179,0.06000576,0.0753813
2645,5.02167,0.08179,0.06011935,0.07552394
2650,5.02249,0.08179,0.06023295,0.07566656
2655,5.02198,0.08177,0.06034653,0.07580915
2660,5.02225,0.08177,0.0604601,0.07595172
2665,5.02159,0.08174,0.06057365,0.07609425
2670,5.02175,0.08175,0.06068719,0.0762368
2675,5.02198,0.08174,0.06080072,0.07637933
2680,5.02159,0.08175,0.06091426,0.07652187
2685,5.02163,0.08177,0.06102781,0.07666445
2690,5.02202,0.08177,0.06114138,0.07680701
2695,5.02096,0.08176,0.06125494,0.07694959
2700,5.02249,0.08178,0.06136851,0.07709216
2705,5.02077,0.08176,0.06148208,0.07723473
2710,5.02182,0.08175,0.06159563,0.07737728
2715,5.02206,0.08175,0.06170917,0.07751982
2720,5.02159,0.08174,0.06182271,0.07766233
2725,5.021,0.08176,0.06193625,0.07780489
2730,5.02171,0.08177,0.06204981,0.07794748
2735,5.02233,0.08174,0.06216336,0.07808999
2740,5.02108,0.08174,0.06227689,0.07823252
2745,5.02182,0.08175,0.06239042,0.07837509
2750,5.02257,0.08177,0.06250398,0.07851766
2755,5.02155,0.08177,0.06261755,0.07866025
2760,5.0221,0.08177,0.06273112,0.07880284
2765,5.02214,0.08177,0.06284469,0.07894542
2770,5.02178,0.08176,0.06295825,0.079088
2775,5.02229,0.08177,0.06307181,0.0792306
2780,5.02253,0.08175,0.06318537,0.07937319
2785,5.02323,0.08177,0.06329892,0.07951578
2790,5.02214,0.08174,0.06341247,0.07965831
2795,5.02198,0.08174,0.063526,0.07980084
2800,5.02198,0.08174,0.06363953,0.07994338
2805,5.0221,0.08174,0.06375306,0.08008592
2810,5.02225,0.08177,0.0638666,0.08022852
2815,5.02245,0.08174,0.06398015,0.08037105
2820,5.02175,0.08177,0.0640937,0.08051364
2825,5.02233,0.08176,0.06420726,0.08065622
2830,5.02241,0.08177,0.06432083,0.08079881
2835,5.02194,0.08177,0.0644344,0.08094142
2840,5.02296,0.0818,0.06454799,0.0810841
2845,5.02346,0.08177,0.06466158,0.08122672
2850,5.02296,0.08178,0.06477515,0.08136935
2855,5.02296,0.08179,0.06488874,0.08151197
2860,5.02217,0.08179,0.06500234,0.08165463
2865,5.02311,0.08181,0.06511595,0.0817973
2870,5.0226,0.0818,0.06522957,0.08193998
2875,5.02346,0.0818,0.06534318,0.08208268
2880,5.02421,0.08181,0.0654568,0.08222535
2885,5.0226,0.08181,0.06557042,0.08236804
2890,5.02299,0.08183,0.06568406,0.08251076
2895,5.02303,0.08182,0.06579771,0.08265346
2900,5.02311,0.08181,0.06591134,0.08279614
2905,5.0228,0.08184,0.06602499,0.08293889
2910,5.02339,0.08184,0.06613865,0.08308164
2915,5.02342,0.08183,0.06625231,0.08322439
2920,5.02424,0.08184,0.06636597,0.08336716
2925,5.02385,0.08182,0.06647963,0.08350988
2930,5.02378,0.08184,0.06659328,0.08365262
2935,5.02307,0.08181,0.06670692,0.0837953
2940,5.02303,0.08184,0.06682057,0.08393804
2945,5.02296,0.08182,0.06693422,0.08408076
2950,5.02378,0.08183,0.06704787,0.08422347
2955,5.02264,0.08183,0.06716152,0.08436616
2960,5.02194,0.08184,0.06727518,0.08450889
2965,5.02272,0.08188,0.06738888,0.08465166
2970,5.02171,0.08184,0.06750257,0.08479437
2975,5.02206,0.08185,0.06761624,0.08493712
2980,5.02272,0.08184,0.06772992,0.08507982
2985,5.02194,0.08185,0.06784359,0.08522253
2990,5.02143,0.08183,0.06795726,0.08536519
2995,5.02081,0.08184,0.06807092,0.08550788
3000,5.02139,0.08184,0.06818458,0.08565059
3005,5.02186,0.08185,0.06829826,0.08579329
3010,5.0212,0.08186,0.06841194,0.08593599
3015,5.02042,0.08187,0.06852565,0.08607875
3020,5.02186,0.08187,0.06863935,0.08622151
3025,5.0221,0.08186,0.06875306,0.08636424
3030,5.02163,0.08184,0.06886674,0.08650696
3035,5.02237,0.08185,0.06898041,0.08664968
3040,5.02163,0.08185,0.06909409,0.08679241
3045,5.02217,0.08188,0.06920779,0.0869352
3050,5.02241,0.08185,0.06932149,0.08707792
3055,5.02202,0.08183,0.06943516,0.08722061
3060,5.02186,0.08182,0.06954881,0.08736327
3065,5.02132,0.08181,0.06966244,0.08750593
3070,5.02237,0.08181,0.06977606,0.08764864
3075,5.0237,0.08184,0.06988971,0.0877914
3080,5.02405,0.08183,0.07000337,0.08793415
3085,5.02378,0.08184,0.07011703,0.08807692
3090,5.02421,0.08184,0.07023069,0.08821969
3095,5.02417,0.08184,0.07034436,0.08836243
3100,5.02323,0.08184,0.07045803,0.08850517
3105,5.02323,0.08183,0.07057169,0.08864792
3110,5.02393,0.08184,0.07068535,0.08879068
3115,5.02397,0.08182,0.070799,0.08893339
3120,5.02307,0.08183,0.07091265,0.08907612
3125,5.02339,0.08181,0.07102628,0.08921882
3130,5.02358,0.08183,0.07113992,0.08936155
3135,5.02354,0.08179,0.07125355,0.08950421
3140,5.02327,0.08179,0.07136715,0.08964684
3145,5.02237,0.08179,0.07148074,0.08978945
3150,5.02159,0.08181,0.07159435,0.08993211
3155,5.02214,0.0818,0.07170797,0.09007478
3160,5.02296,0.08181,0.07182159,0.09021746
3165,5.02272,0.08184,0.07193524,0.09036018
3170,5.02245,0.0818,0.07204888,0.09050283
3175,5.02237,0.08183,0.07216251,0.09064552
3180,5.02217,0.08181,0.07227615,0.09078821
3185,5.02315,0.08184,0.07238979,0.09093094
3190,5.02253,0.08181,0.07250344,0.0910736
3195,5.02241,0.08182,0.07261707,0.09121627
3200,5.02194,0.08182,0.07273071,0.09135896
3205,5.02233,0.08183,0.07284435,0.0915017
3210,5.02378,0.08186,0.07295803,0.09164448
3215,5.02342,0.08187,0.07307173,0.09178727
3220,5.0228,0.08184,0.07318542,0.09193
3225,5.02272,0.08184,0.07329908,0.09207272
3230,5.02268,0.08184,0.07341275,0.09221544
3235,5.02237,0.08181,0.0735264,0.09235815
3240,5.02366,0.08184,0.07364004,0.09250092
3245,5.02424,0.08188,0.07375374,0.09264375
3250,5.02374,0.08187,0.07386745,0.09278653
3255,5.02272,0.08188,0.07398117,0.09292935
3260,5.02354,0.08188,0.07409489,0.09307214
3265,5.02253,0.08188,0.07420861,0.09321494
3270,5.02268,0.08188,0.07432233,0.09335773
3275,5.02245,0.08188,0.07443606,0.09350049
3280,5.02135,0.08188,0.07454978,0.09364325
3285,5.02116,0.08186,0.07466349,0.09378597
3290,5.02124,0.08188,0.07477719,0.09392873
3295,5.02139,0.08187,0.07489091,0.09407146
3300,5.02093,0.08187,0.07500462,0.09421419
3305,5.02081,0.08185,0.07511831,0.09435687
3310,5.02061,0.08186,0.075232,0.09449959
3315,5.02112,0.08186,0.07534569,0.09464231
3320,5.02135,0.08188,0.0754594,0.09478508
3325,5.02139,0.08188,0.07557313,0.09492784
3330,5.02143,0.08188,0.07568685,0.09507064
3335,5.02268,0.08185,0.07580055,0.09521339
3340,5.02288,0.08187,0.07591424,0.09535616
3345,5.02245,0.08187,0.07602795,0.09549889
3350,5.02108,0.08185,0.07614165,0.09564163
3355,5.02237,0.08188,0.07625535,0.09578443
3360,5.02268,0.08188,0.07636907,0.0959272
3365,5.02186,0.08186,0.07648278,0.09606994
3370,5.02175,0.08188,0.07659649,0.09621273
3375,5.02233,0.08188,0.07671021,0.0963555
3380,5.0219,0.08185,0.07682391,0.09649824
3385,5.02253,0.08186,0.0769376,0.09664102
3390,5.02331,0.08185,0.07705128,0.09678376
3395,5.02245,0.08188,0.07716499,0.09692655
3400,5.02229,0.08188,0.07727871,0.09706931
3405,5.02147,0.08184,0.0773924,0.09721203
3410,5.02249,0.08188,0.0775061,0.09735483
3415,5.02249,0.08188,0.07761982,0.09749762
3420,5.02245,0.08188,0.07773354,0.09764039
3425,5.02186,0.08186,0.07784725,0.09778314
3430,5.02225,0.08185,0.07796094,0.0979259
3435,5.02311,0.08188,0.07807464,0.09806872
3440,5.02335,0.08188,0.07818836,0.09821151
3445,5.02249,0.08187,0.07830208,0.09835425
3450,5.02147,0.08185,0.07841577,0.09849697
3455,5.02175,0.08187,0.07852947,0.09863975
3460,5.02241,0.08186,0.07864317,0.09878248
3465,5.02178,0.08188,0.07875688,0.09892525
3470,5.02159,0.08187,0.07887059,0.099068
3475,5.02155,0.08188,0.07898431,0.09921077
3480,5.02194,0.08185,0.07909801,0.09935351
3485,5.02225,0.08188,0.07921171,0.09949626
3490,5.02112,0.08186,0.07932542,0.09963895
3495,5.02007,0.08184,0.0794391,0.09978164
3500,5.02147,0.08184,0.07955276,0.09992433
3505,5.02128,0.08183,0.07966642,0.10006698
3510,5.0205,0.08184,0.07978008,0.10020968
3515,5.02182,0.08181,0.07989373,0.10035235
3520,5.02229,0.08181,0.08000735,0.100495
3525,5.02198,0.08181,0.08012098,0.10063765
3530,5.02186,0.08181,0.0802346,0.1007803
3535,5.02178,0.0818,0.08034822,0.10092296
3540,5.02253,0.08177,0.08046181,0.10106554
3545,5.02194,0.08181,0.08057541,0.10120819
3550,5.02155,0.08181,0.08068903,0.10135083
3555,5.02167,0.08181,0.08080266,0.10149351
3560,5.02276,0.08181,0.08091628,0.10163617
3565,5.02206,0.08182,0.08102992,0.10177881
3570,5.02081,0.08181,0.08114355,0.10192145
3575,5.02151,0.08181,0.08125717,0.10206408
3580,5.021,0.08181,0.0813708,0.10220674
3585,5.02221,0.08181,0.08148442,0.10234941
3590,5.02249,0.08185,0.08159808,0.10249213
3595,5.02167,0.08183,0.08171174,0.10263485
3600,5.02315,0.08185,0.08182541,0.10277765
