algorithm,trunc_bits,repetition,found,collision_index,hash_evaluations,ratio_to_expected
VSH-256,16,3,yes,55.0,308.0,0.17142051
VSH-256,16,31,yes,36.0,169.0,0.11220252
VSH-256,16,8,yes,152.0,703.0,0.47374396
VSH-256,16,1,yes,265.0,1277.0,0.82593519
VSH-256,16,14,yes,204.0,930.0,0.63581426
VSH-256,16,27,yes,134.0,612.0,0.4176427
VSH-256,16,22,yes,109.0,632.0,0.33972429
VSH-256,16,11,yes,383.0,1840.0,1.1937101
VSH-256,16,37,yes,240.0,1136.0,0.74801678
VSH-256,16,25,yes,118.0,802.0,0.36777491
VSH-256,16,34,yes,130.0,606.0,0.40517575
VSH-256,16,4,yes,452.0,2512.0,1.40876493
VSH-256,16,47,yes,87.0,412.0,0.27115608
VSH-256,16,5,yes,360.0,2032.0,1.12202516
VSH-256,16,46,yes,65.0,321.0,0.20258788
VSH-256,16,44,yes,283.0,1297.0,0.88203645
VSH-256,16,23,yes,199.0,938.0,0.62023058
VSH-256,16,48,yes,129.0,857.0,0.40205902
VSH-256,16,2,yes,501.0,2412.0,1.56148502
VSH-256,16,49,yes,98.0,612.0,0.30544018
VSH-256,16,35,yes,221.0,1276.0,0.68879878
VSH-256,16,28,yes,246.0,1408.0,0.7667172
VSH-256,16,20,yes,527.0,2542.0,1.64252017
VSH-256,16,12,yes,605.0,2736.0,1.88562562
VSH-256,16,26,yes,228.0,1111.0,0.71061594
VSH-256,16,30,yes,236.0,1123.0,0.73554983
VSH-256,16,40,yes,122.0,598.0,0.38024186
VSH-256,16,33,yes,201.0,977.0,0.62646405
VSH-256,16,19,yes,309.0,1756.0,0.9630716
VSH-256,16,9,yes,548.0,2695.0,1.70797164
VSH-256,16,0,yes,459.0,2711.0,1.43058208
VSH-256,16,6,yes,472.0,2804.0,1.47109966
VSH-256,16,7,yes,481.0,2170.0,1.49915029
VSH-256,16,13,yes,333.0,1663.0,1.03787328
VSH-256,16,18,yes,372.0,2300.0,1.159426
VSH-256,16,24,yes,354.0,1696.0,1.10332474
VSH-256,16,15,yes,608.0,2936.0,1.89497583
VSH-256,16,32,yes,505.0,2386.0,1.57395197
VSH-256,16,10,yes,414.0,2888.0,1.29032894
VSH-256,16,38,yes,407.0,1909.0,1.26851178
VSH-256,16,17,yes,467.0,3493.0,1.45551598
VSH-256,16,16,yes,408.0,2019.0,1.27162852
VSH-256,16,36,yes,552.0,2587.0,1.72043858
VSH-256,16,45,yes,486.0,2819.0,1.51473397
VSH-256,16,21,yes,317.0,1427.0,0.98800549
VSH-256,16,39,yes,461.0,2241.0,1.43681556
VSH-256,16,42,yes,632.0,2963.0,1.96977751
VSH-256,16,43,yes,348.0,1575.0,1.08462432
VSH-256,16,29,yes,431.0,2624.0,1.34331346
VSH-256,16,41,yes,915.0,4523.0,2.85181396
VSH-256,24,22,yes,814.0,4780.0,0.15856397
VSH-256,24,47,yes,882.0,4310.0,0.1718101
VSH-256,24,13,yes,923.0,4179.0,0.17979674
VSH-256,24,19,yes,1668.0,10072.0,0.32491979
VSH-256,24,8,yes,2709.0,12964.0,0.52770246
VSH-256,24,49,yes,1088.0,7212.0,0.21193809
VSH-256,24,34,yes,1887.0,8644.0,0.36758012
VSH-256,24,44,yes,2418.0,10913.0,0.47101681
VSH-256,24,14,yes,1874.0,11157.0,0.36504777
VSH-256,24,30,yes,2538.0,12165.0,0.49439234
VSH-256,24,10,yes,3757.0,21734.0,0.7318487
VSH-256,24,2,yes,5107.0,23277.0,0.99482335
VSH-256,24,31,yes,3538.0,17073.0,0.68918837
VSH-256,24,4,yes,2584.0,16097.0,0.50335296
VSH-256,24,38,yes,3242.0,16176.0,0.63152875
VSH-256,24,24,yes,3913.0,19535.0,0.76223689
VSH-256,24,20,yes,4294.0,27277.0,0.83645418
VSH-256,24,16,yes,4186.0,25620.0,0.8154162
VSH-256,24,5,yes,5979.0,28824.0,1.1646855
VSH-256,24,15,yes,5620.0,31400.0,1.09475372
VSH-256,24,11,yes,6223.0,29311.0,1.21221573
VSH-256,24,7,yes,6435.0,30835.0,1.25351249
VSH-256,24,1,yes,5082.0,24424.0,0.98995345
VSH-256,24,40,yes,4952.0,28817.0,0.96462997
VSH-256,24,33,yes,4820.0,23924.0,0.93891689
VSH-256,24,37,yes,7464.0,35801.0,1.45395761
VSH-256,24,6,yes,6180.0,40262.0,1.2038395
VSH-256,24,27,yes,3220.0,21871.0,0.62724323
VSH-256,24,35,yes,3600.0,22170.0,0.70126573
VSH-256,24,23,yes,5718.0,25739.0,1.11384373
VSH-256,24,17,yes,8636.0,40092.0,1.68225856
VSH-256,24,9,yes,5432.0,25032.0,1.05813206
VSH-256,24,3,yes,6631.0,31020.0,1.29169251
VSH-256,24,21,yes,7540.0,48646.0,1.46876211
VSH-256,24,41,yes,6214.0,28656.0,1.21046256
VSH-256,24,18,yes,7230.0,44280.0,1.40837534
VSH-256,24,43,yes,7694.0,35796.0,1.4987607
VSH-256,24,36,yes,6025.0,27786.0,1.17364611
VSH-256,24,46,yes,6450.0,42100.0,1.25643443
VSH-256,24,42,yes,5730.0,28203.0,1.11618128
VSH-256,24,48,yes,6786.0,32396.0,1.3218859
VSH-256,24,12,yes,6480.0,35592.0,1.26227831
VSH-256,24,25,yes,7737.0,49268.0,1.50713693
VSH-256,24,32,yes,7385.0,36016.0,1.43856872
VSH-256,24,45,yes,6508.0,37228.0,1.2677326
VSH-256,24,29,yes,5355.0,34460.0,1.04313277
VSH-256,24,0,yes,7626.0,47053.0,1.48551457
VSH-256,24,26,yes,7916.0,43348.0,1.54200542
VSH-256,24,28,yes,8844.0,41819.0,1.72277614
VSH-256,24,39,yes,8432.0,58048.0,1.64252017
VSH-256,32,23,yes,28318.0,137394.0,0.34476463
VSH-256,32,33,yes,18440.0,89580.0,0.22450243
VSH-256,32,41,yes,24577.0,110831.0,0.29921889
VSH-256,32,39,yes,29343.0,139436.0,0.35724375
VSH-256,32,11,yes,27746.0,138298.0,0.33780067
VSH-256,32,19,yes,57197.0,267462.0,0.6963593
VSH-256,32,9,yes,47364.0,228007.0,0.57664496
VSH-256,32,38,yes,42520.0,198989.0,0.51767046
VSH-256,32,27,yes,42097.0,208185.0,0.51252054
VSH-256,32,24,yes,65782.0,350920.0,0.80087955
VSH-256,32,17,yes,75692.0,342404.0,0.92153134
VSH-256,32,44,yes,35804.0,205036.0,0.43590483
VSH-256,32,25,yes,60968.0,303678.0,0.74227029
VSH-256,32,47,yes,62080.0,290988.0,0.75580862
VSH-256,32,5,yes,73291.0,336103.0,0.89229976
VSH-256,32,36,yes,50357.0,294521.0,0.613084
VSH-256,32,20,yes,55631.0,367635.0,0.67729364
VSH-256,32,4,yes,69206.0,328906.0,0.8425659
VSH-256,32,18,yes,94361.0,434545.0,1.14882179
VSH-256,32,3,yes,48244.0,309180.0,0.58735875
VSH-256,32,49,yes,39407.0,269808.0,0.47977046
VSH-256,32,10,yes,66325.0,299455.0,0.80749044
VSH-256,32,15,yes,84107.0,395938.0,1.02398188
VSH-256,32,40,yes,64707.0,310174.0,0.78779169
VSH-256,32,1,yes,92659.0,441244.0,1.12810036
VSH-256,32,32,yes,71869.0,349911.0,0.87498727
VSH-256,32,29,yes,74967.0,364162.0,0.91270465
VSH-256,32,45,yes,62375.0,292988.0,0.75940017
VSH-256,32,31,yes,116735.0,543941.0,1.4212197
VSH-256,32,30,yes,78145.0,385115.0,0.95139601
VSH-256,32,12,yes,68317.0,393024.0,0.83174255
VSH-256,32,16,yes,70162.0,416497.0,0.85420496
VSH-256,32,43,yes,86880.0,431158.0,1.05774247
VSH-256,32,13,yes,87679.0,565116.0,1.0674701
VSH-256,32,22,yes,123915.0,573303.0,1.50863442
VSH-256,32,6,yes,51942.0,355583.0,0.63238098
VSH-256,32,35,yes,94892.0,452467.0,1.15528659
VSH-256,32,26,yes,75560.0,404932.0,0.91992428
VSH-256,32,42,yes,64698.0,427464.0,0.78768212
VSH-256,32,7,yes,103240.0,584296.0,1.25692142
VSH-256,32,2,yes,143619.0,670186.0,1.74852574
VSH-256,32,14,yes,130306.0,610304.0,1.58644326
VSH-256,32,8,yes,85729.0,574866.0,1.04372933
VSH-256,32,46,yes,107330.0,498287.0,1.30671615
VSH-256,32,34,yes,80967.0,556464.0,0.98575316
VSH-256,32,48,yes,111333.0,747413.0,1.35545169
VSH-256,32,37,yes,157893.0,845588.0,1.92230815
VSH-256,32,21,yes,98591.0,663640.0,1.200321
VSH-256,32,0,yes,155581.0,992681.0,1.89416012
VSH-256,32,28,yes,229565.0,1105049.0,2.79489699
VSH-256,40,29,yes,50474.0,230389.0,0.03840678
VSH-256,40,9,yes,286404.0,1340336.0,0.21793111
VSH-256,40,3,yes,265037.0,1521548.0,0.20167249
VSH-256,40,5,yes,382046.0,1762113.0,0.29070721
VSH-256,40,13,yes,371558.0,2141593.0,0.28272666
VSH-256,40,10,yes,419710.0,2098314.0,0.31936658
VSH-256,40,23,yes,504926.0,2414503.0,0.38420931
VSH-256,40,2,yes,563318.0,2613927.0,0.42864107
VSH-256,40,1,yes,759301.0,3468126.0,0.57776885
VSH-256,40,24,yes,549103.0,3282798.0,0.41782456
VSH-256,40,21,yes,1156472.0,5665686.0,0.879985
VSH-256,40,17,yes,906414.0,5497589.0,0.68971037
VSH-256,40,8,yes,1175546.0,5475297.0,0.89449883
VSH-256,40,11,yes,1026459.0,5704064.0,0.78105525
VSH-256,40,18,yes,1371426.0,6746834.0,1.04354823
VSH-256,40,26,yes,1051472.0,6163704.0,0.80008819
VSH-256,40,12,yes,1417152.0,6974227.0,1.07834215
VSH-256,40,25,yes,1396799.0,6814683.0,1.06285511
VSH-256,40,16,yes,1393651.0,8363215.0,1.06045972
VSH-256,40,4,yes,1537345.0,8708976.0,1.16979965
VSH-256,40,0,yes,1542459.0,9213124.0,1.17369101
VSH-256,40,27,yes,1844070.0,8569656.0,1.40319346
VSH-256,40,20,yes,1823328.0,10978722.0,1.38741041
VSH-256,40,6,yes,1889011.0,11341665.0,1.43739005
VSH-256,40,22,yes,2485790.0,11447158.0,1.89149233
VSH-256,40,19,yes,2589451.0,12633304.0,1.97037027
VSH-256,40,7,yes,2960313.0,14033406.0,2.25256733
VSH-256,40,14,yes,2447658.0,14341172.0,1.86247685
VSH-256,40,15,yes,2784657.0,16778188.0,2.11890681
VSH-256,40,28,yes,3025567.0,18672871.0,2.30222053
VSH-256,48,1,yes,9302137.0,44598710.0,0.44238755
VSH-256,48,9,yes,11119407.0,50899079.0,0.5288126
VSH-256,48,8,yes,10685696.0,48954236.0,0.50818633
VSH-256,48,2,yes,13691013.0,75667708.0,0.65111207
VSH-256,48,7,yes,15186679.0,103412590.0,0.7222424
VSH-256,48,3,yes,20641172.0,101121236.0,0.98164513
VSH-256,48,6,yes,16210823.0,108079078.0,0.77094825
VSH-256,48,4,yes,24804652.0,147889867.0,1.17965036
VSH-256,48,0,yes,43797211.0,216080570.0,2.08289137
VSH-256,48,5,yes,44623481.0,223111111.0,2.12218681
VSH-256,56,1,yes,61876128.0,347237268.0,0.18391761
VSH-256,56,2,yes,112225069.0,540261768.0,0.33357236
VSH-256,56,3,yes,371035552.0,2183290868.0,1.10284812
VSH-256,56,0,yes,435024479.0,2813792246.0,1.29304571
VSH-256,56,4,yes,435285644.0,2802100796.0,1.29382199
SpVSH-320,16,34,yes,29.0,136.0,0.09038536
SpVSH-320,16,48,yes,17.0,84.0,0.05298452
SpVSH-320,16,16,yes,95.0,464.0,0.29608997
SpVSH-320,16,7,yes,106.0,632.0,0.33037408
SpVSH-320,16,40,yes,48.0,218.0,0.14960336
SpVSH-320,16,0,yes,167.0,775.0,0.52049501
SpVSH-320,16,6,yes,232.0,1352.0,0.72308288
SpVSH-320,16,11,yes,86.0,498.0,0.26803934
SpVSH-320,16,31,yes,275.0,1291.0,0.85710256
SpVSH-320,16,8,yes,119.0,550.0,0.37089165
SpVSH-320,16,13,yes,171.0,795.0,0.53296195
SpVSH-320,16,28,yes,152.0,736.0,0.47374396
SpVSH-320,16,29,yes,140.0,776.0,0.43634312
SpVSH-320,16,2,yes,251.0,1215.0,0.78230088
SpVSH-320,16,12,yes,96.0,626.0,0.29920671
SpVSH-320,16,1,yes,181.0,1199.0,0.56412932
SpVSH-320,16,3,yes,288.0,1792.0,0.89762013
SpVSH-320,16,5,yes,451.0,2246.0,1.40564819
SpVSH-320,16,35,yes,276.0,1319.0,0.86021929
SpVSH-320,16,26,yes,220.0,1342.0,0.68568204
SpVSH-320,16,45,yes,346.0,1712.0,1.07839085
SpVSH-320,16,33,yes,188.0,932.0,0.58594647
SpVSH-320,16,14,yes,236.0,1112.0,0.73554983
SpVSH-320,16,27,yes,289.0,1431.0,0.90073687
SpVSH-320,16,10,yes,318.0,1525.0,0.99112223
SpVSH-320,16,17,yes,272.0,1236.0,0.84775235
SpVSH-320,16,39,yes,254.0,1204.0,0.79165109
SpVSH-320,16,25,yes,348.0,1668.0,1.08462432
SpVSH-320,16,9,yes,456.0,2179.0,1.42123187
SpVSH-320,16,43,yes,244.0,1190.0,0.76048372
SpVSH-320,16,22,yes,474.0,2346.0,1.47733313
SpVSH-320,16,32,yes,195.0,943.0,0.60776363
SpVSH-320,16,44,yes,348.0,2008.0,1.08462432
SpVSH-320,16,21,yes,284.0,1383.0,0.88515318
SpVSH-320,16,37,yes,296.0,1395.0,0.92255402
SpVSH-320,16,47,yes,262.0,1247.0,0.81658498
SpVSH-320,16,46,yes,163.0,1030.0,0.50802806
SpVSH-320,16,15,yes,318.0,1912.0,0.99112223
SpVSH-320,16,23,yes,431.0,2008.0,1.34331346
SpVSH-320,16,30,yes,391.0,1807.0,1.218644
SpVSH-320,16,18,yes,414.0,2824.0,1.29032894
SpVSH-320,16,42,yes,466.0,2158.0,1.45239924
SpVSH-320,16,38,yes,436.0,3043.0,1.35889714
SpVSH-320,16,49,yes,406.0,1870.0,1.26539505
SpVSH-320,16,24,yes,452.0,2900.0,1.40876493
SpVSH-320,16,4,yes,501.0,2365.0,1.56148502
SpVSH-320,16,41,yes,394.0,2288.0,1.22799421
SpVSH-320,16,20,yes,608.0,2821.0,1.89497583
SpVSH-320,16,19,yes,605.0,3292.0,1.88562562
SpVSH-320,16,36,yes,691.0,3346.0,2.15366497
SpVSH-320,24,11,yes,568.0,3532.0,0.11064415
SpVSH-320,24,10,yes,1089.0,6300.0,0.21213288
SpVSH-320,24,5,yes,1428.0,8076.0,0.27816874
SpVSH-320,24,34,yes,1377.0,7688.0,0.26823414
SpVSH-320,24,45,yes,1895.0,8823.0,0.36913849
SpVSH-320,24,44,yes,1676.0,8368.0,0.32647816
SpVSH-320,24,22,yes,1742.0,8551.0,0.33933469
SpVSH-320,24,38,yes,1613.0,9441.0,0.31420601
SpVSH-320,24,14,yes,1553.0,10832.0,0.30251824
SpVSH-320,24,19,yes,3373.0,16617.0,0.65704703
SpVSH-320,24,2,yes,3106.0,20453.0,0.60503649
SpVSH-320,24,15,yes,4366.0,20298.0,0.85047949
SpVSH-320,24,13,yes,4205.0,19136.0,0.81911733
SpVSH-320,24,4,yes,2713.0,12745.0,0.52848164
SpVSH-320,24,0,yes,3342.0,16084.0,0.65100835
SpVSH-320,24,20,yes,2642.0,17393.0,0.51465113
SpVSH-320,24,32,yes,3024.0,13712.0,0.58906321
SpVSH-320,24,3,yes,3229.0,15798.0,0.6289964
SpVSH-320,24,18,yes,2987.0,15948.0,0.58185576
SpVSH-320,24,25,yes,4254.0,29426.0,0.82866233
SpVSH-320,24,26,yes,3473.0,17360.0,0.67652663
SpVSH-320,24,21,yes,7042.0,33368.0,1.37175368
SpVSH-320,24,36,yes,4164.0,26156.0,0.81113069
SpVSH-320,24,49,yes,4345.0,21427.0,0.84638877
SpVSH-320,24,12,yes,7937.0,36662.0,1.54609613
SpVSH-320,24,42,yes,4306.0,20310.0,0.83879173
SpVSH-320,24,48,yes,5348.0,35993.0,1.0417692
SpVSH-320,24,46,yes,3738.0,25963.0,0.72814758
SpVSH-320,24,33,yes,6379.0,34948.0,1.24260391
SpVSH-320,24,9,yes,4881.0,27108.0,0.95079945
SpVSH-320,24,28,yes,7631.0,50099.0,1.48648855
SpVSH-320,24,40,yes,5855.0,38124.0,1.14053079
SpVSH-320,24,30,yes,7707.0,50588.0,1.50129304
SpVSH-320,24,8,yes,7958.0,55396.0,1.55018685
SpVSH-320,24,35,yes,6359.0,31443.0,1.23870799
SpVSH-320,24,41,yes,7199.0,43566.0,1.40233666
SpVSH-320,24,47,yes,7083.0,34640.0,1.37974032
SpVSH-320,24,17,yes,7538.0,36921.0,1.46837251
SpVSH-320,24,23,yes,6443.0,37940.0,1.25507086
SpVSH-320,24,39,yes,7478.0,34068.0,1.45668475
SpVSH-320,24,7,yes,5408.0,37219.0,1.05345696
SpVSH-320,24,43,yes,8608.0,40705.0,1.67680427
SpVSH-320,24,29,yes,8558.0,46476.0,1.66706447
SpVSH-320,24,37,yes,9450.0,43152.0,1.84082253
SpVSH-320,24,31,yes,10505.0,70104.0,2.04633235
SpVSH-320,24,27,yes,8567.0,56364.0,1.66881763
SpVSH-320,24,1,yes,11667.0,66180.0,2.27268534
SpVSH-320,24,24,yes,11085.0,73990.0,2.15931405
SpVSH-320,24,6,yes,14769.0,71044.0,2.87694265
SpVSH-320,24,16,yes,9510.0,64340.0,1.8525103
SpVSH-320,32,12,yes,2052.0,14079.0,0.02498259
SpVSH-320,32,15,yes,19243.0,131719.0,0.23427876
SpVSH-320,32,2,yes,11085.0,73410.0,0.13495713
SpVSH-320,32,42,yes,17390.0,95084.0,0.21171894
SpVSH-320,32,43,yes,21172.0,97170.0,0.25776385
SpVSH-320,32,0,yes,47227.0,221019.0,0.57497702
SpVSH-320,32,47,yes,26602.0,184640.0,0.32387276
SpVSH-320,32,23,yes,37254.0,203280.0,0.45355822
SpVSH-320,32,28,yes,29570.0,158212.0,0.36000742
SpVSH-320,32,40,yes,38637.0,238023.0,0.4703959
SpVSH-320,32,34,yes,24822.0,169168.0,0.3022017
SpVSH-320,32,7,yes,42103.0,203608.0,0.51259359
SpVSH-320,32,26,yes,58450.0,345160.0,0.71161427
SpVSH-320,32,6,yes,69456.0,346753.0,0.84560959
SpVSH-320,32,39,yes,48266.0,232580.0,0.58762659
SpVSH-320,32,41,yes,47448.0,233426.0,0.57766764
SpVSH-320,32,27,yes,40895.0,200427.0,0.49788649
SpVSH-320,32,16,yes,39613.0,259085.0,0.48227846
SpVSH-320,32,10,yes,50764.0,231952.0,0.61803912
SpVSH-320,32,11,yes,63320.0,303417.0,0.77090531
SpVSH-320,32,29,yes,58823.0,406776.0,0.71615545
SpVSH-320,32,35,yes,45782.0,261700.0,0.55738451
SpVSH-320,32,20,yes,69888.0,432783.0,0.85086908
SpVSH-320,32,14,yes,44095.0,247176.0,0.5368457
SpVSH-320,32,49,yes,52105.0,258240.0,0.63436546
SpVSH-320,32,45,yes,57267.0,277254.0,0.69721153
SpVSH-320,32,5,yes,42238.0,286456.0,0.51423718
SpVSH-320,32,21,yes,69998.0,473502.0,0.85220831
SpVSH-320,32,46,yes,48753.0,322324.0,0.59355569
SpVSH-320,32,19,yes,105774.0,510354.0,1.28777224
SpVSH-320,32,9,yes,80751.0,488974.0,0.98312342
SpVSH-320,32,33,yes,94717.0,529920.0,1.15315601
SpVSH-320,32,1,yes,92910.0,427368.0,1.13115623
SpVSH-320,32,3,yes,62924.0,372453.0,0.76608411
SpVSH-320,32,24,yes,69045.0,431374.0,0.84060577
SpVSH-320,32,18,yes,84586.0,503496.0,1.02981359
SpVSH-320,32,36,yes,104281.0,487269.0,1.26959534
SpVSH-320,32,22,yes,77639.0,528734.0,0.94523559
SpVSH-320,32,13,yes,96061.0,472249.0,1.16951887
SpVSH-320,32,48,yes,77561.0,532004.0,0.94428596
SpVSH-320,32,30,yes,106827.0,696874.0,1.30059225
SpVSH-320,32,4,yes,122251.0,764175.0,1.48837563
SpVSH-320,32,17,yes,141524.0,857646.0,1.72301963
SpVSH-320,32,38,yes,107623.0,705816.0,1.31028336
SpVSH-320,32,25,yes,152074.0,813652.0,1.85146327
SpVSH-320,32,44,yes,133309.0,746588.0,1.62300404
SpVSH-320,32,32,yes,144053.0,825440.0,1.75380958
SpVSH-320,32,37,yes,147077.0,905368.0,1.79062603
SpVSH-320,32,31,yes,245431.0,1213113.0,2.98806161
SpVSH-320,32,8,yes,224151.0,1481604.0,2.72898288
SpVSH-320,40,5,yes,447847.0,2079040.0,0.34077664
SpVSH-320,40,3,yes,298347.0,2075343.0,0.2270188
SpVSH-320,40,2,yes,408548.0,2580102.0,0.31087317
SpVSH-320,40,14,yes,557730.0,2623441.0,0.42438903
SpVSH-320,40,25,yes,502685.0,3352327.0,0.38250408
SpVSH-320,40,10,yes,644649.0,3779327.0,0.49052761
SpVSH-320,40,8,yes,857636.0,4171663.0,0.65259411
SpVSH-320,40,29,yes,808295.0,5219140.0,0.61504946
SpVSH-320,40,19,yes,874733.0,5213468.0,0.6656036
SpVSH-320,40,1,yes,1165633.0,5571370.0,0.88695581
SpVSH-320,40,26,yes,991459.0,5810196.0,0.75442298
SpVSH-320,40,11,yes,1281358.0,6002950.0,0.97501351
SpVSH-320,40,28,yes,1277105.0,5859707.0,0.97177731
SpVSH-320,40,20,yes,1346698.0,6224998.0,1.02473215
SpVSH-320,40,17,yes,1359307.0,6489081.0,1.03432662
SpVSH-320,40,22,yes,1536244.0,7237544.0,1.16896188
SpVSH-320,40,13,yes,1581484.0,7594020.0,1.20338599
SpVSH-320,40,15,yes,1164520.0,7894285.0,0.8861089
SpVSH-320,40,23,yes,1683245.0,8005309.0,1.28081817
SpVSH-320,40,18,yes,1490905.0,8216008.0,1.13446243
SpVSH-320,40,27,yes,1390600.0,9288444.0,1.05813815
SpVSH-320,40,0,yes,1953975.0,9423660.0,1.48682259
SpVSH-320,40,7,yes,1953716.0,9423274.0,1.48662551
SpVSH-320,40,4,yes,2131174.0,9724377.0,1.62165721
SpVSH-320,40,9,yes,1990508.0,11552628.0,1.51462135
SpVSH-320,40,24,yes,2410350.0,14158780.0,1.83408837
SpVSH-320,40,12,yes,2382502.0,15085752.0,1.81289822
SpVSH-320,40,21,yes,2482296.0,15941164.0,1.88883367
SpVSH-320,40,16,yes,2775241.0,16962134.0,2.11174197
SpVSH-320,40,6,yes,3042595.0,19965788.0,2.31517751
SpVSH-320,48,4,yes,2426086.0,11682844.0,0.11537889
SpVSH-320,48,7,yes,11520222.0,53785443.0,0.54787441
SpVSH-320,48,8,yes,19566779.0,94416196.0,0.93054955
SpVSH-320,48,2,yes,17303412.0,109953998.0,0.82290919
SpVSH-320,48,1,yes,22605959.0,110012279.0,1.07508574
SpVSH-320,48,5,yes,20948778.0,120530004.0,0.99627415
SpVSH-320,48,0,yes,18389590.0,125313420.0,0.87456524
SpVSH-320,48,3,yes,37677542.0,172917922.0,1.79185444
SpVSH-320,48,9,yes,29766503.0,207894062.0,1.41562421
SpVSH-320,48,6,yes,39478342.0,272814028.0,1.87749622
SpVSH-320,56,1,yes,84861183.0,559620700.0,0.25223727
SpVSH-320,56,4,yes,323997798.0,1597136219.0,0.96303538
SpVSH-320,56,2,yes,533212119.0,2544651423.0,1.5848939
SpVSH-320,56,0,yes,539096744.0,2524841600.0,1.60238508
SpVSH-320,56,3,yes,545156208.0,2721464051.0,1.62039593
SHA-3-256,16,15,yes,40.0,185.0,0.12466946
SHA-3-256,16,20,yes,31.0,153.0,0.09661883
SHA-3-256,16,6,yes,294.0,1444.0,0.91632055
SHA-3-256,16,3,yes,131.0,641.0,0.40829249
SHA-3-256,16,8,yes,107.0,522.0,0.33349081
SHA-3-256,16,10,yes,124.0,581.0,0.38647533
SHA-3-256,16,28,yes,57.0,276.0,0.17765398
SHA-3-256,16,4,yes,237.0,1092.0,0.73866657
SHA-3-256,16,29,yes,89.0,444.0,0.27738955
SHA-3-256,16,44,yes,26.0,168.0,0.08103515
SHA-3-256,16,26,yes,122.0,595.0,0.38024186
SHA-3-256,16,9,yes,182.0,1168.0,0.56724605
SHA-3-256,16,13,yes,157.0,948.0,0.48932764
SHA-3-256,16,40,yes,56.0,269.0,0.17453725
SHA-3-256,16,23,yes,191.0,903.0,0.59529668
SHA-3-256,16,30,yes,112.0,756.0,0.3490745
SHA-3-256,16,35,yes,221.0,1019.0,0.68879878
SHA-3-256,16,17,yes,176.0,1136.0,0.54854564
SHA-3-256,16,22,yes,205.0,1000.0,0.638931
SHA-3-256,16,32,yes,371.0,1764.0,1.15630927
SHA-3-256,16,7,yes,199.0,1168.0,0.62023058
SHA-3-256,16,16,yes,173.0,844.0,0.53919543
SHA-3-256,16,31,yes,169.0,1132.0,0.52672848
SHA-3-256,16,2,yes,228.0,1409.0,0.71061594
SHA-3-256,16,12,yes,330.0,1491.0,1.02852307
SHA-3-256,16,18,yes,302.0,1424.0,0.94125444
SHA-3-256,16,5,yes,397.0,1965.0,1.23734442
SHA-3-256,16,1,yes,293.0,1620.0,0.91320381
SHA-3-256,16,45,yes,232.0,1103.0,0.72308288
SHA-3-256,16,46,yes,325.0,1498.0,1.01293938
SHA-3-256,16,0,yes,339.0,2308.0,1.0565737
SHA-3-256,16,37,yes,243.0,1173.0,0.75736699
SHA-3-256,16,33,yes,288.0,1348.0,0.89762013
SHA-3-256,16,48,yes,373.0,1811.0,1.16254274
SHA-3-256,16,34,yes,378.0,1826.0,1.17812642
SHA-3-256,16,25,yes,322.0,2030.0,1.00358917
SHA-3-256,16,19,yes,351.0,2404.0,1.09397453
SHA-3-256,16,11,yes,469.0,2119.0,1.46174945
SHA-3-256,16,49,yes,252.0,1491.0,0.78541761
SHA-3-256,16,21,yes,389.0,2426.0,1.21241052
SHA-3-256,16,41,yes,679.0,4096.0,2.11626413
SHA-3-256,16,24,yes,291.0,1640.0,0.90697034
SHA-3-256,16,39,yes,639.0,3075.0,1.99159467
SHA-3-256,16,43,yes,630.0,2906.0,1.96354404
SHA-3-256,16,14,yes,629.0,3064.0,1.9604273
SHA-3-256,16,42,yes,461.0,2824.0,1.43681556
SHA-3-256,16,36,yes,604.0,2827.0,1.88250889
SHA-3-256,16,27,yes,631.0,2914.0,1.96666077
SHA-3-256,16,38,yes,524.0,3356.0,1.63316996
SHA-3-256,16,47,yes,347.0,2376.0,1.08150759
SHA-3-256,24,21,yes,863.0,3913.0,0.16810898
SHA-3-256,24,9,yes,1189.0,6400.0,0.23161249
SHA-3-256,24,12,yes,3440.0,15643.0,0.67009836
SHA-3-256,24,3,yes,2360.0,11321.0,0.45971864
SHA-3-256,24,10,yes,2084.0,14192.0,0.40595494
SHA-3-256,24,30,yes,2355.0,16135.0,0.45874466
SHA-3-256,24,28,yes,3069.0,19353.0,0.59782903
SHA-3-256,24,45,yes,2926.0,13861.0,0.5699732
SHA-3-256,24,13,yes,2102.0,14438.0,0.40946127
SHA-3-256,24,46,yes,1941.0,13540.0,0.3780991
SHA-3-256,24,43,yes,2199.0,15180.0,0.42835648
SHA-3-256,24,11,yes,4133.0,27413.0,0.80509201
SHA-3-256,24,31,yes,5300.0,26485.0,1.03241899
SHA-3-256,24,7,yes,6666.0,30024.0,1.29851037
SHA-3-256,24,35,yes,2449.0,15743.0,0.47705549
SHA-3-256,24,26,yes,5011.0,30901.0,0.97612293
SHA-3-256,24,22,yes,5717.0,26851.0,1.11364893
SHA-3-256,24,41,yes,4363.0,20688.0,0.8498951
SHA-3-256,24,16,yes,7239.0,34027.0,1.4101285
SHA-3-256,24,24,yes,4118.0,19413.0,0.80217007
SHA-3-256,24,8,yes,3870.0,23880.0,0.75386066
SHA-3-256,24,42,yes,4599.0,22197.0,0.89586697
SHA-3-256,24,2,yes,5385.0,25796.0,1.04897665
SHA-3-256,24,14,yes,6485.0,37455.0,1.26325229
SHA-3-256,24,19,yes,4216.0,27044.0,0.82126009
SHA-3-256,24,29,yes,5725.0,26829.0,1.1152073
SHA-3-256,24,40,yes,3447.0,23707.0,0.67146193
SHA-3-256,24,18,yes,5194.0,25744.0,1.01177061
SHA-3-256,24,5,yes,6000.0,27678.0,1.16877621
SHA-3-256,24,27,yes,6004.0,27339.0,1.1695554
SHA-3-256,24,0,yes,4919.0,33068.0,0.9582017
SHA-3-256,24,34,yes,4727.0,29338.0,0.92080086
SHA-3-256,24,1,yes,4692.0,32051.0,0.913983
SHA-3-256,24,44,yes,5270.0,30960.0,1.02657511
SHA-3-256,24,4,yes,12235.0,56683.0,2.38332949
SHA-3-256,24,38,yes,7601.0,36584.0,1.48064466
SHA-3-256,24,37,yes,6476.0,44296.0,1.26149912
SHA-3-256,24,23,yes,7114.0,32355.0,1.385779
SHA-3-256,24,36,yes,8201.0,50241.0,1.59752229
SHA-3-256,24,39,yes,5394.0,34086.0,1.05072981
SHA-3-256,24,48,yes,9398.0,43336.0,1.83069314
SHA-3-256,24,17,yes,12792.0,59811.0,2.49183088
SHA-3-256,24,15,yes,7514.0,34722.0,1.46369741
SHA-3-256,24,33,yes,8636.0,42526.0,1.68225856
SHA-3-256,24,6,yes,8069.0,39102.0,1.57180921
SHA-3-256,24,47,yes,7549.0,40496.0,1.47051527
SHA-3-256,24,25,yes,10396.0,50892.0,2.02509958
SHA-3-256,24,32,yes,7413.0,46980.0,1.44402301
SHA-3-256,24,20,yes,11261.0,70174.0,2.19359815
SHA-3-256,24,49,yes,9277.0,56508.0,1.80712282
SHA-3-256,32,5,yes,21834.0,99403.0,0.26582354
SHA-3-256,32,26,yes,20976.0,97696.0,0.2553776
SHA-3-256,32,7,yes,15842.0,78381.0,0.19287242
SHA-3-256,32,24,yes,33722.0,159379.0,0.41055699
SHA-3-256,32,17,yes,24796.0,161554.0,0.30188516
SHA-3-256,32,45,yes,56726.0,261862.0,0.69062499
SHA-3-256,32,8,yes,52351.0,334724.0,0.63736045
SHA-3-256,32,15,yes,49594.0,235245.0,0.60379466
SHA-3-256,32,18,yes,77146.0,367503.0,0.93923343
SHA-3-256,32,4,yes,66173.0,316894.0,0.80563988
SHA-3-256,32,12,yes,69395.0,394568.0,0.84486693
SHA-3-256,32,11,yes,83105.0,396721.0,1.01178278
SHA-3-256,32,39,yes,64134.0,303682.0,0.78081556
SHA-3-256,32,41,yes,58379.0,288980.0,0.71074986
SHA-3-256,32,28,yes,48612.0,242457.0,0.59183905
SHA-3-256,32,31,yes,90191.0,423778.0,1.09805308
SHA-3-256,32,14,yes,96773.0,449485.0,1.1781873
SHA-3-256,32,0,yes,80621.0,454288.0,0.9815407
SHA-3-256,32,23,yes,74671.0,472599.0,0.90910092
SHA-3-256,32,10,yes,54099.0,306028.0,0.65864192
SHA-3-256,32,22,yes,105808.0,511185.0,1.28818618
SHA-3-256,32,13,yes,56401.0,365848.0,0.6866682
SHA-3-256,32,20,yes,76760.0,355177.0,0.93453398
SHA-3-256,32,29,yes,113823.0,543550.0,1.38576682
SHA-3-256,32,35,yes,74030.0,397060.0,0.90129691
SHA-3-256,32,46,yes,53813.0,347345.0,0.65515994
SHA-3-256,32,27,yes,90031.0,587060.0,1.09610512
SHA-3-256,32,19,yes,69421.0,393204.0,0.84518347
SHA-3-256,32,25,yes,65236.0,373756.0,0.79423214
SHA-3-256,32,32,yes,95998.0,436365.0,1.16875186
SHA-3-256,32,21,yes,90257.0,584948.0,1.09885661
SHA-3-256,32,16,yes,78011.0,456064.0,0.94976459
SHA-3-256,32,6,yes,76213.0,442868.0,0.92787439
SHA-3-256,32,42,yes,79855.0,491802.0,0.97221484
SHA-3-256,32,43,yes,97101.0,636041.0,1.18218061
SHA-3-256,32,47,yes,112929.0,542005.0,1.37488259
SHA-3-256,32,36,yes,114053.0,517107.0,1.38856701
SHA-3-256,32,38,yes,85727.0,494420.0,1.04370498
SHA-3-256,32,40,yes,104862.0,620904.0,1.27666887
SHA-3-256,32,48,yes,92672.0,578467.0,1.12825864
SHA-3-256,32,9,yes,171848.0,798092.0,2.09220682
SHA-3-256,32,33,yes,110911.0,651488.0,1.35031394
SHA-3-256,32,44,yes,137044.0,654038.0,1.66847674
SHA-3-256,32,34,yes,125388.0,703004.0,1.52656783
SHA-3-256,32,2,yes,149405.0,861108.0,1.81896885
SHA-3-256,32,30,yes,132339.0,829754.0,1.61119453
SHA-3-256,32,1,yes,146654.0,843484.0,1.78547611
SHA-3-256,32,49,yes,144685.0,848128.0,1.76150402
SHA-3-256,32,3,yes,143928.0,885532.0,1.75228774
SHA-3-256,32,37,yes,151490.0,1035450.0,1.84435321
SHA-3-256,40,9,yes,196939.0,1276136.0,0.14985522
SHA-3-256,40,29,yes,296429.0,1643916.0,0.22555935
SHA-3-256,40,4,yes,702132.0,3220943.0,0.53426769
SHA-3-256,40,10,yes,524301.0,3355591.0,0.39895217
SHA-3-256,40,3,yes,753807.0,4549048.0,0.57358834
SHA-3-256,40,0,yes,906786.0,4529446.0,0.68999343
SHA-3-256,40,22,yes,996701.0,4868768.0,0.75841173
SHA-3-256,40,18,yes,911976.0,5055128.0,0.69394261
SHA-3-256,40,17,yes,833188.0,5057839.0,0.63399109
SHA-3-256,40,14,yes,1160117.0,5500242.0,0.88275856
SHA-3-256,40,7,yes,1181202.0,5510749.0,0.8988026
SHA-3-256,40,13,yes,1208835.0,5534087.0,0.91982916
SHA-3-256,40,21,yes,1253671.0,6153568.0,0.95394586
SHA-3-256,40,1,yes,1032120.0,5967261.0,0.78536283
SHA-3-256,40,20,yes,1156402.0,6258700.0,0.87993174
SHA-3-256,40,15,yes,1150748.0,6425192.0,0.87562948
SHA-3-256,40,19,yes,1501390.0,7371121.0,1.1424407
SHA-3-256,40,8,yes,1674098.0,8152789.0,1.27385802
SHA-3-256,40,26,yes,1753729.0,8352707.0,1.334451
SHA-3-256,40,25,yes,1813147.0,8676717.0,1.37966347
SHA-3-256,40,11,yes,2108924.0,9763016.0,1.6047267
SHA-3-256,40,6,yes,2231202.0,10230781.0,1.69777072
SHA-3-256,40,28,yes,2244755.0,10695069.0,1.70808349
SHA-3-256,40,23,yes,2325654.0,10682864.0,1.76964132
SHA-3-256,40,5,yes,2220562.0,11045180.0,1.68967451
SHA-3-256,40,24,yes,2320292.0,11177786.0,1.76556126
SHA-3-256,40,16,yes,1714246.0,11894139.0,1.30440752
SHA-3-256,40,12,yes,2263010.0,12626236.0,1.72197412
SHA-3-256,40,27,yes,1953628.0,12937598.0,1.48655855
SHA-3-256,40,2,yes,2411190.0,15915584.0,1.83472755
SHA-3-256,48,4,yes,5946447.0,29591485.0,0.2827989
SHA-3-256,48,3,yes,12883172.0,58977579.0,0.61269307
SHA-3-256,48,5,yes,13770754.0,83837910.0,0.65490437
SHA-3-256,48,2,yes,16627906.0,80612152.0,0.79078373
SHA-3-256,48,6,yes,19631318.0,107744392.0,0.93361888
SHA-3-256,48,0,yes,29378501.0,133055292.0,1.39717176
SHA-3-256,48,1,yes,22102188.0,153154813.0,1.05112759
SHA-3-256,48,8,yes,32669184.0,162427711.0,1.55366883
SHA-3-256,48,9,yes,25199902.0,167716544.0,1.19844751
SHA-3-256,48,7,yes,33341295.0,212876828.0,1.58563283
SHA-3-256,56,0,yes,43770348.0,215375218.0,0.13010086
SHA-3-256,56,4,yes,88497953.0,527059848.0,0.26304703
SHA-3-256,56,2,yes,197611437.0,914189306.0,0.58737067
SHA-3-256,56,1,yes,412037859.0,1882019767.0,1.2247214
SHA-3-256,56,3,yes,316513563.0,2071440171.0,0.9407896
