algorithm,test,p_value,uniformity_fail,pass_count,n_seq,proportion,proportion_fail,any_fail
VSH-256,Frequency,0.0,True,451,1000,0.451,True,True
VSH-256,BlockFrequency,1.5e-05,True,988,1000,0.988,False,True
VSH-256,CumulativeSums,0.0,True,463,1000,0.463,True,True
VSH-256,CumulativeSums,0.0,True,450,1000,0.45,True,True
VSH-256,Runs,0.0,True,799,1000,0.799,True,True
VSH-256,LongestRun,0.0,True,924,1000,0.924,True,True
VSH-256,Rank,0.010457,False,982,1000,0.982,False,False
VSH-256,FFT,0.0,True,0,1000,0.0,True,True
VSH-256,NonOverlappingTemplate,0.0,True,935,1000,0.935,True,True
VSH-256,NonOverlappingTemplate,0.0,True,945,1000,0.945,True,True
VSH-256,NonOverlappingTemplate,0.0,True,951,1000,0.951,True,True
VSH-256,NonOverlappingTemplate,0.0,True,957,1000,0.957,True,True
VSH-256,NonOverlappingTemplate,0.0,True,953,1000,0.953,True,True
VSH-256,NonOverlappingTemplate,0.0,True,951,1000,0.951,True,True
VSH-256,NonOverlappingTemplate,0.0,True,953,1000,0.953,True,True
VSH-256,NonOverlappingTemplate,0.0,True,963,1000,0.963,True,True
VSH-256,NonOverlappingTemplate,0.0,True,946,1000,0.946,True,True
VSH-256,NonOverlappingTemplate,0.0,True,957,1000,0.957,True,True
VSH-256,NonOverlappingTemplate,0.0,True,946,1000,0.946,True,True
VSH-256,NonOverlappingTemplate,0.0,True,959,1000,0.959,True,True
VSH-256,NonOverlappingTemplate,0.0,True,950,1000,0.95,True,True
VSH-256,NonOverlappingTemplate,0.0,True,957,1000,0.957,True,True
VSH-256,NonOverlappingTemplate,0.0,True,953,1000,0.953,True,True
VSH-256,NonOverlappingTemplate,0.0,True,966,1000,0.966,True,True
VSH-256,NonOverlappingTemplate,0.0,True,953,1000,0.953,True,True
VSH-256,NonOverlappingTemplate,0.0,True,958,1000,0.958,True,True
VSH-256,NonOverlappingTemplate,0.0,True,967,1000,0.967,True,True
VSH-256,NonOverlappingTemplate,0.0,True,951,1000,0.951,True,True
VSH-256,NonOverlappingTemplate,0.0,True,965,1000,0.965,True,True
VSH-256,NonOverlappingTemplate,0.0,True,952,1000,0.952,True,True
VSH-256,NonOverlappingTemplate,0.0,True,963,1000,0.963,True,True
VSH-256,NonOverlappingTemplate,0.0,True,962,1000,0.962,True,True
VSH-256,NonOverlappingTemplate,0.0,True,956,1000,0.956,True,True
VSH-256,NonOverlappingTemplate,0.0,True,959,1000,0.959,True,True
VSH-256,NonOverlappingTemplate,0.0,True,956,1000,0.956,True,True
VSH-256,NonOverlappingTemplate,0.0,True,969,1000,0.969,True,True
VSH-256,NonOverlappingTemplate,0.0,True,960,1000,0.96,True,True
VSH-256,NonOverlappingTemplate,0.0,True,951,1000,0.951,True,True
VSH-256,NonOverlappingTemplate,0.0,True,958,1000,0.958,True,True
VSH-256,NonOverlappingTemplate,0.0,True,956,1000,0.956,True,True
VSH-256,NonOverlappingTemplate,0.0,True,963,1000,0.963,True,True
VSH-256,NonOverlappingTemplate,0.0,True,950,1000,0.95,True,True
VSH-256,NonOverlappingTemplate,0.0,True,947,1000,0.947,True,True
VSH-256,NonOverlappingTemplate,0.0,True,965,1000,0.965,True,True
VSH-256,NonOverlappingTemplate,0.0,True,964,1000,0.964,True,True
VSH-256,NonOverlappingTemplate,0.0,True,950,1000,0.95,True,True
VSH-256,NonOverlappingTemplate,0.0,True,957,1000,0.957,True,True
VSH-256,NonOverlappingTemplate,0.0,True,957,1000,0.957,True,True
VSH-256,NonOverlappingTemplate,0.0,True,967,1000,0.967,True,True
VSH-256,NonOverlappingTemplate,0.0,True,955,1000,0.955,True,True
VSH-256,NonOverlappingTemplate,0.0,True,965,1000,0.965,True,True
VSH-256,NonOverlappingTemplate,0.0,True,957,1000,0.957,True,True
VSH-256,NonOverlappingTemplate,0.0,True,962,1000,0.962,True,True
VSH-256,NonOverlappingTemplate,0.0,True,958,1000,0.958,True,True
VSH-256,NonOverlappingTemplate,0.0,True,958,1000,0.958,True,True
VSH-256,NonOverlappingTemplate,0.0,True,956,1000,0.956,True,True
VSH-256,NonOverlappingTemplate,0.0,True,955,1000,0.955,True,True
VSH-256,NonOverlappingTemplate,0.0,True,960,1000,0.96,True,True
VSH-256,NonOverlappingTemplate,0.0,True,960,1000,0.96,True,True
VSH-256,NonOverlappingTemplate,0.0,True,952,1000,0.952,True,True
VSH-256,NonOverlappingTemplate,0.0,True,966,1000,0.966,True,True
VSH-256,NonOverlappingTemplate,0.0,True,960,1000,0.96,True,True
VSH-256,NonOverlappingTemplate,0.0,True,952,1000,0.952,True,True
VSH-256,NonOverlappingTemplate,0.0,True,961,1000,0.961,True,True
VSH-256,NonOverlappingTemplate,0.0,True,949,1000,0.949,True,True
VSH-256,NonOverlappingTemplate,0.0,True,953,1000,0.953,True,True
VSH-256,NonOverlappingTemplate,0.0,True,962,1000,0.962,True,True
VSH-256,NonOverlappingTemplate,0.0,True,956,1000,0.956,True,True
VSH-256,NonOverlappingTemplate,0.0,True,972,1000,0.972,True,True
VSH-256,NonOverlappingTemplate,0.0,True,960,1000,0.96,True,True
VSH-256,NonOverlappingTemplate,0.0,True,960,1000,0.96,True,True
VSH-256,NonOverlappingTemplate,0.0,True,957,1000,0.957,True,True
VSH-256,NonOverlappingTemplate,0.0,True,957,1000,0.957,True,True
VSH-256,NonOverlappingTemplate,0.0,True,960,1000,0.96,True,True
VSH-256,NonOverlappingTemplate,0.0,True,964,1000,0.964,True,True
VSH-256,NonOverlappingTemplate,0.0,True,956,1000,0.956,True,True
VSH-256,NonOverlappingTemplate,0.0,True,955,1000,0.955,True,True
VSH-256,NonOverlappingTemplate,0.0,True,958,1000,0.958,True,True
VSH-256,NonOverlappingTemplate,0.0,True,953,1000,0.953,True,True
VSH-256,NonOverlappingTemplate,0.0,True,953,1000,0.953,True,True
VSH-256,NonOverlappingTemplate,0.0,True,954,1000,0.954,True,True
VSH-256,NonOverlappingTemplate,0.0,True,935,1000,0.935,True,True
VSH-256,NonOverlappingTemplate,0.0,True,935,1000,0.935,True,True
VSH-256,NonOverlappingTemplate,0.0,True,949,1000,0.949,True,True
VSH-256,NonOverlappingTemplate,0.0,True,944,1000,0.944,True,True
VSH-256,NonOverlappingTemplate,0.0,True,947,1000,0.947,True,True
VSH-256,NonOverlappingTemplate,0.0,True,954,1000,0.954,True,True
VSH-256,NonOverlappingTemplate,0.0,True,962,1000,0.962,True,True
VSH-256,NonOverlappingTemplate,0.0,True,942,1000,0.942,True,True
VSH-256,NonOverlappingTemplate,0.0,True,953,1000,0.953,True,True
VSH-256,NonOverlappingTemplate,0.0,True,953,1000,0.953,True,True
VSH-256,NonOverlappingTemplate,0.0,True,953,1000,0.953,True,True
VSH-256,NonOverlappingTemplate,0.0,True,957,1000,0.957,True,True
VSH-256,NonOverlappingTemplate,0.0,True,956,1000,0.956,True,True
VSH-256,NonOverlappingTemplate,0.0,True,952,1000,0.952,True,True
VSH-256,NonOverlappingTemplate,0.0,True,967,1000,0.967,True,True
VSH-256,NonOverlappingTemplate,0.0,True,954,1000,0.954,True,True
VSH-256,NonOverlappingTemplate,0.0,True,962,1000,0.962,True,True
VSH-256,NonOverlappingTemplate,0.0,True,960,1000,0.96,True,True
VSH-256,NonOverlappingTemplate,0.0,True,960,1000,0.96,True,True
VSH-256,NonOverlappingTemplate,0.0,True,970,1000,0.97,True,True
VSH-256,NonOverlappingTemplate,0.0,True,957,1000,0.957,True,True
VSH-256,NonOverlappingTemplate,0.0,True,957,1000,0.957,True,True
VSH-256,NonOverlappingTemplate,0.0,True,950,1000,0.95,True,True
VSH-256,NonOverlappingTemplate,0.0,True,946,1000,0.946,True,True
VSH-256,NonOverlappingTemplate,0.0,True,955,1000,0.955,True,True
VSH-256,NonOverlappingTemplate,0.0,True,951,1000,0.951,True,True
VSH-256,NonOverlappingTemplate,0.0,True,956,1000,0.956,True,True
VSH-256,NonOverlappingTemplate,0.0,True,958,1000,0.958,True,True
VSH-256,NonOverlappingTemplate,0.0,True,960,1000,0.96,True,True
VSH-256,NonOverlappingTemplate,0.0,True,969,1000,0.969,True,True
VSH-256,NonOverlappingTemplate,0.0,True,968,1000,0.968,True,True
VSH-256,NonOverlappingTemplate,0.0,True,953,1000,0.953,True,True
VSH-256,NonOverlappingTemplate,0.0,True,948,1000,0.948,True,True
VSH-256,NonOverlappingTemplate,0.0,True,965,1000,0.965,True,True
VSH-256,NonOverlappingTemplate,0.0,True,950,1000,0.95,True,True
VSH-256,NonOverlappingTemplate,0.0,True,968,1000,0.968,True,True
VSH-256,NonOverlappingTemplate,0.0,True,954,1000,0.954,True,True
VSH-256,NonOverlappingTemplate,0.0,True,953,1000,0.953,True,True
VSH-256,NonOverlappingTemplate,0.0,True,955,1000,0.955,True,True
VSH-256,NonOverlappingTemplate,0.0,True,960,1000,0.96,True,True
VSH-256,NonOverlappingTemplate,0.0,True,960,1000,0.96,True,True
VSH-256,NonOverlappingTemplate,0.0,True,966,1000,0.966,True,True
VSH-256,NonOverlappingTemplate,0.0,True,969,1000,0.969,True,True
VSH-256,NonOverlappingTemplate,0.0,True,957,1000,0.957,True,True
VSH-256,NonOverlappingTemplate,0.0,True,962,1000,0.962,True,True
VSH-256,NonOverlappingTemplate,0.0,True,962,1000,0.962,True,True
VSH-256,NonOverlappingTemplate,0.0,True,963,1000,0.963,True,True
VSH-256,NonOverlappingTemplate,0.0,True,964,1000,0.964,True,True
VSH-256,NonOverlappingTemplate,0.0,True,968,1000,0.968,True,True
VSH-256,NonOverlappingTemplate,0.0,True,957,1000,0.957,True,True
VSH-256,NonOverlappingTemplate,0.0,True,967,1000,0.967,True,True
VSH-256,NonOverlappingTemplate,0.0,True,963,1000,0.963,True,True
VSH-256,NonOverlappingTemplate,0.0,True,961,1000,0.961,True,True
VSH-256,NonOverlappingTemplate,0.0,True,954,1000,0.954,True,True
VSH-256,NonOverlappingTemplate,0.0,True,953,1000,0.953,True,True
VSH-256,NonOverlappingTemplate,0.0,True,959,1000,0.959,True,True
VSH-256,NonOverlappingTemplate,0.0,True,967,1000,0.967,True,True
VSH-256,NonOverlappingTemplate,0.0,True,970,1000,0.97,True,True
VSH-256,NonOverlappingTemplate,0.0,True,955,1000,0.955,True,True
VSH-256,NonOverlappingTemplate,0.0,True,960,1000,0.96,True,True
VSH-256,NonOverlappingTemplate,0.0,True,965,1000,0.965,True,True
VSH-256,NonOverlappingTemplate,0.0,True,954,1000,0.954,True,True
VSH-256,NonOverlappingTemplate,0.0,True,951,1000,0.951,True,True
VSH-256,NonOverlappingTemplate,0.0,True,953,1000,0.953,True,True
VSH-256,NonOverlappingTemplate,0.0,True,963,1000,0.963,True,True
VSH-256,NonOverlappingTemplate,0.0,True,959,1000,0.959,True,True
VSH-256,NonOverlappingTemplate,0.0,True,965,1000,0.965,True,True
VSH-256,NonOverlappingTemplate,0.0,True,965,1000,0.965,True,True
VSH-256,NonOverlappingTemplate,0.0,True,955,1000,0.955,True,True
VSH-256,NonOverlappingTemplate,0.0,True,949,1000,0.949,True,True
VSH-256,NonOverlappingTemplate,0.0,True,953,1000,0.953,True,True
VSH-256,NonOverlappingTemplate,0.0,True,946,1000,0.946,True,True
VSH-256,NonOverlappingTemplate,0.0,True,964,1000,0.964,True,True
VSH-256,NonOverlappingTemplate,0.0,True,938,1000,0.938,True,True
VSH-256,NonOverlappingTemplate,0.0,True,936,1000,0.936,True,True
VSH-256,OverlappingTemplate,0.0,True,485,1000,0.485,True,True
VSH-256,Universal,0.122325,False,987,1000,0.987,False,False
VSH-256,ApproximateEntropy,0.0,True,1,1000,0.001,True,True
VSH-256,RandomExcursions,0.350485,False,259,262,0.9885496183206107,False,False
VSH-256,RandomExcursions,0.231216,False,259,262,0.9885496183206107,False,False
VSH-256,RandomExcursions,0.231216,False,258,262,0.9847328244274809,False,False
VSH-256,RandomExcursions,0.921243,False,260,262,0.9923664122137404,False,False
VSH-256,RandomExcursions,0.799575,False,260,262,0.9923664122137404,False,False
VSH-256,RandomExcursions,0.332128,False,261,262,0.9961832061068703,False,False
VSH-256,RandomExcursions,0.084789,False,259,262,0.9885496183206107,False,False
VSH-256,RandomExcursions,0.240596,False,256,262,0.9770992366412213,False,False
VSH-256,RandomExcursionsVariant,0.079014,False,261,262,0.9961832061068703,False,False
VSH-256,RandomExcursionsVariant,0.297391,False,260,262,0.9923664122137404,False,False
VSH-256,RandomExcursionsVariant,0.8785,False,260,262,0.9923664122137404,False,False
VSH-256,RandomExcursionsVariant,0.444405,False,260,262,0.9923664122137404,False,False
VSH-256,RandomExcursionsVariant,0.911413,False,260,262,0.9923664122137404,False,False
VSH-256,RandomExcursionsVariant,0.48092,False,261,262,0.9961832061068703,False,False
VSH-256,RandomExcursionsVariant,0.954439,False,262,262,1.0,False,False
VSH-256,RandomExcursionsVariant,0.565427,False,258,262,0.9847328244274809,False,False
VSH-256,RandomExcursionsVariant,0.541916,False,258,262,0.9847328244274809,False,False
VSH-256,RandomExcursionsVariant,0.988794,False,259,262,0.9885496183206107,False,False
VSH-256,RandomExcursionsVariant,0.820696,False,260,262,0.9923664122137404,False,False
VSH-256,RandomExcursionsVariant,0.692983,False,261,262,0.9961832061068703,False,False
VSH-256,RandomExcursionsVariant,0.653133,False,262,262,1.0,False,False
VSH-256,RandomExcursionsVariant,0.597142,False,262,262,1.0,False,False
VSH-256,RandomExcursionsVariant,0.947078,False,262,262,1.0,False,False
VSH-256,RandomExcursionsVariant,0.872546,False,262,262,1.0,False,False
VSH-256,RandomExcursionsVariant,0.159156,False,261,262,0.9961832061068703,False,False
VSH-256,RandomExcursionsVariant,0.708772,False,261,262,0.9961832061068703,False,False
VSH-256,Serial,0.0,True,0,1000,0.0,True,True
VSH-256,Serial,0.0,True,0,1000,0.0,True,True
VSH-256,LinearComplexity,0.490483,False,988,1000,0.988,False,False
SpVSH-320,Frequency,0.012474,False,997,1000,0.997,False,False
SpVSH-320,BlockFrequency,0.270265,False,990,1000,0.99,False,False
SpVSH-320,CumulativeSums,0.008753,False,993,1000,0.993,False,False
SpVSH-320,CumulativeSums,0.616305,False,995,1000,0.995,False,False
SpVSH-320,Runs,0.562591,False,995,1000,0.995,False,False
SpVSH-320,LongestRun,0.709558,False,985,1000,0.985,False,False
SpVSH-320,Rank,0.311542,False,992,1000,0.992,False,False
SpVSH-320,FFT,0.145326,False,985,1000,0.985,False,False
SpVSH-320,NonOverlappingTemplate,0.809249,False,995,1000,0.995,False,False
SpVSH-320,NonOverlappingTemplate,0.632955,False,986,1000,0.986,False,False
SpVSH-320,NonOverlappingTemplate,0.486588,False,991,1000,0.991,False,False
SpVSH-320,NonOverlappingTemplate,0.22718,False,993,1000,0.993,False,False
SpVSH-320,NonOverlappingTemplate,0.298282,False,986,1000,0.986,False,False
SpVSH-320,NonOverlappingTemplate,0.516113,False,985,1000,0.985,False,False
SpVSH-320,NonOverlappingTemplate,0.131879,False,990,1000,0.99,False,False
SpVSH-320,NonOverlappingTemplate,0.304126,False,990,1000,0.99,False,False
SpVSH-320,NonOverlappingTemplate,0.823725,False,987,1000,0.987,False,False
SpVSH-320,NonOverlappingTemplate,0.825505,False,995,1000,0.995,False,False
SpVSH-320,NonOverlappingTemplate,0.193767,False,990,1000,0.99,False,False
SpVSH-320,NonOverlappingTemplate,0.651693,False,992,1000,0.992,False,False
SpVSH-320,NonOverlappingTemplate,0.925287,False,988,1000,0.988,False,False
SpVSH-320,NonOverlappingTemplate,0.380407,False,989,1000,0.989,False,False
SpVSH-320,NonOverlappingTemplate,0.41184,False,986,1000,0.986,False,False
SpVSH-320,NonOverlappingTemplate,0.336111,False,993,1000,0.993,False,False
SpVSH-320,NonOverlappingTemplate,0.926487,False,992,1000,0.992,False,False
SpVSH-320,NonOverlappingTemplate,0.980883,False,989,1000,0.989,False,False
SpVSH-320,NonOverlappingTemplate,0.995162,False,987,1000,0.987,False,False
SpVSH-320,NonOverlappingTemplate,0.083526,False,998,1000,0.998,False,False
SpVSH-320,NonOverlappingTemplate,0.140453,False,987,1000,0.987,False,False
SpVSH-320,NonOverlappingTemplate,0.55442,False,989,1000,0.989,False,False
SpVSH-320,NonOverlappingTemplate,0.5221,False,987,1000,0.987,False,False
SpVSH-320,NonOverlappingTemplate,0.532132,False,983,1000,0.983,False,False
SpVSH-320,NonOverlappingTemplate,0.814724,False,997,1000,0.997,False,False
SpVSH-320,NonOverlappingTemplate,0.242986,False,987,1000,0.987,False,False
SpVSH-320,NonOverlappingTemplate,0.674543,False,990,1000,0.99,False,False
SpVSH-320,NonOverlappingTemplate,0.496351,False,991,1000,0.991,False,False
SpVSH-320,NonOverlappingTemplate,0.092041,False,989,1000,0.989,False,False
SpVSH-320,NonOverlappingTemplate,0.313041,False,989,1000,0.989,False,False
SpVSH-320,NonOverlappingTemplate,0.344048,False,990,1000,0.99,False,False
SpVSH-320,NonOverlappingTemplate,0.579021,False,987,1000,0.987,False,False
SpVSH-320,NonOverlappingTemplate,0.94008,False,990,1000,0.99,False,False
SpVSH-320,NonOverlappingTemplate,0.114712,False,995,1000,0.995,False,False
SpVSH-320,NonOverlappingTemplate,0.807412,False,995,1000,0.995,False,False
SpVSH-320,NonOverlappingTemplate,0.904708,False,991,1000,0.991,False,False
SpVSH-320,NonOverlappingTemplate,0.655854,False,991,1000,0.991,False,False
SpVSH-320,NonOverlappingTemplate,0.739918,False,990,1000,0.99,False,False
SpVSH-320,NonOverlappingTemplate,0.010093,False,984,1000,0.984,False,False
SpVSH-320,NonOverlappingTemplate,0.320607,False,989,1000,0.989,False,False
SpVSH-320,NonOverlappingTemplate,0.620465,False,995,1000,0.995,False,False
SpVSH-320,NonOverlappingTemplate,0.39594,False,989,1000,0.989,False,False
SpVSH-320,NonOverlappingTemplate,0.071177,False,990,1000,0.99,False,False
SpVSH-320,NonOverlappingTemplate,0.735908,False,992,1000,0.992,False,False
SpVSH-320,NonOverlappingTemplate,0.406499,False,991,1000,0.991,False,False
SpVSH-320,NonOverlappingTemplate,0.461612,False,989,1000,0.989,False,False
SpVSH-320,NonOverlappingTemplate,0.942198,False,996,1000,0.996,False,False
SpVSH-320,NonOverlappingTemplate,0.5221,False,990,1000,0.99,False,False
SpVSH-320,NonOverlappingTemplate,0.091487,False,988,1000,0.988,False,False
SpVSH-320,NonOverlappingTemplate,0.875539,False,991,1000,0.991,False,False
SpVSH-320,NonOverlappingTemplate,0.422638,False,990,1000,0.99,False,False
SpVSH-320,NonOverlappingTemplate,0.471146,False,993,1000,0.993,False,False
SpVSH-320,NonOverlappingTemplate,0.155499,False,983,1000,0.983,False,False
SpVSH-320,NonOverlappingTemplate,0.973055,False,982,1000,0.982,False,False
SpVSH-320,NonOverlappingTemplate,0.877083,False,985,1000,0.985,False,False
SpVSH-320,NonOverlappingTemplate,0.284024,False,987,1000,0.987,False,False
SpVSH-320,NonOverlappingTemplate,0.903338,False,991,1000,0.991,False,False
SpVSH-320,NonOverlappingTemplate,0.508172,False,991,1000,0.991,False,False
SpVSH-320,NonOverlappingTemplate,0.26093,False,991,1000,0.991,False,False
SpVSH-320,NonOverlappingTemplate,0.157251,False,989,1000,0.989,False,False
SpVSH-320,NonOverlappingTemplate,0.934599,False,988,1000,0.988,False,False
SpVSH-320,NonOverlappingTemplate,0.792508,False,986,1000,0.986,False,False
SpVSH-320,NonOverlappingTemplate,0.426272,False,995,1000,0.995,False,False
SpVSH-320,NonOverlappingTemplate,0.68489,False,986,1000,0.986,False,False
SpVSH-320,NonOverlappingTemplate,0.59762,False,992,1000,0.992,False,False
SpVSH-320,NonOverlappingTemplate,0.906069,False,993,1000,0.993,False,False
SpVSH-320,NonOverlappingTemplate,0.544254,False,994,1000,0.994,False,False
SpVSH-320,NonOverlappingTemplate,0.33297,False,995,1000,0.995,False,False
SpVSH-320,NonOverlappingTemplate,0.308561,False,986,1000,0.986,False,False
SpVSH-320,NonOverlappingTemplate,0.19692,False,988,1000,0.988,False,False
SpVSH-320,NonOverlappingTemplate,0.385543,False,990,1000,0.99,False,False
SpVSH-320,NonOverlappingTemplate,0.583145,False,985,1000,0.985,False,False
SpVSH-320,NonOverlappingTemplate,0.484646,False,983,1000,0.983,False,False
SpVSH-320,NonOverlappingTemplate,0.039587,False,991,1000,0.991,False,False
SpVSH-320,NonOverlappingTemplate,0.755819,False,995,1000,0.995,False,False
SpVSH-320,NonOverlappingTemplate,0.568739,False,982,1000,0.982,False,False
SpVSH-320,NonOverlappingTemplate,0.498313,False,979,1000,0.979,True,True
SpVSH-320,NonOverlappingTemplate,0.334538,False,986,1000,0.986,False,False
SpVSH-320,NonOverlappingTemplate,0.848027,False,987,1000,0.987,False,False
SpVSH-320,NonOverlappingTemplate,0.968863,False,992,1000,0.992,False,False
SpVSH-320,NonOverlappingTemplate,0.279844,False,987,1000,0.987,False,False
SpVSH-320,NonOverlappingTemplate,0.892036,False,988,1000,0.988,False,False
SpVSH-320,NonOverlappingTemplate,0.812905,False,989,1000,0.989,False,False
SpVSH-320,NonOverlappingTemplate,0.197981,False,991,1000,0.991,False,False
SpVSH-320,NonOverlappingTemplate,0.807412,False,989,1000,0.989,False,False
SpVSH-320,NonOverlappingTemplate,0.431754,False,995,1000,0.995,False,False
SpVSH-320,NonOverlappingTemplate,0.375313,False,989,1000,0.989,False,False
SpVSH-320,NonOverlappingTemplate,0.662091,False,988,1000,0.988,False,False
SpVSH-320,NonOverlappingTemplate,0.947308,False,984,1000,0.984,False,False
SpVSH-320,NonOverlappingTemplate,0.413628,False,987,1000,0.987,False,False
SpVSH-320,NonOverlappingTemplate,0.394195,False,997,1000,0.997,False,False
SpVSH-320,NonOverlappingTemplate,0.305599,False,992,1000,0.992,False,False
SpVSH-320,NonOverlappingTemplate,0.373625,False,996,1000,0.996,False,False
SpVSH-320,NonOverlappingTemplate,0.709558,False,989,1000,0.989,False,False
SpVSH-320,NonOverlappingTemplate,0.089843,False,990,1000,0.99,False,False
SpVSH-320,NonOverlappingTemplate,0.784927,False,990,1000,0.99,False,False
SpVSH-320,NonOverlappingTemplate,0.469232,False,990,1000,0.99,False,False
SpVSH-320,NonOverlappingTemplate,0.607993,False,995,1000,0.995,False,False
SpVSH-320,NonOverlappingTemplate,0.849708,False,994,1000,0.994,False,False
SpVSH-320,NonOverlappingTemplate,0.532132,False,994,1000,0.994,False,False
SpVSH-320,NonOverlappingTemplate,0.872425,False,991,1000,0.991,False,False
SpVSH-320,NonOverlappingTemplate,0.084551,False,992,1000,0.992,False,False
SpVSH-320,NonOverlappingTemplate,0.216713,False,988,1000,0.988,False,False
SpVSH-320,NonOverlappingTemplate,0.253122,False,992,1000,0.992,False,False
SpVSH-320,NonOverlappingTemplate,0.442831,False,992,1000,0.992,False,False
SpVSH-320,NonOverlappingTemplate,0.293952,False,989,1000,0.989,False,False
SpVSH-320,NonOverlappingTemplate,0.455937,False,984,1000,0.984,False,False
SpVSH-320,NonOverlappingTemplate,0.701366,False,989,1000,0.989,False,False
SpVSH-320,NonOverlappingTemplate,0.894918,False,990,1000,0.99,False,False
SpVSH-320,NonOverlappingTemplate,0.419021,False,989,1000,0.989,False,False
SpVSH-320,NonOverlappingTemplate,0.257004,False,989,1000,0.989,False,False
SpVSH-320,NonOverlappingTemplate,0.585209,False,990,1000,0.99,False,False
SpVSH-320,NonOverlappingTemplate,0.510153,False,992,1000,0.992,False,False
SpVSH-320,NonOverlappingTemplate,0.406499,False,988,1000,0.988,False,False
SpVSH-320,NonOverlappingTemplate,0.699313,False,989,1000,0.989,False,False
SpVSH-320,NonOverlappingTemplate,0.743915,False,993,1000,0.993,False,False
SpVSH-320,NonOverlappingTemplate,0.484646,False,986,1000,0.986,False,False
SpVSH-320,NonOverlappingTemplate,0.759756,False,993,1000,0.993,False,False
SpVSH-320,NonOverlappingTemplate,0.058612,False,987,1000,0.987,False,False
SpVSH-320,NonOverlappingTemplate,0.096,False,989,1000,0.989,False,False
SpVSH-320,NonOverlappingTemplate,0.735908,False,989,1000,0.989,False,False
SpVSH-320,NonOverlappingTemplate,0.877083,False,994,1000,0.994,False,False
SpVSH-320,NonOverlappingTemplate,0.263572,False,980,1000,0.98,False,False
SpVSH-320,NonOverlappingTemplate,0.18255,False,989,1000,0.989,False,False
SpVSH-320,NonOverlappingTemplate,0.777265,False,989,1000,0.989,False,False
SpVSH-320,NonOverlappingTemplate,0.254411,False,993,1000,0.993,False,False
SpVSH-320,NonOverlappingTemplate,0.599693,False,986,1000,0.986,False,False
SpVSH-320,NonOverlappingTemplate,0.180568,False,978,1000,0.978,True,True
SpVSH-320,NonOverlappingTemplate,0.767582,False,991,1000,0.991,False,False
SpVSH-320,NonOverlappingTemplate,0.952152,False,993,1000,0.993,False,False
SpVSH-320,NonOverlappingTemplate,0.22248,False,985,1000,0.985,False,False
SpVSH-320,NonOverlappingTemplate,0.365253,False,991,1000,0.991,False,False
SpVSH-320,NonOverlappingTemplate,0.965083,False,994,1000,0.994,False,False
SpVSH-320,NonOverlappingTemplate,0.6952,False,985,1000,0.985,False,False
SpVSH-320,NonOverlappingTemplate,0.829047,False,987,1000,0.987,False,False
SpVSH-320,NonOverlappingTemplate,0.707513,False,988,1000,0.988,False,False
SpVSH-320,NonOverlappingTemplate,0.036113,False,996,1000,0.996,False,False
SpVSH-320,NonOverlappingTemplate,0.581082,False,993,1000,0.993,False,False
SpVSH-320,NonOverlappingTemplate,0.901959,False,987,1000,0.987,False,False
SpVSH-320,NonOverlappingTemplate,0.693142,False,992,1000,0.992,False,False
SpVSH-320,NonOverlappingTemplate,0.999726,False,984,1000,0.984,False,False
SpVSH-320,NonOverlappingTemplate,0.410055,False,987,1000,0.987,False,False
SpVSH-320,NonOverlappingTemplate,0.444691,False,986,1000,0.986,False,False
SpVSH-320,NonOverlappingTemplate,0.250558,False,988,1000,0.988,False,False
SpVSH-320,NonOverlappingTemplate,0.657933,False,989,1000,0.989,False,False
SpVSH-320,NonOverlappingTemplate,0.09833,False,989,1000,0.989,False,False
SpVSH-320,NonOverlappingTemplate,0.725829,False,988,1000,0.988,False,False
SpVSH-320,NonOverlappingTemplate,0.045971,False,991,1000,0.991,False,False
SpVSH-320,OverlappingTemplate,0.486588,False,988,1000,0.988,False,False
SpVSH-320,Universal,0.713641,False,985,1000,0.985,False,False
SpVSH-320,ApproximateEntropy,0.821937,False,992,1000,0.992,False,False
SpVSH-320,RandomExcursions,0.5653,False,612,623,0.9823434991974318,False,False
SpVSH-320,RandomExcursions,0.939422,False,616,623,0.9887640449438202,False,False
SpVSH-320,RandomExcursions,0.24098,False,618,623,0.9919743178170144,False,False
SpVSH-320,RandomExcursions,0.478403,False,614,623,0.985553772070626,False,False
SpVSH-320,RandomExcursions,0.403759,False,616,623,0.9887640449438202,False,False
SpVSH-320,RandomExcursions,0.949341,False,618,623,0.9919743178170144,False,False
SpVSH-320,RandomExcursions,0.571919,False,622,623,0.9983948635634029,False,False
SpVSH-320,RandomExcursions,0.738303,False,616,623,0.9887640449438202,False,False
SpVSH-320,RandomExcursionsVariant,0.46603,False,614,623,0.985553772070626,False,False
SpVSH-320,RandomExcursionsVariant,0.937673,False,614,623,0.985553772070626,False,False
SpVSH-320,RandomExcursionsVariant,0.321296,False,613,623,0.9839486356340289,False,False
SpVSH-320,RandomExcursionsVariant,0.668991,False,614,623,0.985553772070626,False,False
SpVSH-320,RandomExcursionsVariant,0.421061,False,615,623,0.9871589085072231,False,False
SpVSH-320,RandomExcursionsVariant,0.207019,False,613,623,0.9839486356340289,False,False
SpVSH-320,RandomExcursionsVariant,0.107656,False,617,623,0.9903691813804173,False,False
SpVSH-320,RandomExcursionsVariant,0.181716,False,619,623,0.9935794542536116,False,False
SpVSH-320,RandomExcursionsVariant,0.146526,False,615,623,0.9871589085072231,False,False
SpVSH-320,RandomExcursionsVariant,0.712193,False,617,623,0.9903691813804173,False,False
SpVSH-320,RandomExcursionsVariant,0.064561,False,617,623,0.9903691813804173,False,False
SpVSH-320,RandomExcursionsVariant,0.46603,False,614,623,0.985553772070626,False,False
SpVSH-320,RandomExcursionsVariant,0.779497,False,615,623,0.9871589085072231,False,False
SpVSH-320,RandomExcursionsVariant,0.272407,False,618,623,0.9919743178170144,False,False
SpVSH-320,RandomExcursionsVariant,0.054292,False,617,623,0.9903691813804173,False,False
SpVSH-320,RandomExcursionsVariant,0.561997,False,617,623,0.9903691813804173,False,False
SpVSH-320,RandomExcursionsVariant,0.019251,False,618,623,0.9919743178170144,False,False
SpVSH-320,RandomExcursionsVariant,0.175411,False,620,623,0.9951845906902087,False,False
SpVSH-320,Serial,0.328297,False,992,1000,0.992,False,False
SpVSH-320,Serial,0.78683,False,991,1000,0.991,False,False
SpVSH-320,LinearComplexity,0.205531,False,985,1000,0.985,False,False
SHA-3-256,Frequency,0.040635,False,988,1000,0.988,False,False
SHA-3-256,BlockFrequency,0.278461,False,986,1000,0.986,False,False
SHA-3-256,CumulativeSums,0.632955,False,987,1000,0.987,False,False
SHA-3-256,CumulativeSums,0.790621,False,992,1000,0.992,False,False
SHA-3-256,Runs,0.999913,False,994,1000,0.994,False,False
SHA-3-256,LongestRun,0.390721,False,985,1000,0.985,False,False
SHA-3-256,Rank,0.267573,False,986,1000,0.986,False,False
SHA-3-256,FFT,0.6952,False,989,1000,0.989,False,False
SHA-3-256,NonOverlappingTemplate,0.851383,False,994,1000,0.994,False,False
SHA-3-256,NonOverlappingTemplate,0.298282,False,987,1000,0.987,False,False
SHA-3-256,NonOverlappingTemplate,0.510153,False,989,1000,0.989,False,False
SHA-3-256,NonOverlappingTemplate,0.09372,False,989,1000,0.989,False,False
SHA-3-256,NonOverlappingTemplate,0.657933,False,988,1000,0.988,False,False
SHA-3-256,NonOverlappingTemplate,0.841226,False,993,1000,0.993,False,False
SHA-3-256,NonOverlappingTemplate,0.350485,False,991,1000,0.991,False,False
SHA-3-256,NonOverlappingTemplate,0.693142,False,987,1000,0.987,False,False
SHA-3-256,NonOverlappingTemplate,0.249284,False,988,1000,0.988,False,False
SHA-3-256,NonOverlappingTemplate,0.55646,False,992,1000,0.992,False,False
SHA-3-256,NonOverlappingTemplate,0.643366,False,996,1000,0.996,False,False
SHA-3-256,NonOverlappingTemplate,0.052275,False,992,1000,0.992,False,False
SHA-3-256,NonOverlappingTemplate,0.360287,False,995,1000,0.995,False,False
SHA-3-256,NonOverlappingTemplate,0.229559,False,990,1000,0.99,False,False
SHA-3-256,NonOverlappingTemplate,0.488534,False,992,1000,0.992,False,False
SHA-3-256,NonOverlappingTemplate,0.765632,False,988,1000,0.988,False,False
SHA-3-256,NonOverlappingTemplate,0.55442,False,988,1000,0.988,False,False
SHA-3-256,NonOverlappingTemplate,0.385543,False,992,1000,0.992,False,False
SHA-3-256,NonOverlappingTemplate,0.498313,False,988,1000,0.988,False,False
SHA-3-256,NonOverlappingTemplate,0.314544,False,988,1000,0.988,False,False
SHA-3-256,NonOverlappingTemplate,0.205531,False,993,1000,0.993,False,False
SHA-3-256,NonOverlappingTemplate,0.668321,False,992,1000,0.992,False,False
SHA-3-256,NonOverlappingTemplate,0.15119,False,991,1000,0.991,False,False
SHA-3-256,NonOverlappingTemplate,0.357,False,992,1000,0.992,False,False
SHA-3-256,NonOverlappingTemplate,0.504219,False,989,1000,0.989,False,False
SHA-3-256,NonOverlappingTemplate,0.125927,False,988,1000,0.988,False,False
SHA-3-256,NonOverlappingTemplate,0.020408,False,993,1000,0.993,False,False
SHA-3-256,NonOverlappingTemplate,0.373625,False,994,1000,0.994,False,False
SHA-3-256,NonOverlappingTemplate,0.581082,False,992,1000,0.992,False,False
SHA-3-256,NonOverlappingTemplate,0.593478,False,989,1000,0.989,False,False
SHA-3-256,NonOverlappingTemplate,0.649612,False,994,1000,0.994,False,False
SHA-3-256,NonOverlappingTemplate,0.670396,False,993,1000,0.993,False,False
SHA-3-256,NonOverlappingTemplate,0.548314,False,992,1000,0.992,False,False
SHA-3-256,NonOverlappingTemplate,0.02641,False,991,1000,0.991,False,False
SHA-3-256,NonOverlappingTemplate,0.250558,False,988,1000,0.988,False,False
SHA-3-256,NonOverlappingTemplate,0.108791,False,992,1000,0.992,False,False
SHA-3-256,NonOverlappingTemplate,0.94008,False,991,1000,0.991,False,False
SHA-3-256,NonOverlappingTemplate,0.177628,False,991,1000,0.991,False,False
SHA-3-256,NonOverlappingTemplate,0.916599,False,993,1000,0.993,False,False
SHA-3-256,NonOverlappingTemplate,0.259616,False,991,1000,0.991,False,False
SHA-3-256,NonOverlappingTemplate,0.419021,False,992,1000,0.992,False,False
SHA-3-256,NonOverlappingTemplate,0.450297,False,990,1000,0.99,False,False
SHA-3-256,NonOverlappingTemplate,0.078086,False,988,1000,0.988,False,False
SHA-3-256,NonOverlappingTemplate,0.62879,False,990,1000,0.99,False,False
SHA-3-256,NonOverlappingTemplate,0.779188,False,985,1000,0.985,False,False
SHA-3-256,NonOverlappingTemplate,0.68489,False,988,1000,0.988,False,False
SHA-3-256,NonOverlappingTemplate,0.146982,False,984,1000,0.984,False,False
SHA-3-256,NonOverlappingTemplate,0.80372,False,991,1000,0.991,False,False
SHA-3-256,NonOverlappingTemplate,0.809249,False,992,1000,0.992,False,False
SHA-3-256,NonOverlappingTemplate,0.457825,False,994,1000,0.994,False,False
SHA-3-256,NonOverlappingTemplate,0.986658,False,989,1000,0.989,False,False
SHA-3-256,NonOverlappingTemplate,0.275709,False,989,1000,0.989,False,False
SHA-3-256,NonOverlappingTemplate,0.528111,False,991,1000,0.991,False,False
SHA-3-256,NonOverlappingTemplate,0.996509,False,991,1000,0.991,False,False
SHA-3-256,NonOverlappingTemplate,0.130369,False,987,1000,0.987,False,False
SHA-3-256,NonOverlappingTemplate,0.781106,False,988,1000,0.988,False,False
SHA-3-256,NonOverlappingTemplate,0.308561,False,992,1000,0.992,False,False
SHA-3-256,NonOverlappingTemplate,0.193767,False,990,1000,0.99,False,False
SHA-3-256,NonOverlappingTemplate,0.55442,False,990,1000,0.99,False,False
SHA-3-256,NonOverlappingTemplate,0.131879,False,987,1000,0.987,False,False
SHA-3-256,NonOverlappingTemplate,0.678686,False,987,1000,0.987,False,False
SHA-3-256,NonOverlappingTemplate,0.270265,False,990,1000,0.99,False,False
SHA-3-256,NonOverlappingTemplate,0.849708,False,991,1000,0.991,False,False
SHA-3-256,NonOverlappingTemplate,0.771469,False,990,1000,0.99,False,False
SHA-3-256,NonOverlappingTemplate,0.691081,False,990,1000,0.99,False,False
SHA-3-256,NonOverlappingTemplate,0.707513,False,990,1000,0.99,False,False
SHA-3-256,NonOverlappingTemplate,0.703417,False,989,1000,0.989,False,False
SHA-3-256,NonOverlappingTemplate,0.267573,False,986,1000,0.986,False,False
SHA-3-256,NonOverlappingTemplate,0.792508,False,984,1000,0.984,False,False
SHA-3-256,NonOverlappingTemplate,0.238035,False,987,1000,0.987,False,False
SHA-3-256,NonOverlappingTemplate,0.641284,False,990,1000,0.99,False,False
SHA-3-256,NonOverlappingTemplate,0.221317,False,987,1000,0.987,False,False
SHA-3-256,NonOverlappingTemplate,0.270265,False,990,1000,0.99,False,False
SHA-3-256,NonOverlappingTemplate,0.233162,False,988,1000,0.988,False,False
SHA-3-256,NonOverlappingTemplate,0.818343,False,994,1000,0.994,False,False
SHA-3-256,NonOverlappingTemplate,0.81108,False,994,1000,0.994,False,False
SHA-3-256,NonOverlappingTemplate,0.552383,False,988,1000,0.988,False,False
SHA-3-256,NonOverlappingTemplate,0.413628,False,990,1000,0.99,False,False
SHA-3-256,NonOverlappingTemplate,0.402962,False,990,1000,0.99,False,False
SHA-3-256,NonOverlappingTemplate,0.544254,False,989,1000,0.989,False,False
SHA-3-256,NonOverlappingTemplate,0.263572,False,986,1000,0.986,False,False
SHA-3-256,NonOverlappingTemplate,0.755819,False,993,1000,0.993,False,False
SHA-3-256,NonOverlappingTemplate,0.488534,False,992,1000,0.992,False,False
SHA-3-256,NonOverlappingTemplate,0.614226,False,988,1000,0.988,False,False
SHA-3-256,NonOverlappingTemplate,0.463512,False,993,1000,0.993,False,False
SHA-3-256,NonOverlappingTemplate,0.05501,False,985,1000,0.985,False,False
SHA-3-256,NonOverlappingTemplate,0.082513,False,990,1000,0.99,False,False
SHA-3-256,NonOverlappingTemplate,0.234373,False,985,1000,0.985,False,False
SHA-3-256,NonOverlappingTemplate,0.703417,False,986,1000,0.986,False,False
SHA-3-256,NonOverlappingTemplate,0.059734,False,992,1000,0.992,False,False
SHA-3-256,NonOverlappingTemplate,0.490483,False,987,1000,0.987,False,False
SHA-3-256,NonOverlappingTemplate,0.084037,False,993,1000,0.993,False,False
SHA-3-256,NonOverlappingTemplate,0.607993,False,989,1000,0.989,False,False
SHA-3-256,NonOverlappingTemplate,0.187581,False,985,1000,0.985,False,False
SHA-3-256,NonOverlappingTemplate,0.899171,False,988,1000,0.988,False,False
SHA-3-256,NonOverlappingTemplate,0.777265,False,994,1000,0.994,False,False
SHA-3-256,NonOverlappingTemplate,0.536163,False,985,1000,0.985,False,False
SHA-3-256,NonOverlappingTemplate,0.548314,False,990,1000,0.99,False,False
SHA-3-256,NonOverlappingTemplate,0.424453,False,993,1000,0.993,False,False
SHA-3-256,NonOverlappingTemplate,0.655854,False,988,1000,0.988,False,False
SHA-3-256,NonOverlappingTemplate,0.23681,False,987,1000,0.987,False,False
SHA-3-256,NonOverlappingTemplate,0.950247,False,991,1000,0.991,False,False
SHA-3-256,NonOverlappingTemplate,0.266235,False,993,1000,0.993,False,False
SHA-3-256,NonOverlappingTemplate,0.185555,False,991,1000,0.991,False,False
SHA-3-256,NonOverlappingTemplate,0.258307,False,990,1000,0.99,False,False
SHA-3-256,NonOverlappingTemplate,0.459717,False,987,1000,0.987,False,False
SHA-3-256,NonOverlappingTemplate,0.127393,False,984,1000,0.984,False,False
SHA-3-256,NonOverlappingTemplate,0.873987,False,992,1000,0.992,False,False
SHA-3-256,NonOverlappingTemplate,0.809249,False,985,1000,0.985,False,False
SHA-3-256,NonOverlappingTemplate,0.094854,False,987,1000,0.987,False,False
SHA-3-256,NonOverlappingTemplate,0.873987,False,989,1000,0.989,False,False
SHA-3-256,NonOverlappingTemplate,0.358641,False,987,1000,0.987,False,False
SHA-3-256,NonOverlappingTemplate,0.050954,False,991,1000,0.991,False,False
SHA-3-256,NonOverlappingTemplate,0.67247,False,989,1000,0.989,False,False
SHA-3-256,NonOverlappingTemplate,0.24549,False,989,1000,0.989,False,False
SHA-3-256,NonOverlappingTemplate,0.796268,False,986,1000,0.986,False,False
SHA-3-256,NonOverlappingTemplate,0.502247,False,990,1000,0.99,False,False
SHA-3-256,NonOverlappingTemplate,0.38899,False,993,1000,0.993,False,False
SHA-3-256,NonOverlappingTemplate,0.751866,False,995,1000,0.995,False,False
SHA-3-256,NonOverlappingTemplate,0.206629,False,995,1000,0.995,False,False
SHA-3-256,NonOverlappingTemplate,0.805569,False,985,1000,0.985,False,False
SHA-3-256,NonOverlappingTemplate,0.04422,False,985,1000,0.985,False,False
SHA-3-256,NonOverlappingTemplate,0.839507,False,992,1000,0.992,False,False
SHA-3-256,NonOverlappingTemplate,0.153763,False,990,1000,0.99,False,False
SHA-3-256,NonOverlappingTemplate,0.832561,False,990,1000,0.99,False,False
SHA-3-256,NonOverlappingTemplate,0.755819,False,984,1000,0.984,False,False
SHA-3-256,NonOverlappingTemplate,0.784927,False,991,1000,0.991,False,False
SHA-3-256,NonOverlappingTemplate,0.16534,False,992,1000,0.992,False,False
SHA-3-256,NonOverlappingTemplate,0.211064,False,991,1000,0.991,False,False
SHA-3-256,NonOverlappingTemplate,0.267573,False,992,1000,0.992,False,False
SHA-3-256,NonOverlappingTemplate,0.841226,False,992,1000,0.992,False,False
SHA-3-256,NonOverlappingTemplate,0.404728,False,993,1000,0.993,False,False
SHA-3-256,NonOverlappingTemplate,0.106877,False,988,1000,0.988,False,False
SHA-3-256,NonOverlappingTemplate,0.988677,False,992,1000,0.992,False,False
SHA-3-256,NonOverlappingTemplate,0.350485,False,992,1000,0.992,False,False
SHA-3-256,NonOverlappingTemplate,0.769527,False,987,1000,0.987,False,False
SHA-3-256,NonOverlappingTemplate,0.691081,False,993,1000,0.993,False,False
SHA-3-256,NonOverlappingTemplate,0.266235,False,992,1000,0.992,False,False
SHA-3-256,NonOverlappingTemplate,0.375313,False,990,1000,0.99,False,False
SHA-3-256,NonOverlappingTemplate,0.023071,False,985,1000,0.985,False,False
SHA-3-256,NonOverlappingTemplate,0.004562,False,983,1000,0.983,False,False
SHA-3-256,NonOverlappingTemplate,0.846338,False,986,1000,0.986,False,False
SHA-3-256,NonOverlappingTemplate,0.442831,False,992,1000,0.992,False,False
SHA-3-256,NonOverlappingTemplate,0.051281,False,989,1000,0.989,False,False
SHA-3-256,NonOverlappingTemplate,0.419021,False,988,1000,0.988,False,False
SHA-3-256,NonOverlappingTemplate,0.686955,False,989,1000,0.989,False,False
SHA-3-256,NonOverlappingTemplate,0.370262,False,992,1000,0.992,False,False
SHA-3-256,NonOverlappingTemplate,0.209948,False,988,1000,0.988,False,False
SHA-3-256,OverlappingTemplate,0.181557,False,995,1000,0.995,False,False
SHA-3-256,Universal,0.884671,False,988,1000,0.988,False,False
SHA-3-256,ApproximateEntropy,0.022149,False,990,1000,0.99,False,False
SHA-3-256,RandomExcursions,0.527658,False,614,624,0.9839743589743589,False,False
SHA-3-256,RandomExcursions,0.861473,False,621,624,0.9951923076923077,False,False
SHA-3-256,RandomExcursions,0.787198,False,619,624,0.9919871794871795,False,False
SHA-3-256,RandomExcursions,0.620331,False,617,624,0.9887820512820513,False,False
SHA-3-256,RandomExcursions,0.434302,False,615,624,0.9855769230769231,False,False
SHA-3-256,RandomExcursions,0.953179,False,621,624,0.9951923076923077,False,False
SHA-3-256,RandomExcursions,0.630402,False,617,624,0.9887820512820513,False,False
SHA-3-256,RandomExcursions,0.479961,False,620,624,0.9935897435897436,False,False
SHA-3-256,RandomExcursionsVariant,0.3637,False,617,624,0.9887820512820513,False,False
SHA-3-256,RandomExcursionsVariant,0.017133,False,617,624,0.9887820512820513,False,False
SHA-3-256,RandomExcursionsVariant,0.570262,False,617,624,0.9887820512820513,False,False
SHA-3-256,RandomExcursionsVariant,0.660616,False,617,624,0.9887820512820513,False,False
SHA-3-256,RandomExcursionsVariant,0.888928,False,621,624,0.9951923076923077,False,False
SHA-3-256,RandomExcursionsVariant,0.931334,False,621,624,0.9951923076923077,False,False
SHA-3-256,RandomExcursionsVariant,0.796328,False,617,624,0.9887820512820513,False,False
SHA-3-256,RandomExcursionsVariant,0.927562,False,619,624,0.9919871794871795,False,False
SHA-3-256,RandomExcursionsVariant,0.663967,False,617,624,0.9887820512820513,False,False
SHA-3-256,RandomExcursionsVariant,0.566953,False,620,624,0.9935897435897436,False,False
SHA-3-256,RandomExcursionsVariant,0.972579,False,616,624,0.9871794871794872,False,False
SHA-3-256,RandomExcursionsVariant,0.305552,False,617,624,0.9887820512820513,False,False
SHA-3-256,RandomExcursionsVariant,0.700637,False,618,624,0.9903846153846154,False,False
SHA-3-256,RandomExcursionsVariant,0.405185,False,616,624,0.9871794871794872,False,False
SHA-3-256,RandomExcursionsVariant,0.613623,False,618,624,0.9903846153846154,False,False
SHA-3-256,RandomExcursionsVariant,0.42839,False,618,624,0.9903846153846154,False,False
SHA-3-256,RandomExcursionsVariant,0.501993,False,621,624,0.9951923076923077,False,False
SHA-3-256,RandomExcursionsVariant,0.517977,False,621,624,0.9951923076923077,False,False
SHA-3-256,Serial,0.593478,False,994,1000,0.994,False,False
SHA-3-256,Serial,0.040108,False,997,1000,0.997,False,False
SHA-3-256,LinearComplexity,0.532132,False,989,1000,0.989,False,False
