algorithm,trunc_bits,repetition,found,trials,expected_trials,ratio_to_expected,log2_trials,seconds
VSH-256,8,1,yes,130911.0,256.0,511.3710938,16.998227,0.048276
VSH-256,8,20,yes,122816.0,256.0,479.75,16.906139,0.044431
VSH-256,8,3,yes,130944.0,256.0,511.5,16.99859,0.049157
VSH-256,8,13,yes,131055.0,256.0,511.9335938,16.999813,0.048196
VSH-256,8,35,yes,130960.0,256.0,511.5625,16.998767,0.046285
VSH-256,8,40,yes,122880.0,256.0,480.0,16.906891,0.044002
VSH-256,8,26,yes,98112.0,256.0,383.25,16.582142,0.059468
VSH-256,8,41,yes,98112.0,256.0,383.25,16.582142,0.058758
VSH-256,8,42,yes,98300.0,256.0,383.984375,16.584904,0.059115
VSH-256,8,4,yes,114688.0,256.0,448.0,16.807355,0.068421
VSH-256,8,7,yes,196472.0,256.0,767.46875,17.583964,0.070853
VSH-256,8,9,yes,196496.0,256.0,767.5625,17.58414,0.070755
VSH-256,8,15,yes,196414.0,256.0,767.2421875,17.583538,0.072117
VSH-256,8,2,yes,122864.0,256.0,479.9375,16.906703,0.075084
VSH-256,8,11,yes,122816.0,256.0,479.75,16.906139,0.076467
VSH-256,8,19,yes,131062.0,256.0,511.9609375,16.99989,0.075795
VSH-256,8,24,yes,122872.0,256.0,479.96875,16.906797,0.077139
VSH-256,8,34,yes,130879.0,256.0,511.2460938,16.997874,0.075633
VSH-256,8,32,yes,212992.0,256.0,832.0,17.70044,0.077097
VSH-256,8,14,yes,131072.0,256.0,512.0,17.0,0.080643
VSH-256,8,31,yes,221180.0,256.0,863.984375,17.754861,0.07817
VSH-256,8,28,yes,131072.0,256.0,512.0,17.0,0.079529
VSH-256,8,29,yes,130016.0,256.0,507.875,16.98833,0.080387
VSH-256,8,18,yes,130960.0,256.0,511.5625,16.998767,0.084033
VSH-256,8,27,yes,228348.0,256.0,891.984375,17.800875,0.082059
VSH-256,8,47,yes,130990.0,256.0,511.6796875,16.999097,0.078931
VSH-256,8,36,yes,228224.0,256.0,891.5,17.800091,0.082433
VSH-256,8,17,yes,188384.0,256.0,735.875,17.523317,0.094389
VSH-256,8,21,yes,260736.0,256.0,1018.5,17.99223,0.094984
VSH-256,8,22,yes,180160.0,256.0,703.75,17.458919,0.097698
VSH-256,8,37,yes,180160.0,256.0,703.75,17.458919,0.096222
VSH-256,8,23,yes,196408.0,256.0,767.21875,17.583494,0.100753
VSH-256,8,44,yes,228224.0,256.0,891.5,17.800091,0.102608
VSH-256,8,46,yes,194528.0,256.0,759.875,17.569618,0.10384
VSH-256,8,0,yes,241568.0,256.0,943.625,17.88207,0.113127
VSH-256,8,38,yes,196602.0,256.0,767.9765625,17.584918,0.108755
VSH-256,8,25,yes,228160.0,256.0,891.25,17.799686,0.112099
VSH-256,8,5,yes,228832.0,256.0,893.875,17.803929,0.117391
VSH-256,8,30,yes,251776.0,256.0,983.5,17.941781,0.114476
VSH-256,8,8,yes,196384.0,256.0,767.125,17.583318,0.120566
VSH-256,8,45,yes,188384.0,256.0,735.875,17.523317,0.115604
VSH-256,8,12,yes,245690.0,256.0,959.7265625,17.90648,0.122977
VSH-256,8,16,yes,241568.0,256.0,943.625,17.88207,0.122874
VSH-256,8,48,yes,188352.0,256.0,735.75,17.523072,0.117345
VSH-256,8,39,yes,257919.0,256.0,1007.496094,17.976559,0.12487
VSH-256,8,43,yes,212944.0,256.0,831.8125,17.700115,0.126552
VSH-256,8,6,yes,229231.0,256.0,895.4335938,17.806443,0.137044
VSH-256,8,10,yes,225279.0,256.0,879.9960938,17.781353,0.138616
VSH-256,8,33,yes,262004.0,256.0,1023.453125,17.999229,0.143707
VSH-256,8,49,yes,253632.0,256.0,990.75,17.952377,0.144132
VSH-256,16,6,yes,487038.0,65536.0,7.43161011,18.893675,0.199879
VSH-256,16,22,yes,384912.0,65536.0,5.87329102,18.554169,0.238436
VSH-256,16,3,yes,785767.0,65536.0,11.98985291,19.583742,0.285685
VSH-256,16,41,yes,450335.0,65536.0,6.87156677,18.780639,0.284506
VSH-256,16,19,yes,749360.0,65536.0,11.43432617,19.515299,0.292746
VSH-256,16,20,yes,785276.0,65536.0,11.98236084,19.58284,0.300058
VSH-256,16,28,yes,915996.0,65536.0,13.97698975,19.804982,0.330694
VSH-256,16,44,yes,523980.0,65536.0,7.99530029,18.999152,0.331961
VSH-256,16,1,yes,999060.0,65536.0,15.2444458,19.930212,0.369578
VSH-256,16,9,yes,1006909.0,65536.0,15.36421204,19.941502,0.372508
VSH-256,16,18,yes,1038133.0,65536.0,15.84065247,19.98556,0.379592
VSH-256,16,10,yes,1035755.0,65536.0,15.80436707,19.982251,0.385265
VSH-256,16,25,yes,634872.0,65536.0,9.68737793,19.276106,0.405373
VSH-256,16,49,yes,903968.0,65536.0,13.79345703,19.785912,0.431982
VSH-256,16,26,yes,1212096.0,65536.0,18.49511719,20.209073,0.44661
VSH-256,16,8,yes,1211296.0,65536.0,18.48291016,20.20812,0.450496
VSH-256,16,47,yes,917188.0,65536.0,13.99517822,19.806858,0.473151
VSH-256,16,14,yes,916230.0,65536.0,13.9805603,19.80535,0.475956
VSH-256,16,2,yes,1259440.0,65536.0,19.2175293,20.264351,0.47947
VSH-256,16,5,yes,945998.0,65536.0,14.43478394,19.851478,0.480737
VSH-256,16,43,yes,849914.0,65536.0,12.96865845,19.696957,0.492446
VSH-256,16,17,yes,966255.0,65536.0,14.74388123,19.882044,0.498145
VSH-256,16,16,yes,966422.0,65536.0,14.74642944,19.882294,0.499226
VSH-256,16,4,yes,785298.0,65536.0,11.98269653,19.582881,0.500705
VSH-256,16,40,yes,907261.0,65536.0,13.84370422,19.791158,0.51295
VSH-256,16,11,yes,1113472.0,65536.0,16.99023438,20.086634,0.519147
VSH-256,16,12,yes,883696.0,65536.0,13.48413086,19.753191,0.526182
VSH-256,16,36,yes,905118.0,65536.0,13.81100464,19.787746,0.530585
VSH-256,16,35,yes,982768.0,65536.0,14.99584961,19.906491,0.536959
VSH-256,16,48,yes,915708.0,65536.0,13.97259521,19.804528,0.558116
VSH-256,16,31,yes,998684.0,65536.0,15.2387085,19.929669,0.57219
VSH-256,16,27,yes,966362.0,65536.0,14.74551392,19.882204,0.578398
VSH-256,16,34,yes,1009150.0,65536.0,15.39840698,19.944709,0.596845
VSH-256,16,24,yes,948029.0,65536.0,14.46577454,19.854572,0.613597
VSH-256,16,30,yes,1306206.0,65536.0,19.93112183,20.316951,0.621381
VSH-256,16,21,yes,1307536.0,65536.0,19.95141602,20.318419,0.628605
VSH-256,16,29,yes,1275664.0,65536.0,19.46508789,20.282817,0.651071
VSH-256,16,15,yes,1752526.0,65536.0,26.74142456,20.741004,0.654066
VSH-256,16,37,yes,1792998.0,65536.0,27.35897827,20.773942,0.684555
VSH-256,16,23,yes,1521436.0,65536.0,23.215271,20.537002,0.749024
VSH-256,16,42,yes,1767239.0,65536.0,26.96592712,20.753066,0.767845
VSH-256,16,13,yes,1435104.0,65536.0,21.89794922,20.452724,0.779837
VSH-256,16,32,yes,1671111.0,65536.0,25.49913025,20.672376,0.785387
VSH-256,16,39,yes,1555062.0,65536.0,23.72836304,20.568541,0.822483
VSH-256,16,38,yes,1850239.0,65536.0,28.23240662,20.81928,0.848853
VSH-256,16,7,yes,1946621.0,65536.0,29.70307922,20.892541,0.968324
VSH-256,16,33,yes,2044680.0,65536.0,31.19934082,20.963444,0.976269
VSH-256,16,0,yes,2054548.0,65536.0,31.34991455,20.97039,0.979452
VSH-256,16,46,yes,2059062.0,65536.0,31.41879272,20.973556,1.049797
VSH-256,16,45,yes,3270560.0,65536.0,49.90478516,21.641106,1.478924
VSH-256,24,41,yes,1514944.0,16777216.0,0.0902977,20.530833,0.981752
VSH-256,24,14,yes,8284732.0,16777216.0,0.49380851,22.982024,3.466475
VSH-256,24,24,yes,7417280.0,16777216.0,0.44210434,22.822459,4.591494
VSH-256,24,28,yes,7976255.0,16777216.0,0.47542185,22.92728,5.690363
VSH-256,24,31,yes,14277216.0,16777216.0,0.85098839,23.767211,6.567705
VSH-256,24,16,yes,12023103.0,16777216.0,0.71663278,23.519306,7.026652
VSH-256,24,43,yes,10910540.0,16777216.0,0.65031886,23.379219,7.260077
VSH-256,24,34,yes,13543410.0,16777216.0,0.80725014,23.691088,7.708208
VSH-256,24,27,yes,14324560.0,16777216.0,0.85381031,23.771987,7.89224
VSH-256,24,29,yes,18292070.0,16777216.0,1.09029233,24.124715,8.176208
VSH-256,24,17,yes,21490916.0,16777216.0,1.28095841,24.357224,9.412012
VSH-256,24,1,yes,15974075.0,16777216.0,0.95212907,23.929229,9.428813
VSH-256,24,35,yes,21184356.0,16777216.0,1.26268601,24.336496,10.372388
VSH-256,24,46,yes,22219708.0,16777216.0,1.3243978,24.405337,11.27167
VSH-256,24,49,yes,17733240.0,16777216.0,1.05698347,24.079953,12.001292
VSH-256,24,37,yes,27742574.0,16777216.0,1.65358627,24.725598,12.334581
VSH-256,24,20,yes,29006323.0,16777216.0,1.72891158,24.789864,13.06052
VSH-256,24,6,yes,18772190.0,16777216.0,1.11890972,24.162094,13.137417
VSH-256,24,13,yes,24175415.0,16777216.0,1.44096702,24.527037,13.421302
VSH-256,24,0,yes,26599315.0,16777216.0,1.58544272,24.664886,14.110328
VSH-256,24,42,yes,22981555.0,16777216.0,1.36980742,24.453973,14.121641
VSH-256,24,40,yes,20758180.0,16777216.0,1.23728395,24.307177,14.296427
VSH-256,24,45,yes,29745452.0,16777216.0,1.7729671,24.826166,15.080238
VSH-256,24,8,yes,29165887.0,16777216.0,1.73842233,24.797779,15.29792
VSH-256,24,47,yes,31038361.0,16777216.0,1.85003048,24.887549,15.441048
VSH-256,24,7,yes,23784918.0,16777216.0,1.41769159,24.503544,15.490498
VSH-256,24,30,yes,28464062.0,16777216.0,1.6965903,24.762638,15.88365
VSH-256,24,4,yes,29078284.0,16777216.0,1.73320079,24.793439,16.053187
VSH-256,24,21,yes,30226803.0,16777216.0,1.80165786,24.849325,16.821742
VSH-256,24,38,yes,30500592.0,16777216.0,1.81797695,24.862334,17.096782
VSH-256,24,23,yes,32485737.0,16777216.0,1.93630081,24.953303,17.894683
VSH-256,24,18,yes,31041919.0,16777216.0,1.85024256,24.887714,18.31261
VSH-256,24,25,yes,39278464.0,16777216.0,2.34117889,25.227235,22.408849
VSH-256,24,44,yes,42794987.0,16777216.0,2.55078,25.350938,23.342554
VSH-256,24,26,yes,51735790.0,16777216.0,3.08369339,25.624659,23.960291
VSH-256,24,22,yes,42578912.0,16777216.0,2.53790092,25.343636,24.350441
VSH-256,24,36,yes,41847964.0,16777216.0,2.49433303,25.318654,24.41809
VSH-256,24,33,yes,48589283.0,16777216.0,2.89614695,25.534135,24.753781
VSH-256,24,19,yes,49440576.0,16777216.0,2.94688797,25.559192,24.920784
VSH-256,24,2,yes,50126118.0,16777216.0,2.98774946,25.579059,26.134924
VSH-256,24,39,yes,48015847.0,16777216.0,2.8619675,25.517007,26.765118
VSH-256,24,9,yes,51694941.0,16777216.0,3.08125859,25.62352,26.77764
VSH-256,24,12,yes,54065792.0,16777216.0,3.22257233,25.688213,28.912064
VSH-256,24,3,yes,51995439.0,16777216.0,3.09916967,25.631882,29.634425
VSH-256,24,15,yes,69184680.0,16777216.0,4.12372828,26.043949,35.996614
VSH-256,24,11,yes,76950935.0,16777216.0,4.58663315,26.197436,40.214835
VSH-256,24,10,yes,80590880.0,16777216.0,4.80359077,26.264113,42.303834
VSH-256,24,5,yes,91032315.0,16777216.0,5.4259488,26.439875,43.279629
VSH-256,24,32,yes,86921959.0,16777216.0,5.18095249,26.373217,45.794857
VSH-256,24,48,yes,95164496.0,16777216.0,5.67224598,26.50392,46.37566
VSH-256,32,30,yes,28464062.0,4294967296.0,0.00662731,24.762638,12.768465
VSH-256,32,3,yes,98447042.0,4294967296.0,0.02292149,26.552845,72.211396
VSH-256,32,31,yes,132098593.0,4294967296.0,0.0307566,26.97704,112.87942
VSH-256,32,35,yes,426166733.0,4294967296.0,0.09922467,28.666843,291.113018
VSH-256,32,18,yes,417581529.0,4294967296.0,0.09722578,28.637483,324.298067
VSH-256,32,43,yes,630298023.0,4294967296.0,0.14675269,29.231459,441.412523
VSH-256,32,29,yes,662596982.0,4294967296.0,0.15427288,29.303556,462.298624
VSH-256,32,13,yes,823776315.0,4294967296.0,0.19180037,29.617677,480.977351
VSH-256,32,7,yes,911964016.0,4294967296.0,0.21233317,29.764402,660.758403
VSH-256,32,34,yes,894161576.0,4294967296.0,0.20818822,29.73596,673.201724
VSH-256,32,27,yes,1024159810.0,4294967296.0,0.23845579,29.931794,708.65109
VSH-256,32,23,yes,956814442.0,4294967296.0,0.22277572,29.833664,710.115668
VSH-256,32,5,yes,997436633.0,4294967296.0,0.23223381,29.89365,730.276158
VSH-256,32,11,yes,1573365532.0,4294967296.0,0.36632771,30.551207,1184.007112
VSH-256,32,2,yes,1734053454.0,4294967296.0,0.40374078,30.691501,1188.104538
VSH-256,32,12,yes,1838997124.0,4294967296.0,0.42817488,30.776272,1290.920823
VSH-256,32,39,yes,2227861716.0,4294967296.0,0.51871448,31.053013,1474.777615
VSH-256,32,40,yes,2471137066.0,4294967296.0,0.57535643,31.202528,1640.334831
VSH-256,32,48,yes,2662112486.0,4294967296.0,0.61982136,31.309924,1686.268312
VSH-256,32,44,yes,2814035334.0,4294967296.0,0.65519366,31.389993,1717.713029
VSH-256,32,38,yes,2794887375.0,4294967296.0,0.65073543,31.380143,1829.209874
VSH-256,32,26,yes,2953556015.0,4294967296.0,0.68767835,31.459806,1872.737576
VSH-256,32,8,yes,3000708582.0,4294967296.0,0.69865691,31.482656,2059.453512
VSH-256,32,33,yes,3515332978.0,4294967296.0,0.81847724,31.711014,2288.898501
VSH-256,32,45,yes,3582749977.0,4294967296.0,0.83417398,31.73842,2317.21528
VSH-256,32,46,yes,3933425100.0,4294967296.0,0.9158219,31.873139,2455.889536
VSH-256,32,15,yes,3997976945.0,4294967296.0,0.93085155,31.896623,2527.067819
VSH-256,32,9,yes,4065038050.0,4294967296.0,0.94646543,31.920622,2557.908959
VSH-256,32,19,yes,4259851399.0,4294967296.0,0.99182394,31.988156,2681.102155
VSH-256,32,41,yes,4704820487.0,4294967296.0,1.09542638,32.131493,2861.342246
VSH-256,32,0,yes,4579347861.0,4294967296.0,1.06621251,32.092495,2925.708757
VSH-256,32,6,yes,4742403425.0,4294967296.0,1.10417684,32.142971,2933.947613
VSH-256,32,22,yes,5200588526.0,4294967296.0,1.21085637,32.276028,3256.093911
VSH-256,32,25,yes,5407256870.0,4294967296.0,1.2589751,32.33225,3345.710341
VSH-256,32,28,yes,5656701569.0,4294967296.0,1.31705347,32.397314,3382.50213
VSH-256,32,36,yes,5793038884.0,4294967296.0,1.34879697,32.431673,3517.91467
VSH-256,32,32,yes,5751169559.0,4294967296.0,1.33904851,32.421208,3667.661977
VSH-256,32,47,yes,6301319424.0,4294967296.0,1.46714026,32.553007,3926.73219
VSH-256,32,16,yes,6857975457.0,4294967296.0,1.59674684,32.675136,4184.87045
VSH-256,32,37,yes,7787450437.0,4294967296.0,1.8131571,32.858504,4708.249069
VSH-256,32,4,yes,7616334494.0,4294967296.0,1.77331606,32.82645,4748.517694
VSH-256,32,17,yes,8758631509.0,4294967296.0,2.03927781,33.028058,5265.323416
VSH-256,32,49,yes,8947807272.0,4294967296.0,2.08332373,33.058887,5510.762606
VSH-256,32,20,yes,9543495896.0,4294967296.0,2.22201829,33.151871,5802.019908
VSH-256,32,21,yes,10857656101.0,4294967296.0,2.52799506,33.337994,6555.579161
VSH-256,32,42,yes,12685691295.0,4294967296.0,2.95361767,33.562483,7783.449629
VSH-256,32,1,yes,13576041413.0,4294967296.0,3.16091846,33.660344,8138.82883
VSH-256,32,10,yes,15374941615.0,4294967296.0,3.57975755,33.839862,9398.535861
VSH-256,32,24,yes,19261120641.0,4294967296.0,4.48457912,34.164973,11674.32316
VSH-256,32,14,yes,20757382084.0,4294967296.0,4.83295463,34.272905,18865.84577
VSH-256,36,26,yes,9322549184.0,68719476736.0,0.13566095,33.118077,5707.901601
VSH-256,36,0,yes,14014604582.0,68719476736.0,0.20393934,33.706212,8320.639762
VSH-256,36,22,yes,24928653619.0,68719476736.0,0.36275965,34.537086,14912.23073
VSH-256,36,24,yes,26819351467.0,68719476736.0,0.39027293,34.642555,16133.56122
VSH-256,36,13,yes,29908856370.0,68719476736.0,0.43523114,34.799854,17958.88965
VSH-256,36,12,yes,34864448150.0,68719476736.0,0.50734449,35.021038,21145.75448
VSH-256,36,18,yes,35345614607.0,68719476736.0,0.51434639,35.040812,21517.91218
VSH-256,36,11,yes,38436393488.0,68719476736.0,0.55932314,35.161754,23260.19051
VSH-256,36,25,yes,45875853056.0,68719476736.0,0.66758152,35.417016,27796.75544
VSH-256,36,9,yes,53613765897.0,68719476736.0,0.78018298,35.641884,32643.3578
VSH-256,36,16,yes,53098830000.0,68719476736.0,0.77268967,35.627961,33640.76187
VSH-256,36,3,yes,55429932914.0,68719476736.0,0.80661168,35.689946,33845.99598
VSH-256,36,7,yes,56438667434.0,68719476736.0,0.8212907,35.715965,34398.58066
VSH-256,36,1,yes,56969417124.0,68719476736.0,0.82901413,35.729469,34746.13777
VSH-256,36,6,yes,60097736158.0,68719476736.0,0.87453716,35.806592,36671.07688
VSH-256,36,2,yes,64827430910.0,68719476736.0,0.94336328,35.915885,39777.14065
VSH-256,36,10,yes,69840347153.0,68719476736.0,1.01631081,36.023342,42904.6783
VSH-256,36,20,yes,75523116588.0,68719476736.0,1.09900599,36.136199,46346.26654
VSH-256,36,17,yes,79808440927.0,68719476736.0,1.16136567,36.215822,49157.29613
VSH-256,36,23,yes,85598570571.0,68719476736.0,1.24562314,36.316868,52813.25089
VSH-256,36,27,yes,88116107542.0,68719476736.0,1.28225813,36.358687,54107.75102
VSH-256,36,21,yes,88554078684.0,68719476736.0,1.28863145,36.36584,55090.49366
VSH-256,36,15,yes,90101772765.0,68719476736.0,1.31115336,36.390836,57942.16166
VSH-256,36,8,yes,95312998877.0,68719476736.0,1.38698668,36.471954,58666.94835
VSH-256,36,29,yes,102451000000.0,68719476736.0,1.49086388,36.576149,63778.73732
VSH-256,36,5,yes,111121000000.0,68719476736.0,1.61702252,36.69334,69108.5543
VSH-256,36,28,yes,130005000000.0,68719476736.0,1.89182581,36.919779,81263.88418
VSH-256,36,14,yes,215855000000.0,68719476736.0,3.14110686,37.651273,136113.7197
VSH-256,36,4,yes,218428000000.0,68719476736.0,3.17853937,37.668364,137746.0221
VSH-256,36,19,yes,335463000000.0,68719476736.0,4.88163179,38.287363,231703.6466
SpVSH-320,8,6,yes,47.0,256.0,0.18359375,5.554589,0.000408
SpVSH-320,8,13,yes,44.0,256.0,0.171875,5.459432,0.000692
SpVSH-320,8,9,yes,9.0,256.0,0.03515625,3.169925,0.000417
SpVSH-320,8,5,yes,100.0,256.0,0.390625,6.643856,0.000495
SpVSH-320,8,10,yes,20.0,256.0,0.078125,4.321928,0.000468
SpVSH-320,8,3,yes,87.0,256.0,0.33984375,6.442943,0.000437
SpVSH-320,8,4,yes,138.0,256.0,0.5390625,7.108524,0.000567
SpVSH-320,8,7,yes,191.0,256.0,0.74609375,7.577429,0.000661
SpVSH-320,8,8,yes,135.0,256.0,0.52734375,7.076816,0.000654
SpVSH-320,8,1,yes,438.0,256.0,1.7109375,8.774787,0.0011
SpVSH-320,8,2,yes,307.0,256.0,1.19921875,8.262095,0.000896
SpVSH-320,8,11,yes,327.0,256.0,1.27734375,8.353147,0.001149
SpVSH-320,8,28,yes,24.0,256.0,0.09375,4.584963,0.001375
SpVSH-320,8,17,yes,21.0,256.0,0.08203125,4.392317,0.001069
SpVSH-320,8,25,yes,94.0,256.0,0.3671875,6.554589,0.001424
SpVSH-320,8,22,yes,100.0,256.0,0.390625,6.643856,0.001373
SpVSH-320,8,23,yes,183.0,256.0,0.71484375,7.5157,0.001505
SpVSH-320,8,14,yes,287.0,256.0,1.12109375,8.164907,0.000941
SpVSH-320,8,24,yes,397.0,256.0,1.55078125,8.632995,0.00154
SpVSH-320,8,43,yes,5.0,256.0,0.01953125,2.321928,0.0016
SpVSH-320,8,40,yes,45.0,256.0,0.17578125,5.491853,0.0016
SpVSH-320,8,39,yes,8.0,256.0,0.03125,3.0,0.001539
SpVSH-320,8,44,yes,3.0,256.0,0.01171875,1.584963,0.001613
SpVSH-320,8,12,yes,158.0,256.0,0.6171875,7.303781,0.000873
SpVSH-320,8,31,yes,150.0,256.0,0.5859375,7.228819,0.001696
SpVSH-320,8,15,yes,66.0,256.0,0.2578125,6.044394,0.001062
SpVSH-320,8,32,yes,207.0,256.0,0.80859375,7.693487,0.00184
SpVSH-320,8,30,yes,236.0,256.0,0.921875,7.882643,0.001867
SpVSH-320,8,0,yes,287.0,256.0,1.12109375,8.164907,0.000796
SpVSH-320,8,29,yes,228.0,256.0,0.890625,7.83289,0.001824
SpVSH-320,8,26,yes,267.0,256.0,1.04296875,8.060696,0.001827
SpVSH-320,8,48,yes,36.0,256.0,0.140625,5.169925,0.001759
SpVSH-320,8,34,yes,278.0,256.0,1.0859375,8.118941,0.00202
SpVSH-320,8,21,yes,1059.0,256.0,4.13671875,10.048487,0.00203
SpVSH-320,8,38,yes,216.0,256.0,0.84375,7.754888,0.001966
SpVSH-320,8,16,yes,688.0,256.0,2.6875,9.426265,0.001892
SpVSH-320,8,36,yes,249.0,256.0,0.97265625,7.960002,0.001989
SpVSH-320,8,42,yes,172.0,256.0,0.671875,7.426265,0.001959
SpVSH-320,8,20,yes,90.0,256.0,0.3515625,6.491853,0.001335
SpVSH-320,8,45,yes,1039.0,256.0,4.05859375,10.02098,0.002272
SpVSH-320,8,37,yes,276.0,256.0,1.078125,8.108524,0.002059
SpVSH-320,8,41,yes,940.0,256.0,3.671875,9.876517,0.002304
SpVSH-320,8,35,yes,317.0,256.0,1.23828125,8.308339,0.002063
SpVSH-320,8,49,yes,433.0,256.0,1.69140625,8.758223,0.002331
SpVSH-320,8,19,yes,345.0,256.0,1.34765625,8.430453,0.001813
SpVSH-320,8,18,yes,112.0,256.0,0.4375,6.807355,0.001118
SpVSH-320,8,46,yes,312.0,256.0,1.21875,8.285402,0.002153
SpVSH-320,8,47,yes,254.0,256.0,0.9921875,7.988685,0.002177
SpVSH-320,8,33,yes,1004.0,256.0,3.921875,9.971544,0.002238
SpVSH-320,8,27,yes,954.0,256.0,3.7265625,9.897845,0.002209
SpVSH-320,16,20,yes,933.0,65536.0,0.01423645,9.865733,0.002815
SpVSH-320,16,8,yes,2934.0,65536.0,0.04476929,11.518653,0.003961
SpVSH-320,16,25,yes,2191.0,65536.0,0.03343201,11.097374,0.005951
SpVSH-320,16,40,yes,2559.0,65536.0,0.03904724,11.321364,0.006156
SpVSH-320,16,49,yes,2794.0,65536.0,0.04263306,11.448116,0.006211
SpVSH-320,16,12,yes,5266.0,65536.0,0.08035278,12.362492,0.007027
SpVSH-320,16,18,yes,5221.0,65536.0,0.07966614,12.35011,0.007352
SpVSH-320,16,10,yes,7139.0,65536.0,0.1089325,12.801506,0.008201
SpVSH-320,16,26,yes,7029.0,65536.0,0.10725403,12.779104,0.00848
SpVSH-320,16,7,yes,7678.0,65536.0,0.11715698,12.906515,0.009338
SpVSH-320,16,2,yes,11098.0,65536.0,0.16934204,13.438012,0.010753
SpVSH-320,16,34,yes,6771.0,65536.0,0.10331726,12.725153,0.01108
SpVSH-320,16,11,yes,16341.0,65536.0,0.24934387,13.996209,0.014231
SpVSH-320,16,19,yes,17987.0,65536.0,0.27445984,14.134667,0.015207
SpVSH-320,16,21,yes,26643.0,65536.0,0.40653992,14.701469,0.017735
SpVSH-320,16,32,yes,15651.0,65536.0,0.23881531,13.933967,0.018855
SpVSH-320,16,35,yes,20718.0,65536.0,0.31613159,14.338597,0.019837
SpVSH-320,16,4,yes,17658.0,65536.0,0.2694397,14.108034,0.020316
SpVSH-320,16,43,yes,15767.0,65536.0,0.24058533,13.944621,0.020733
SpVSH-320,16,9,yes,43753.0,65536.0,0.6676178,15.417094,0.023436
SpVSH-320,16,27,yes,48345.0,65536.0,0.73768616,15.561079,0.026589
SpVSH-320,16,5,yes,26019.0,65536.0,0.39701843,14.667278,0.02733
SpVSH-320,16,13,yes,64784.0,65536.0,0.98852539,15.98335,0.027796
SpVSH-320,16,41,yes,43007.0,65536.0,0.65623474,15.392284,0.028329
SpVSH-320,16,46,yes,23609.0,65536.0,0.36024475,14.527049,0.030857
SpVSH-320,16,14,yes,57860.0,65536.0,0.88287354,15.820279,0.033187
SpVSH-320,16,29,yes,27397.0,65536.0,0.41804504,14.74173,0.033412
SpVSH-320,16,28,yes,45639.0,65536.0,0.69639587,15.47798,0.034848
SpVSH-320,16,22,yes,89740.0,65536.0,1.36932373,16.453464,0.036095
SpVSH-320,16,45,yes,29930.0,65536.0,0.45669556,14.869305,0.036634
SpVSH-320,16,30,yes,31175.0,65536.0,0.47569275,14.928102,0.036698
SpVSH-320,16,36,yes,71831.0,65536.0,1.09605408,16.132319,0.040752
SpVSH-320,16,15,yes,73028.0,65536.0,1.11431885,16.156162,0.041769
SpVSH-320,16,3,yes,66618.0,65536.0,1.01651001,16.023624,0.044155
SpVSH-320,16,6,yes,71501.0,65536.0,1.09101868,16.125676,0.044963
SpVSH-320,16,16,yes,49485.0,65536.0,0.75508118,15.594704,0.045027
SpVSH-320,16,47,yes,62251.0,65536.0,0.94987488,15.925809,0.046191
SpVSH-320,16,17,yes,113789.0,65536.0,1.73628235,16.796002,0.052204
SpVSH-320,16,31,yes,128369.0,65536.0,1.95875549,16.969937,0.052306
SpVSH-320,16,48,yes,63633.0,65536.0,0.97096252,15.957488,0.053856
SpVSH-320,16,23,yes,195897.0,65536.0,2.989151,17.579736,0.056229
SpVSH-320,16,0,yes,104254.0,65536.0,1.59078979,16.669743,0.057675
SpVSH-320,16,37,yes,95366.0,65536.0,1.45516968,16.541187,0.057679
SpVSH-320,16,33,yes,122620.0,65536.0,1.87103271,16.903835,0.058666
SpVSH-320,16,24,yes,91152.0,65536.0,1.39086914,16.475987,0.058787
SpVSH-320,16,38,yes,122381.0,65536.0,1.86738586,16.90102,0.061097
SpVSH-320,16,1,yes,83695.0,65536.0,1.27708435,16.352854,0.06221
SpVSH-320,16,39,yes,186288.0,65536.0,2.8425293,17.507175,0.065314
SpVSH-320,16,44,yes,107989.0,65536.0,1.64778137,16.720525,0.065585
SpVSH-320,16,42,yes,166242.0,65536.0,2.53665161,17.342925,0.066097
SpVSH-320,24,15,yes,45711.0,16777216.0,0.00272459,15.480254,0.053409
SpVSH-320,24,40,yes,96796.0,16777216.0,0.00576949,16.56266,0.118278
SpVSH-320,24,43,yes,639894.0,16777216.0,0.03814065,19.287473,0.762458
SpVSH-320,24,33,yes,719224.0,16777216.0,0.04286909,19.456082,0.856211
SpVSH-320,24,41,yes,2061943.0,16777216.0,0.12290138,20.975573,1.288718
SpVSH-320,24,46,yes,1379386.0,16777216.0,0.08221781,20.395595,1.650247
SpVSH-320,24,6,yes,2154438.0,16777216.0,0.12841451,21.03888,2.575663
SpVSH-320,24,48,yes,2802861.0,16777216.0,0.16706353,21.418469,3.355515
SpVSH-320,24,49,yes,3014941.0,16777216.0,0.17970449,21.523698,3.484191
SpVSH-320,24,27,yes,3035729.0,16777216.0,0.18094355,21.533612,3.63183
SpVSH-320,24,14,yes,3705095.0,16777216.0,0.22084087,21.821079,4.434247
SpVSH-320,24,44,yes,6838520.0,16777216.0,0.40760756,22.705253,4.479745
SpVSH-320,24,47,yes,6417171.0,16777216.0,0.3824932,22.613506,4.666965
SpVSH-320,24,9,yes,4139227.0,16777216.0,0.24671715,21.98093,4.952768
SpVSH-320,24,16,yes,9931226.0,16777216.0,0.5919472,23.24354,5.461476
SpVSH-320,24,20,yes,4670932.0,16777216.0,0.27840924,22.155279,5.591909
SpVSH-320,24,24,yes,5041561.0,16777216.0,0.30050045,22.265439,6.037677
SpVSH-320,24,0,yes,17040010.0,16777216.0,1.01566374,24.022423,7.349448
SpVSH-320,24,38,yes,6476931.0,16777216.0,0.38605517,22.626879,7.761476
SpVSH-320,24,45,yes,12668755.0,16777216.0,0.75511664,23.594771,8.051145
SpVSH-320,24,39,yes,7013636.0,16777216.0,0.41804528,22.741731,8.083864
SpVSH-320,24,21,yes,9010990.0,16777216.0,0.53709686,23.103254,8.195729
SpVSH-320,24,22,yes,7150596.0,16777216.0,0.42620873,22.769632,8.320935
SpVSH-320,24,23,yes,7040319.0,16777216.0,0.41963571,22.747209,8.352273
SpVSH-320,24,3,yes,7080098.0,16777216.0,0.42200673,22.755338,8.478044
SpVSH-320,24,25,yes,12853037.0,16777216.0,0.7661007,23.615606,9.141504
SpVSH-320,24,7,yes,13469751.0,16777216.0,0.80285972,23.68322,9.354017
SpVSH-320,24,42,yes,23589366.0,16777216.0,1.40603578,24.491633,9.402729
SpVSH-320,24,37,yes,7907679.0,16777216.0,0.4713344,22.914823,9.471168
SpVSH-320,24,4,yes,8748715.0,16777216.0,0.52146405,23.06064,9.476142
SpVSH-320,24,5,yes,8352889.0,16777216.0,0.49787098,22.993844,9.652901
SpVSH-320,24,28,yes,13716360.0,16777216.0,0.81755877,23.709394,10.03082
SpVSH-320,24,8,yes,11161596.0,16777216.0,0.66528296,23.41204,10.171231
SpVSH-320,24,35,yes,8683819.0,16777216.0,0.51759595,23.049898,10.396948
SpVSH-320,24,18,yes,9622667.0,16777216.0,0.57355565,23.198005,11.517851
SpVSH-320,24,1,yes,48324795.0,16777216.0,2.88038224,25.52626,11.679986
SpVSH-320,24,10,yes,29133742.0,16777216.0,1.73650634,24.796188,12.603912
SpVSH-320,24,2,yes,30143161.0,16777216.0,1.7966724,24.845327,13.200084
SpVSH-320,24,11,yes,15357781.0,16777216.0,0.91539508,23.872466,13.216833
SpVSH-320,24,12,yes,41824640.0,16777216.0,2.49294281,25.31785,14.634244
SpVSH-320,24,13,yes,12951078.0,16777216.0,0.7719444,23.626569,14.667563
SpVSH-320,24,29,yes,20290190.0,16777216.0,1.20938957,24.274279,14.772852
SpVSH-320,24,26,yes,47745169.0,16777216.0,2.84583384,25.508851,15.987989
SpVSH-320,24,32,yes,13967440.0,16777216.0,0.8325243,23.735564,16.707462
SpVSH-320,24,17,yes,97043218.0,16777216.0,5.78422654,26.532124,17.046825
SpVSH-320,24,19,yes,21066149.0,16777216.0,1.25564033,24.328423,17.126576
SpVSH-320,24,30,yes,33437208.0,16777216.0,1.99301291,24.994951,17.303303
SpVSH-320,24,31,yes,43360154.0,16777216.0,2.58446658,25.369867,18.070708
SpVSH-320,24,34,yes,40211161.0,16777216.0,2.39677197,25.261093,18.310341
SpVSH-320,24,36,yes,37036292.0,16777216.0,2.20753503,25.142436,18.672174
SpVSH-320,32,19,yes,145952130.0,4294967296.0,0.03398213,27.12092,174.334907
SpVSH-320,32,33,yes,152015826.0,4294967296.0,0.03539394,27.179646,181.556707
SpVSH-320,32,5,yes,205532870.0,4294967296.0,0.04785435,27.614794,245.329034
SpVSH-320,32,34,yes,404000446.0,4294967296.0,0.09406368,28.589782,331.425867
SpVSH-320,32,28,yes,287107781.0,4294967296.0,0.06684749,28.097017,342.247336
SpVSH-320,32,35,yes,689711436.0,4294967296.0,0.16058596,29.361418,494.631705
SpVSH-320,32,14,yes,531957773.0,4294967296.0,0.12385607,28.986736,633.105453
SpVSH-320,32,7,yes,598348557.0,4294967296.0,0.13931388,29.156411,712.684748
SpVSH-320,32,24,yes,717090542.0,4294967296.0,0.16696065,29.41758,854.555325
SpVSH-320,32,2,yes,797482877.0,4294967296.0,0.18567845,29.570878,950.401848
SpVSH-320,32,4,yes,931408429.0,4294967296.0,0.21686042,29.794839,1110.095157
SpVSH-320,32,8,yes,1570973446.0,4294967296.0,0.36577076,30.549012,1292.384638
SpVSH-320,32,6,yes,2356154806.0,4294967296.0,0.54858504,31.133787,1387.238233
SpVSH-320,32,41,yes,1174667057.0,4294967296.0,0.27349849,30.129605,1399.438882
SpVSH-320,32,11,yes,1272926220.0,4294967296.0,0.29637623,30.245502,1516.239856
SpVSH-320,32,36,yes,3945234240.0,4294967296.0,0.91857143,31.877464,1545.658211
SpVSH-320,32,32,yes,1384047760.0,4294967296.0,0.32224873,30.366247,1648.101572
SpVSH-320,32,20,yes,2633804876.0,4294967296.0,0.61323048,31.294501,1655.029883
SpVSH-320,32,49,yes,1488854825.0,4294967296.0,0.34665103,30.471556,1772.607381
SpVSH-320,32,9,yes,4532020034.0,4294967296.0,1.05519314,32.077507,2022.796164
SpVSH-320,32,17,yes,1729381952.0,4294967296.0,0.40265311,30.687609,2058.946466
SpVSH-320,32,12,yes,2317030507.0,4294967296.0,0.5394757,31.10963,2137.238321
SpVSH-320,32,37,yes,4221034649.0,4294967296.0,0.98278621,31.97495,2142.449522
SpVSH-320,32,40,yes,1858440786.0,4294967296.0,0.43270196,30.791446,2212.902589
SpVSH-320,32,23,yes,2275492259.0,4294967296.0,0.52980433,31.083532,2710.030682
SpVSH-320,32,31,yes,2323529446.0,4294967296.0,0.54098886,31.113671,2767.32986
SpVSH-320,32,18,yes,2977244436.0,4294967296.0,0.69319374,31.471331,2802.79477
SpVSH-320,32,29,yes,4760197173.0,4294967296.0,1.10831977,32.148374,3005.556964
SpVSH-320,32,21,yes,6748004091.0,4294967296.0,1.57114214,32.651814,3390.650855
SpVSH-320,32,25,yes,5572065081.0,4294967296.0,1.2973475,32.375565,3400.218103
SpVSH-320,32,10,yes,10086992632.0,4294967296.0,2.34856099,33.231777,3450.915466
SpVSH-320,32,13,yes,5307542568.0,4294967296.0,1.23575855,32.305397,3475.377487
SpVSH-320,32,30,yes,3997098001.0,4294967296.0,0.9306469,31.896306,3590.845564
SpVSH-320,32,3,yes,5300905111.0,4294967296.0,1.23421315,32.303592,3631.893482
SpVSH-320,32,26,yes,4987495929.0,4294967296.0,1.16124189,32.215669,4035.872399
SpVSH-320,32,15,yes,12264869752.0,4294967296.0,2.85563752,33.513813,4090.529624
SpVSH-320,32,22,yes,6383964162.0,4294967296.0,1.48638248,32.571805,4093.528803
SpVSH-320,32,46,yes,3468669976.0,4294967296.0,0.80761266,31.691735,4132.043815
SpVSH-320,32,38,yes,16184609556.0,4294967296.0,3.76827306,33.913904,4153.003414
SpVSH-320,32,27,yes,4923091894.0,4294967296.0,1.14624665,32.196918,4233.524506
SpVSH-320,32,16,yes,6398776572.0,4294967296.0,1.48983127,32.575149,4325.423439
SpVSH-320,32,39,yes,8139882373.0,4294967296.0,1.89521405,32.922361,4389.772388
SpVSH-320,32,42,yes,9713067460.0,4294967296.0,2.26149975,33.17728,4438.94866
SpVSH-320,32,43,yes,8476466677.0,4294967296.0,1.97358119,32.980816,4573.519631
SpVSH-320,32,44,yes,8168823785.0,4294967296.0,1.9019525,32.927481,4693.242158
SpVSH-320,32,47,yes,4572773902.0,4294967296.0,1.06468189,32.090422,4788.477468
SpVSH-320,32,48,yes,4289017802.0,4294967296.0,0.99861478,31.998,4895.332614
SpVSH-320,32,0,yes,7441417376.0,4294967296.0,1.73259,32.79293,5064.972992
SpVSH-320,32,45,yes,20942254306.0,4294967296.0,4.87599855,34.285698,5153.930217
SpVSH-320,32,1,yes,4723336100.0,4294967296.0,1.09973738,32.137159,5154.447639
SpVSH-320,36,28,yes,3273900006.0,68719476736.0,0.04764152,31.608363,2341.80459
SpVSH-320,36,3,yes,5300905920.0,68719476736.0,0.07713833,32.303592,3788.471958
SpVSH-320,36,7,yes,8012523729.0,68719476736.0,0.11659757,32.89961,5720.167581
SpVSH-320,36,21,yes,9284367742.0,68719476736.0,0.13510533,33.112157,6630.767816
SpVSH-320,36,8,yes,23268913578.0,68719476736.0,0.33860726,34.437685,11180.211734
SpVSH-320,36,16,yes,15867071536.0,68719476736.0,0.23089628,33.885317,11342.881833
SpVSH-320,36,2,yes,19561237171.0,68719476736.0,0.28465347,34.187279,13975.364256
SpVSH-320,36,9,yes,40939368588.0,68719476736.0,0.59574622,35.25277,17184.335283
SpVSH-320,36,19,yes,24804134969.0,68719476736.0,0.36094767,34.529862,17704.712879
SpVSH-320,36,27,yes,26893728436.0,68719476736.0,0.39135526,34.646551,19193.284575
SpVSH-320,36,20,yes,30151661125.0,68719476736.0,0.43876442,34.811518,19608.775754
SpVSH-320,36,10,yes,42086749526.0,68719476736.0,0.61244281,35.292647,20392.281792
SpVSH-320,36,5,yes,29819463319.0,68719476736.0,0.4339303,34.795535,21278.759819
SpVSH-320,36,22,yes,63722041919.0,68719476736.0,0.92727775,35.891073,22822.654876
SpVSH-320,36,15,yes,32488359199.0,68719476736.0,0.47276785,34.919204,23177.37165
SpVSH-320,36,29,yes,73924973957.0,68719476736.0,1.07574995,36.105343,24749.295
SpVSH-320,36,0,yes,39521837539.0,68719476736.0,0.57511843,35.201931,25607.014962
SpVSH-320,36,11,yes,72495089678.0,68719476736.0,1.0549424,36.077164,26642.964059
SpVSH-320,36,13,yes,38467873512.0,68719476736.0,0.55978123,35.162935,27431.355162
SpVSH-320,36,12,yes,45166440254.0,68719476736.0,0.65725821,35.394532,27569.059987
SpVSH-320,36,14,yes,53852605264.0,68719476736.0,0.78365855,35.648297,28900.373223
SpVSH-320,36,26,yes,41134697117.0,68719476736.0,0.59858863,35.259637,29325.753728
SpVSH-320,36,6,yes,53284973262.0,68719476736.0,0.77539841,35.63301,29623.335986
SpVSH-320,36,18,yes,42372481799.0,68719476736.0,0.61660076,35.302409,30205.644096
SpVSH-320,36,1,yes,105270496942.0,68719476736.0,1.53188735,36.61531,34440.4146
SpVSH-320,36,4,yes,134235298421.0,68719476736.0,1.95338068,36.965973,35547.773179
SpVSH-320,36,17,yes,246656896393.0,68719476736.0,3.58933025,37.843715,37275.667957
SpVSH-320,36,23,yes,349445831452.0,68719476736.0,5.08510612,38.346278,42498.083806
SpVSH-320,36,24,yes,204744015731.0,68719476736.0,2.97941756,37.57503,46051.265972
SpVSH-320,36,25,yes,392308485244.0,68719476736.0,5.70883982,38.513198,53817.73236
SHA-3-256,8,0,yes,245.0,256.0,0.95703125,7.936638,0.000495
SHA-3-256,8,4,yes,72.0,256.0,0.28125,6.169925,0.000547
SHA-3-256,8,2,yes,245.0,256.0,0.95703125,7.936638,0.000754
SHA-3-256,8,9,yes,59.0,256.0,0.23046875,5.882643,0.000928
SHA-3-256,8,1,yes,334.0,256.0,1.3046875,8.383704,0.000817
SHA-3-256,8,3,yes,295.0,256.0,1.15234375,8.204571,0.0009
SHA-3-256,8,5,yes,506.0,256.0,1.9765625,8.982994,0.001068
SHA-3-256,8,14,yes,71.0,256.0,0.27734375,6.149747,0.00115
SHA-3-256,8,18,yes,14.0,256.0,0.0546875,3.807355,0.001175
SHA-3-256,8,12,yes,76.0,256.0,0.296875,6.247928,0.001199
SHA-3-256,8,10,yes,194.0,256.0,0.7578125,7.599913,0.001247
SHA-3-256,8,23,yes,5.0,256.0,0.01953125,2.321928,0.001244
SHA-3-256,8,15,yes,157.0,256.0,0.61328125,7.294621,0.001363
SHA-3-256,8,13,yes,244.0,256.0,0.953125,7.930737,0.001327
SHA-3-256,8,24,yes,87.0,256.0,0.33984375,6.442943,0.001415
SHA-3-256,8,7,yes,311.0,256.0,1.21484375,8.280771,0.001319
SHA-3-256,8,21,yes,288.0,256.0,1.125,8.169925,0.001528
SHA-3-256,8,11,yes,131.0,256.0,0.51171875,7.033423,0.001379
SHA-3-256,8,25,yes,54.0,256.0,0.2109375,5.754888,0.00139
SHA-3-256,8,34,yes,9.0,256.0,0.03515625,3.169925,0.001582
SHA-3-256,8,6,yes,526.0,256.0,2.0546875,9.038919,0.001467
SHA-3-256,8,39,yes,18.0,256.0,0.0703125,4.169925,0.001683
SHA-3-256,8,16,yes,286.0,256.0,1.1171875,8.159871,0.001595
SHA-3-256,8,35,yes,65.0,256.0,0.25390625,6.022368,0.001697
SHA-3-256,8,29,yes,316.0,256.0,1.234375,8.303781,0.00181
SHA-3-256,8,20,yes,497.0,256.0,1.94140625,8.957102,0.001848
SHA-3-256,8,45,yes,30.0,256.0,0.1171875,4.906891,0.001896
SHA-3-256,8,43,yes,56.0,256.0,0.21875,5.807355,0.001936
SHA-3-256,8,33,yes,344.0,256.0,1.34375,8.426265,0.001946
SHA-3-256,8,32,yes,266.0,256.0,1.0390625,8.055282,0.001951
SHA-3-256,8,30,yes,542.0,256.0,2.1171875,9.082149,0.002068
SHA-3-256,8,27,yes,394.0,256.0,1.5390625,8.622052,0.002077
SHA-3-256,8,26,yes,503.0,256.0,1.96484375,8.974415,0.002085
SHA-3-256,8,17,yes,482.0,256.0,1.8828125,8.912889,0.001992
SHA-3-256,8,8,yes,717.0,256.0,2.80078125,9.485829,0.001989
SHA-3-256,8,46,yes,292.0,256.0,1.140625,8.189825,0.002183
SHA-3-256,8,49,yes,149.0,256.0,0.58203125,7.219169,0.002102
SHA-3-256,8,31,yes,412.0,256.0,1.609375,8.686501,0.002138
SHA-3-256,8,28,yes,407.0,256.0,1.58984375,8.668885,0.002121
SHA-3-256,8,38,yes,960.0,256.0,3.75,9.906891,0.002316
SHA-3-256,8,19,yes,519.0,256.0,2.02734375,9.019591,0.002003
SHA-3-256,8,36,yes,439.0,256.0,1.71484375,8.778077,0.002162
SHA-3-256,8,41,yes,423.0,256.0,1.65234375,8.724514,0.002323
SHA-3-256,8,47,yes,715.0,256.0,2.79296875,9.481799,0.002381
SHA-3-256,8,22,yes,474.0,256.0,1.8515625,8.888743,0.002063
SHA-3-256,8,37,yes,289.0,256.0,1.12890625,8.174926,0.002214
SHA-3-256,8,44,yes,596.0,256.0,2.328125,9.219169,0.002337
SHA-3-256,8,48,yes,560.0,256.0,2.1875,9.129283,0.0024
SHA-3-256,8,40,yes,393.0,256.0,1.53515625,8.618386,0.002208
SHA-3-256,8,42,yes,131.0,256.0,0.51171875,7.033423,0.002082
SHA-3-256,16,7,yes,2774.0,65536.0,0.04232788,11.437752,0.003062
SHA-3-256,16,34,yes,1048.0,65536.0,0.01599121,10.033423,0.003345
SHA-3-256,16,9,yes,2879.0,65536.0,0.04393005,11.491352,0.004583
SHA-3-256,16,30,yes,1403.0,65536.0,0.02140808,10.454299,0.004667
SHA-3-256,16,0,yes,6796.0,65536.0,0.10369873,12.73047,0.005284
SHA-3-256,16,20,yes,2883.0,65536.0,0.04399109,11.493355,0.005603
SHA-3-256,16,23,yes,4767.0,65536.0,0.07273865,12.218866,0.006885
SHA-3-256,16,27,yes,7855.0,65536.0,0.11985779,12.939396,0.010883
SHA-3-256,16,24,yes,9569.0,65536.0,0.14601135,13.224152,0.011163
SHA-3-256,16,44,yes,9254.0,65536.0,0.14120483,13.175861,0.013004
SHA-3-256,16,46,yes,10341.0,65536.0,0.15779114,13.336088,0.014359
SHA-3-256,16,17,yes,14227.0,65536.0,0.21708679,13.796344,0.015295
SHA-3-256,16,21,yes,30721.0,65536.0,0.46876526,14.906938,0.018409
SHA-3-256,16,31,yes,30674.0,65536.0,0.4680481,14.904729,0.019511
SHA-3-256,16,37,yes,15859.0,65536.0,0.24198914,13.953014,0.019531
SHA-3-256,16,47,yes,21210.0,65536.0,0.32363892,14.372457,0.020324
SHA-3-256,16,15,yes,20901.0,65536.0,0.31892395,14.351284,0.021791
SHA-3-256,16,35,yes,36602.0,65536.0,0.5585022,15.159635,0.022673
SHA-3-256,16,39,yes,21226.0,65536.0,0.32388306,14.373545,0.024034
SHA-3-256,16,10,yes,44025.0,65536.0,0.67176819,15.426035,0.024863
SHA-3-256,16,45,yes,31843.0,65536.0,0.48588562,14.958689,0.024952
SHA-3-256,16,4,yes,25012.0,65536.0,0.38165283,14.610333,0.024983
SHA-3-256,16,3,yes,26536.0,65536.0,0.40490723,14.695663,0.025515
SHA-3-256,16,48,yes,31297.0,65536.0,0.47755432,14.933737,0.026366
SHA-3-256,16,8,yes,66634.0,65536.0,1.01675415,16.023971,0.035346
SHA-3-256,16,26,yes,36522.0,65536.0,0.55728149,15.156478,0.038519
SHA-3-256,16,36,yes,62024.0,65536.0,0.94641113,15.920539,0.039819
SHA-3-256,16,11,yes,66455.0,65536.0,1.01402283,16.02009,0.040048
SHA-3-256,16,49,yes,101234.0,65536.0,1.54470825,16.627334,0.040533
SHA-3-256,16,1,yes,102484.0,65536.0,1.56378174,16.645039,0.045547
SHA-3-256,16,22,yes,101064.0,65536.0,1.54211426,16.62491,0.048037
SHA-3-256,16,12,yes,86080.0,65536.0,1.31347656,16.39339,0.048441
SHA-3-256,16,25,yes,121127.0,65536.0,1.84825134,16.886161,0.048742
SHA-3-256,16,38,yes,102092.0,65536.0,1.55780029,16.63951,0.049049
SHA-3-256,16,19,yes,54005.0,65536.0,0.8240509,15.720805,0.052026
SHA-3-256,16,42,yes,54080.0,65536.0,0.82519531,15.722808,0.054575
SHA-3-256,16,13,yes,84076.0,65536.0,1.28289795,16.359406,0.055134
SHA-3-256,16,14,yes,58432.0,65536.0,0.89160156,15.834471,0.056162
SHA-3-256,16,40,yes,110607.0,65536.0,1.68772888,16.755083,0.056878
SHA-3-256,16,28,yes,160460.0,65536.0,2.44842529,17.291854,0.056844
SHA-3-256,16,41,yes,62999.0,65536.0,0.96128845,15.943041,0.059958
SHA-3-256,16,29,yes,88910.0,65536.0,1.35665894,16.440058,0.060732
SHA-3-256,16,16,yes,229620.0,65536.0,3.50372314,17.808889,0.069846
SHA-3-256,16,33,yes,75825.0,65536.0,1.15699768,16.210386,0.072924
SHA-3-256,16,2,yes,331903.0,65536.0,5.06443787,18.340402,0.073487
SHA-3-256,16,43,yes,194350.0,65536.0,2.96554565,17.568298,0.074762
SHA-3-256,16,32,yes,355764.0,65536.0,5.42852783,18.440561,0.074979
SHA-3-256,16,5,yes,250807.0,65536.0,3.82701111,17.936218,0.077087
SHA-3-256,16,18,yes,219301.0,65536.0,3.3462677,17.742553,0.07729
SHA-3-256,16,6,yes,248548.0,65536.0,3.7925415,17.923165,0.080511
SHA-3-256,24,25,yes,649439.0,16777216.0,0.03870958,19.308834,0.649951
SHA-3-256,24,18,yes,1496018.0,16777216.0,0.08916962,20.512696,1.509404
SHA-3-256,24,49,yes,1641599.0,16777216.0,0.09784693,20.64667,1.661997
SHA-3-256,24,4,yes,1858664.0,16777216.0,0.11078501,20.825835,1.8794
SHA-3-256,24,45,yes,2045740.0,16777216.0,0.12193561,20.964191,2.075692
SHA-3-256,24,34,yes,2325386.0,16777216.0,0.13860381,21.149039,2.359774
SHA-3-256,24,21,yes,2388832.0,16777216.0,0.14238548,21.187874,2.425004
SHA-3-256,24,47,yes,2476018.0,16777216.0,0.14758217,21.23959,2.515341
SHA-3-256,24,22,yes,3585375.0,16777216.0,0.213705,21.773693,3.038972
SHA-3-256,24,5,yes,4436807.0,16777216.0,0.26445431,22.08109,3.202037
SHA-3-256,24,26,yes,5801592.0,16777216.0,0.34580183,22.468017,3.283077
SHA-3-256,24,32,yes,4464806.0,16777216.0,0.26612318,22.090166,4.553622
SHA-3-256,24,43,yes,4784489.0,16777216.0,0.28517777,22.189933,4.882253
SHA-3-256,24,33,yes,9056429.0,16777216.0,0.53980523,23.110511,6.911171
SHA-3-256,24,19,yes,12425008.0,16777216.0,0.74058819,23.566743,7.113391
SHA-3-256,24,31,yes,7066051.0,16777216.0,0.42116946,22.752473,7.221527
SHA-3-256,24,8,yes,7370477.0,16777216.0,0.43931466,22.813327,7.532211
SHA-3-256,24,36,yes,7631593.0,16777216.0,0.45487839,22.863553,7.805028
SHA-3-256,24,15,yes,7875376.0,16777216.0,0.46940899,22.908917,8.054303
SHA-3-256,24,16,yes,8206299.0,16777216.0,0.48913354,22.9683,8.223914
SHA-3-256,24,20,yes,11237532.0,16777216.0,0.6698091,23.421822,8.579513
SHA-3-256,24,23,yes,20545551.0,16777216.0,1.22461027,24.292323,8.813444
SHA-3-256,24,30,yes,8669577.0,16777216.0,0.51674706,23.04753,8.87056
SHA-3-256,24,0,yes,17224549.0,16777216.0,1.02666312,24.037963,9.662647
SHA-3-256,24,12,yes,9645821.0,16777216.0,0.57493573,23.201473,9.882577
SHA-3-256,24,9,yes,11969619.0,16777216.0,0.71344489,23.512874,9.908244
SHA-3-256,24,24,yes,17049611.0,16777216.0,1.01623601,24.023235,10.06645
SHA-3-256,24,44,yes,14888998.0,16777216.0,0.88745344,23.827743,10.084692
SHA-3-256,24,13,yes,10514219.0,16777216.0,0.62669629,23.325838,10.333378
SHA-3-256,24,17,yes,14931681.0,16777216.0,0.88999754,23.831873,10.602223
SHA-3-256,24,6,yes,24736664.0,16777216.0,1.47442007,24.560148,10.605198
SHA-3-256,24,10,yes,12629449.0,16777216.0,0.75277382,23.590288,10.933368
SHA-3-256,24,11,yes,12623326.0,16777216.0,0.75240886,23.589589,11.445325
SHA-3-256,24,14,yes,27873988.0,16777216.0,1.66141915,24.732416,13.584154
SHA-3-256,24,35,yes,48053537.0,16777216.0,2.864214,25.518139,13.626141
SHA-3-256,24,2,yes,13415760.0,16777216.0,0.79964161,23.677425,13.766529
SHA-3-256,24,27,yes,80049134.0,16777216.0,4.7713002,26.254382,14.31491
SHA-3-256,24,28,yes,14685564.0,16777216.0,0.87532783,23.807895,14.351866
SHA-3-256,24,37,yes,33748037.0,16777216.0,2.01153976,25.0083,15.527387
SHA-3-256,24,39,yes,15329140.0,16777216.0,0.91368794,23.869773,15.729897
SHA-3-256,24,29,yes,48650520.0,16777216.0,2.89979696,25.535952,15.967373
SHA-3-256,24,38,yes,34463961.0,16777216.0,2.05421215,25.038585,16.480464
SHA-3-256,24,7,yes,33918453.0,16777216.0,2.02169734,25.015567,16.658982
SHA-3-256,24,40,yes,28263885.0,16777216.0,1.68465883,24.752456,16.818443
SHA-3-256,24,1,yes,30697077.0,16777216.0,1.82968837,24.871598,16.948844
SHA-3-256,24,3,yes,20628552.0,16777216.0,1.22955751,24.298139,17.155795
SHA-3-256,24,41,yes,43692758.0,16777216.0,2.60429132,25.380891,17.510665
SHA-3-256,24,42,yes,20696506.0,16777216.0,1.23360789,24.302884,17.596684
SHA-3-256,24,48,yes,33779370.0,16777216.0,2.01340735,25.009639,18.600149
SHA-3-256,24,46,yes,137463406.0,16777216.0,8.19345748,27.034472,19.498283
SHA-3-256,32,13,yes,57071720.0,4294967296.0,0.01328805,25.766273,58.692599
SHA-3-256,32,25,yes,96329391.0,4294967296.0,0.02242843,26.521473,99.074615
SHA-3-256,32,6,yes,131196096.0,4294967296.0,0.03054647,26.96715,134.843259
SHA-3-256,32,7,yes,246810472.0,4294967296.0,0.05746504,27.878828,194.129665
SHA-3-256,32,17,yes,190812430.0,4294967296.0,0.04442698,27.50758,195.984797
SHA-3-256,32,28,yes,202541557.0,4294967296.0,0.04715788,27.593643,208.019699
SHA-3-256,32,5,yes,372334726.0,4294967296.0,0.08669093,28.472025,383.373654
SHA-3-256,32,15,yes,404708934.0,4294967296.0,0.09422864,28.592309,417.013031
SHA-3-256,32,49,yes,609648094.0,4294967296.0,0.14194476,29.183401,628.336892
SHA-3-256,32,42,yes,674961538.0,4294967296.0,0.15715173,29.33023,695.931014
SHA-3-256,32,0,yes,883575608.0,4294967296.0,0.20572348,29.718778,769.775969
SHA-3-256,32,29,yes,1353482610.0,4294967296.0,0.31513223,30.334029,802.161055
SHA-3-256,32,33,yes,842700278.0,4294967296.0,0.19620645,29.650444,868.826366
SHA-3-256,32,30,yes,2056655308.0,4294967296.0,0.47885238,30.937653,1242.024616
SHA-3-256,32,11,yes,1245511147.0,4294967296.0,0.28999316,30.214091,1284.435435
SHA-3-256,32,37,yes,1353197195.0,4294967296.0,0.31506577,30.333725,1395.138692
SHA-3-256,32,38,yes,1402742683.0,4294967296.0,0.32660148,30.385603,1420.604295
SHA-3-256,32,45,yes,1496913065.0,4294967296.0,0.34852723,30.479343,1542.285135
SHA-3-256,32,43,yes,2449429431.0,4294967296.0,0.57030223,31.189799,1609.054253
SHA-3-256,32,26,yes,3457734934.0,4294967296.0,0.80506665,31.68718,1828.524391
SHA-3-256,32,31,yes,4666052143.0,4294967296.0,1.08639992,32.119555,2128.677586
SHA-3-256,32,12,yes,3571615508.0,4294967296.0,0.83158154,31.73393,2476.095291
SHA-3-256,32,35,yes,2456873939.0,4294967296.0,0.57203554,31.194177,2525.736026
SHA-3-256,32,44,yes,4329141522.0,4294967296.0,1.00795681,32.011434,2553.991305
SHA-3-256,32,32,yes,4416092451.0,4294967296.0,1.02820165,32.040123,2610.119536
SHA-3-256,32,18,yes,5111508537.0,4294967296.0,1.19011582,32.251102,2725.286481
SHA-3-256,32,47,yes,2663513181.0,4294967296.0,0.62014749,31.310683,2738.047606
SHA-3-256,32,34,yes,5626599375.0,4294967296.0,1.31004475,32.389616,2814.647212
SHA-3-256,32,23,yes,2797252001.0,4294967296.0,0.65128598,31.381363,2876.066983
SHA-3-256,32,48,yes,3005230236.0,4294967296.0,0.69970969,31.484828,2914.38822
SHA-3-256,32,22,yes,3109682755.0,4294967296.0,0.72402944,31.53412,3195.898497
SHA-3-256,32,3,yes,3136628971.0,4294967296.0,0.73030334,31.546568,3223.492492
SHA-3-256,32,46,yes,6810754389.0,4294967296.0,1.58575233,32.665167,3239.442565
SHA-3-256,32,39,yes,6852892751.0,4294967296.0,1.59556343,32.674066,3291.203552
SHA-3-256,32,1,yes,9905773206.0,4294967296.0,2.30636755,33.205622,3373.535785
SHA-3-256,32,2,yes,4887910665.0,4294967296.0,1.13805539,32.186571,3523.060091
SHA-3-256,32,16,yes,6513359699.0,4294967296.0,1.51650973,32.600755,3554.02992
SHA-3-256,32,40,yes,4391907790.0,4294967296.0,1.02257072,32.032201,3596.030989
SHA-3-256,32,36,yes,11649739064.0,4294967296.0,2.71241624,33.439579,3796.557083
SHA-3-256,32,19,yes,7163659936.0,4294967296.0,1.66791955,32.73805,3980.854634
SHA-3-256,32,20,yes,4700014421.0,4294967296.0,1.09430738,32.130018,4121.693036
SHA-3-256,32,41,yes,9269561346.0,4294967296.0,2.15823793,33.109854,4147.121894
SHA-3-256,32,4,yes,15406349266.0,4294967296.0,3.58707022,33.842806,4289.366703
SHA-3-256,32,8,yes,18342176237.0,4294967296.0,4.2706207,34.094446,4367.761626
SHA-3-256,32,9,yes,4333525091.0,4294967296.0,1.00897744,32.012894,4370.277176
SHA-3-256,32,10,yes,5990537283.0,4294967296.0,1.39478065,32.480038,4423.795459
SHA-3-256,32,14,yes,12534897703.0,4294967296.0,2.9185083,33.545231,4428.487929
SHA-3-256,32,21,yes,8339938368.0,4294967296.0,1.94179322,32.95739,4480.62856
SHA-3-256,32,24,yes,8049355037.0,4294967296.0,1.87413651,32.906226,4499.570487
SHA-3-256,32,27,yes,30207680584.0,4294967296.0,7.03327371,34.814196,4922.538384
SHA-3-256,36,29,yes,1353484417.0,68719476736.0,0.01969579,30.334031,832.85042
SHA-3-256,36,21,yes,8339821543.0,68719476736.0,0.12136038,32.957369,5124.157033
SHA-3-256,36,0,yes,19474819880.0,68719476736.0,0.28339593,34.180891,6398.975332
SHA-3-256,36,25,yes,11375758851.0,68719476736.0,0.16553908,33.405244,6989.371403
SHA-3-256,36,9,yes,12723135856.0,68719476736.0,0.18514599,33.566735,7817.09603
SHA-3-256,36,6,yes,14328646150.0,68719476736.0,0.20850924,33.738183,8801.69505
SHA-3-256,36,8,yes,32754501067.0,68719476736.0,0.47664072,34.930974,20118.451971
SHA-3-256,36,26,yes,55159410694.0,68719476736.0,0.80267507,35.682888,20433.682905
SHA-3-256,36,20,yes,33829363507.0,68719476736.0,0.49228203,34.977557,20778.468393
SHA-3-256,36,12,yes,36193427704.0,68719476736.0,0.52668369,35.075009,22230.430207
SHA-3-256,36,27,yes,44331966167.0,68719476736.0,0.64511501,35.367628,22699.617776
SHA-3-256,36,7,yes,75181498516.0,68719476736.0,1.09403479,36.129659,27502.812201
SHA-3-256,36,10,yes,91800124090.0,68719476736.0,1.33586762,36.417777,27872.853369
SHA-3-256,36,13,yes,55392791335.0,68719476736.0,0.8060712,35.688979,28141.571495
SHA-3-256,36,14,yes,50740470153.0,68719476736.0,0.73837102,35.562418,29158.986603
SHA-3-256,36,15,yes,53541016473.0,68719476736.0,0.77912433,35.639925,30102.545036
SHA-3-256,36,16,yes,53093197111.0,68719476736.0,0.7726077,35.627808,30609.577696
SHA-3-256,36,17,yes,61021701081.0,68719476736.0,0.88798262,35.828603,31760.591686
SHA-3-256,36,3,yes,57096810677.0,68719476736.0,0.83086795,35.732691,35101.542737
SHA-3-256,36,11,yes,150227255865.0,68719476736.0,2.18609429,37.128356,38625.98229
SHA-3-256,36,22,yes,147422767797.0,68719476736.0,2.14528362,37.101168,38847.622492
SHA-3-256,36,1,yes,179593215999.0,68719476736.0,2.61342525,37.385942,41062.144109
SHA-3-256,36,18,yes,182936639797.0,68719476736.0,2.66207847,37.412553,41130.816922
SHA-3-256,36,19,yes,71973228764.0,68719476736.0,1.04734832,36.066741,41354.413152
SHA-3-256,36,24,yes,71154187775.0,68719476736.0,1.03542971,36.05023,43739.333082
SHA-3-256,36,23,yes,173688403044.0,68719476736.0,2.52749892,37.33771,44572.71635
SHA-3-256,36,28,yes,244369953402.0,68719476736.0,3.55605085,37.830276,46247.84092
SHA-3-256,36,2,yes,131127753775.0,68719476736.0,1.90815996,36.932182,46927.300266
SHA-3-256,36,4,yes,442933740954.0,68719476736.0,6.44553425,38.6883,54155.21641
SHA-3-256,36,5,yes,142658112583.0,68719476736.0,2.07594876,37.053771,55247.170996
