algorithm,trunc_bits,repetition,target_message,target_hex,candidate_length_bytes,search_mode,lanes_per_rep,found,trials,expected_trials,log2_trials,ratio_to_expected,seconds,matched_hex,candidate_counter,candidate_hex
SHA-3-256,8,0,"TRUNCATED_PREIMAGE_TARGET_001|rep=0",0xb3,8,dynamic_work_stealing,0,yes,245,256,7.936638,0.95703125,0.000495,0xb3,244,f400000000000000
SHA-3-256,8,4,"TRUNCATED_PREIMAGE_TARGET_001|rep=4",0x1d,8,dynamic_work_stealing,0,yes,72,256,6.169925,0.28125000,0.000547,0x1d,71,4700000000000000
SHA-3-256,8,2,"TRUNCATED_PREIMAGE_TARGET_001|rep=2",0xb3,8,dynamic_work_stealing,0,yes,245,256,7.936638,0.95703125,0.000754,0xb3,244,f400000000000000
SHA-3-256,8,9,"TRUNCATED_PREIMAGE_TARGET_001|rep=9",0x44,8,dynamic_work_stealing,0,yes,59,256,5.882643,0.23046875,0.000928,0x44,58,3a00000000000000
SHA-3-256,8,1,"TRUNCATED_PREIMAGE_TARGET_001|rep=1",0xc7,8,dynamic_work_stealing,0,yes,334,256,8.383704,1.30468750,0.000817,0xc7,333,4d01000000000000
SHA-3-256,8,3,"TRUNCATED_PREIMAGE_TARGET_001|rep=3",0x28,8,dynamic_work_stealing,0,yes,295,256,8.204571,1.15234375,0.000900,0x28,294,2601000000000000
SHA-3-256,8,5,"TRUNCATED_PREIMAGE_TARGET_001|rep=5",0x8a,8,dynamic_work_stealing,0,yes,506,256,8.982994,1.97656250,0.001068,0x8a,505,f901000000000000
SHA-3-256,8,14,"TRUNCATED_PREIMAGE_TARGET_001|rep=14",0x6e,8,dynamic_work_stealing,0,yes,71,256,6.149747,0.27734375,0.001150,0x6e,70,4600000000000000
SHA-3-256,8,18,"TRUNCATED_PREIMAGE_TARGET_001|rep=18",0x67,8,dynamic_work_stealing,0,yes,14,256,3.807355,0.05468750,0.001175,0x67,13,0d00000000000000
SHA-3-256,8,12,"TRUNCATED_PREIMAGE_TARGET_001|rep=12",0x4c,8,dynamic_work_stealing,0,yes,76,256,6.247928,0.29687500,0.001199,0x4c,75,4b00000000000000
SHA-3-256,8,10,"TRUNCATED_PREIMAGE_TARGET_001|rep=10",0xb2,8,dynamic_work_stealing,0,yes,194,256,7.599913,0.75781250,0.001247,0xb2,193,c100000000000000
SHA-3-256,8,23,"TRUNCATED_PREIMAGE_TARGET_001|rep=23",0x97,8,dynamic_work_stealing,0,yes,5,256,2.321928,0.01953125,0.001244,0x97,4,0400000000000000
SHA-3-256,8,15,"TRUNCATED_PREIMAGE_TARGET_001|rep=15",0x81,8,dynamic_work_stealing,0,yes,157,256,7.294621,0.61328125,0.001363,0x81,156,9c00000000000000
SHA-3-256,8,13,"TRUNCATED_PREIMAGE_TARGET_001|rep=13",0x1b,8,dynamic_work_stealing,0,yes,244,256,7.930737,0.95312500,0.001327,0x1b,243,f300000000000000
SHA-3-256,8,24,"TRUNCATED_PREIMAGE_TARGET_001|rep=24",0x8b,8,dynamic_work_stealing,0,yes,87,256,6.442943,0.33984375,0.001415,0x8b,86,5600000000000000
SHA-3-256,8,7,"TRUNCATED_PREIMAGE_TARGET_001|rep=7",0x02,8,dynamic_work_stealing,0,yes,311,256,8.280771,1.21484375,0.001319,0x02,310,3601000000000000
SHA-3-256,8,21,"TRUNCATED_PREIMAGE_TARGET_001|rep=21",0xe4,8,dynamic_work_stealing,0,yes,288,256,8.169925,1.12500000,0.001528,0xe4,287,1f01000000000000
SHA-3-256,8,11,"TRUNCATED_PREIMAGE_TARGET_001|rep=11",0xad,8,dynamic_work_stealing,0,yes,131,256,7.033423,0.51171875,0.001379,0xad,130,8200000000000000
SHA-3-256,8,25,"TRUNCATED_PREIMAGE_TARGET_001|rep=25",0xff,8,dynamic_work_stealing,0,yes,54,256,5.754888,0.21093750,0.001390,0xff,53,3500000000000000
SHA-3-256,8,34,"TRUNCATED_PREIMAGE_TARGET_001|rep=34",0x47,8,dynamic_work_stealing,0,yes,9,256,3.169925,0.03515625,0.001582,0x47,8,0800000000000000
SHA-3-256,8,6,"TRUNCATED_PREIMAGE_TARGET_001|rep=6",0x7c,8,dynamic_work_stealing,0,yes,526,256,9.038919,2.05468750,0.001467,0x7c,525,0d02000000000000
SHA-3-256,8,39,"TRUNCATED_PREIMAGE_TARGET_001|rep=39",0xfe,8,dynamic_work_stealing,0,yes,18,256,4.169925,0.07031250,0.001683,0xfe,17,1100000000000000
SHA-3-256,8,16,"TRUNCATED_PREIMAGE_TARGET_001|rep=16",0x62,8,dynamic_work_stealing,0,yes,286,256,8.159871,1.11718750,0.001595,0x62,285,1d01000000000000
SHA-3-256,8,35,"TRUNCATED_PREIMAGE_TARGET_001|rep=35",0x2c,8,dynamic_work_stealing,0,yes,65,256,6.022368,0.25390625,0.001697,0x2c,64,4000000000000000
SHA-3-256,8,29,"TRUNCATED_PREIMAGE_TARGET_001|rep=29",0x14,8,dynamic_work_stealing,0,yes,316,256,8.303781,1.23437500,0.001810,0x14,315,3b01000000000000
SHA-3-256,8,20,"TRUNCATED_PREIMAGE_TARGET_001|rep=20",0x69,8,dynamic_work_stealing,0,yes,497,256,8.957102,1.94140625,0.001848,0x69,496,f001000000000000
SHA-3-256,8,45,"TRUNCATED_PREIMAGE_TARGET_001|rep=45",0x4a,8,dynamic_work_stealing,0,yes,30,256,4.906891,0.11718750,0.001896,0x4a,29,1d00000000000000
SHA-3-256,8,43,"TRUNCATED_PREIMAGE_TARGET_001|rep=43",0x33,8,dynamic_work_stealing,0,yes,56,256,5.807355,0.21875000,0.001936,0x33,55,3700000000000000
SHA-3-256,8,33,"TRUNCATED_PREIMAGE_TARGET_001|rep=33",0x4f,8,dynamic_work_stealing,0,yes,344,256,8.426265,1.34375000,0.001946,0x4f,343,5701000000000000
SHA-3-256,8,32,"TRUNCATED_PREIMAGE_TARGET_001|rep=32",0xa1,8,dynamic_work_stealing,0,yes,266,256,8.055282,1.03906250,0.001951,0xa1,265,0901000000000000
SHA-3-256,8,30,"TRUNCATED_PREIMAGE_TARGET_001|rep=30",0x8e,8,dynamic_work_stealing,0,yes,542,256,9.082149,2.11718750,0.002068,0x8e,541,1d02000000000000
SHA-3-256,8,27,"TRUNCATED_PREIMAGE_TARGET_001|rep=27",0x92,8,dynamic_work_stealing,0,yes,394,256,8.622052,1.53906250,0.002077,0x92,393,8901000000000000
SHA-3-256,8,26,"TRUNCATED_PREIMAGE_TARGET_001|rep=26",0xa0,8,dynamic_work_stealing,0,yes,503,256,8.974415,1.96484375,0.002085,0xa0,4107,0b10000000000000
SHA-3-256,8,17,"TRUNCATED_PREIMAGE_TARGET_001|rep=17",0xb7,8,dynamic_work_stealing,0,yes,482,256,8.912889,1.88281250,0.001992,0xb7,4096,0010000000000000
SHA-3-256,8,8,"TRUNCATED_PREIMAGE_TARGET_001|rep=8",0xee,8,dynamic_work_stealing,0,yes,717,256,9.485829,2.80078125,0.001989,0xee,8209,1120000000000000
SHA-3-256,8,46,"TRUNCATED_PREIMAGE_TARGET_001|rep=46",0xdb,8,dynamic_work_stealing,0,yes,292,256,8.189825,1.14062500,0.002183,0xdb,4112,1010000000000000
SHA-3-256,8,49,"TRUNCATED_PREIMAGE_TARGET_001|rep=49",0xc1,8,dynamic_work_stealing,0,yes,149,256,7.219169,0.58203125,0.002102,0xc1,148,9400000000000000
SHA-3-256,8,31,"TRUNCATED_PREIMAGE_TARGET_001|rep=31",0x7f,8,dynamic_work_stealing,0,yes,412,256,8.686501,1.60937500,0.002138,0x7f,4133,2510000000000000
SHA-3-256,8,28,"TRUNCATED_PREIMAGE_TARGET_001|rep=28",0x76,8,dynamic_work_stealing,0,yes,407,256,8.668885,1.58984375,0.002121,0x76,16394,0a40000000000000
SHA-3-256,8,38,"TRUNCATED_PREIMAGE_TARGET_001|rep=38",0x21,8,dynamic_work_stealing,0,yes,960,256,9.906891,3.75000000,0.002316,0x21,28740,4470000000000000
SHA-3-256,8,19,"TRUNCATED_PREIMAGE_TARGET_001|rep=19",0x03,8,dynamic_work_stealing,0,yes,519,256,9.019591,2.02734375,0.002003,0x03,4100,0410000000000000
SHA-3-256,8,36,"TRUNCATED_PREIMAGE_TARGET_001|rep=36",0x36,8,dynamic_work_stealing,0,yes,439,256,8.778077,1.71484375,0.002162,0x36,16407,1740000000000000
SHA-3-256,8,41,"TRUNCATED_PREIMAGE_TARGET_001|rep=41",0xa4,8,dynamic_work_stealing,0,yes,423,256,8.724514,1.65234375,0.002323,0xa4,20480,0050000000000000
SHA-3-256,8,47,"TRUNCATED_PREIMAGE_TARGET_001|rep=47",0x73,8,dynamic_work_stealing,0,yes,715,256,9.481799,2.79296875,0.002381,0x73,8212,1420000000000000
SHA-3-256,8,22,"TRUNCATED_PREIMAGE_TARGET_001|rep=22",0x99,8,dynamic_work_stealing,0,yes,474,256,8.888743,1.85156250,0.002063,0x99,24581,0560000000000000
SHA-3-256,8,37,"TRUNCATED_PREIMAGE_TARGET_001|rep=37",0x9c,8,dynamic_work_stealing,0,yes,289,256,8.174926,1.12890625,0.002214,0x9c,194,c200000000000000
SHA-3-256,8,44,"TRUNCATED_PREIMAGE_TARGET_001|rep=44",0x99,8,dynamic_work_stealing,0,yes,596,256,9.219169,2.32812500,0.002337,0x99,24581,0560000000000000
SHA-3-256,8,48,"TRUNCATED_PREIMAGE_TARGET_001|rep=48",0x61,8,dynamic_work_stealing,0,yes,560,256,9.129283,2.18750000,0.002400,0x61,69636,0410010000000000
SHA-3-256,8,40,"TRUNCATED_PREIMAGE_TARGET_001|rep=40",0x02,8,dynamic_work_stealing,0,yes,393,256,8.618386,1.53515625,0.002208,0x02,4135,2710000000000000
SHA-3-256,8,42,"TRUNCATED_PREIMAGE_TARGET_001|rep=42",0xad,8,dynamic_work_stealing,0,yes,131,256,7.033423,0.51171875,0.002082,0xad,130,8200000000000000
SHA-3-256,16,7,"TRUNCATED_PREIMAGE_TARGET_001|rep=7",0x025b,8,dynamic_work_stealing,0,yes,2774,65536,11.437752,0.04232788,0.003062,0x025b,2773,d50a000000000000
SHA-3-256,16,34,"TRUNCATED_PREIMAGE_TARGET_001|rep=34",0x4768,8,dynamic_work_stealing,0,yes,1048,65536,10.033423,0.01599121,0.003345,0x4768,1047,1704000000000000
SHA-3-256,16,9,"TRUNCATED_PREIMAGE_TARGET_001|rep=9",0x4479,8,dynamic_work_stealing,0,yes,2879,65536,11.491352,0.04393005,0.004583,0x4479,2878,3e0b000000000000
SHA-3-256,16,30,"TRUNCATED_PREIMAGE_TARGET_001|rep=30",0x8e07,8,dynamic_work_stealing,0,yes,1403,65536,10.454299,0.02140808,0.004667,0x8e07,1402,7a05000000000000
SHA-3-256,16,0,"TRUNCATED_PREIMAGE_TARGET_001|rep=0",0xb32b,8,dynamic_work_stealing,0,yes,6796,65536,12.730470,0.10369873,0.005284,0xb32b,7308,8c1c000000000000
SHA-3-256,16,20,"TRUNCATED_PREIMAGE_TARGET_001|rep=20",0x6900,8,dynamic_work_stealing,0,yes,2883,65536,11.493355,0.04399109,0.005603,0x6900,2882,420b000000000000
SHA-3-256,16,23,"TRUNCATED_PREIMAGE_TARGET_001|rep=23",0x97bc,8,dynamic_work_stealing,0,yes,4767,65536,12.218866,0.07273865,0.006885,0x97bc,4766,9e12000000000000
SHA-3-256,16,27,"TRUNCATED_PREIMAGE_TARGET_001|rep=27",0x92e8,8,dynamic_work_stealing,0,yes,7855,65536,12.939396,0.11985779,0.010883,0x92e8,7728,301e000000000000
SHA-3-256,16,24,"TRUNCATED_PREIMAGE_TARGET_001|rep=24",0x8b7e,8,dynamic_work_stealing,0,yes,9569,65536,13.224152,0.14601135,0.011163,0x8b7e,13104,3033000000000000
SHA-3-256,16,44,"TRUNCATED_PREIMAGE_TARGET_001|rep=44",0x998a,8,dynamic_work_stealing,0,yes,9254,65536,13.175861,0.14120483,0.013004,0x998a,9253,2524000000000000
SHA-3-256,16,46,"TRUNCATED_PREIMAGE_TARGET_001|rep=46",0xdb2c,8,dynamic_work_stealing,0,yes,10341,65536,13.336088,0.15779114,0.014359,0xdb2c,10340,6428000000000000
SHA-3-256,16,17,"TRUNCATED_PREIMAGE_TARGET_001|rep=17",0xb7ad,8,dynamic_work_stealing,0,yes,14227,65536,13.796344,0.21708679,0.015295,0xb7ad,14226,9237000000000000
SHA-3-256,16,21,"TRUNCATED_PREIMAGE_TARGET_001|rep=21",0xe47f,8,dynamic_work_stealing,0,yes,30721,65536,14.906938,0.46876526,0.018409,0xe47f,34063,0f85000000000000
SHA-3-256,16,31,"TRUNCATED_PREIMAGE_TARGET_001|rep=31",0x7f7f,8,dynamic_work_stealing,0,yes,30674,65536,14.904729,0.46804810,0.019511,0x7f7f,33706,aa83000000000000
SHA-3-256,16,37,"TRUNCATED_PREIMAGE_TARGET_001|rep=37",0x9c1d,8,dynamic_work_stealing,0,yes,15859,65536,13.953014,0.24198914,0.019531,0x9c1d,15655,273d000000000000
SHA-3-256,16,47,"TRUNCATED_PREIMAGE_TARGET_001|rep=47",0x737b,8,dynamic_work_stealing,0,yes,21210,65536,14.372457,0.32363892,0.020324,0x737b,25490,9263000000000000
SHA-3-256,16,15,"TRUNCATED_PREIMAGE_TARGET_001|rep=15",0x8189,8,dynamic_work_stealing,0,yes,20901,65536,14.351284,0.31892395,0.021791,0x8189,20284,3c4f000000000000
SHA-3-256,16,35,"TRUNCATED_PREIMAGE_TARGET_001|rep=35",0x2c20,8,dynamic_work_stealing,0,yes,36602,65536,15.159635,0.55850220,0.022673,0x2c20,41001,29a0000000000000
SHA-3-256,16,39,"TRUNCATED_PREIMAGE_TARGET_001|rep=39",0xfe9c,8,dynamic_work_stealing,0,yes,21226,65536,14.373545,0.32388306,0.024034,0xfe9c,20134,a64e000000000000
SHA-3-256,16,10,"TRUNCATED_PREIMAGE_TARGET_001|rep=10",0xb2e6,8,dynamic_work_stealing,0,yes,44025,65536,15.426035,0.67176819,0.024863,0xb2e6,49479,47c1000000000000
SHA-3-256,16,45,"TRUNCATED_PREIMAGE_TARGET_001|rep=45",0x4af8,8,dynamic_work_stealing,0,yes,31843,65536,14.958689,0.48588562,0.024952,0x4af8,30310,6676000000000000
SHA-3-256,16,4,"TRUNCATED_PREIMAGE_TARGET_001|rep=4",0x1d7a,8,dynamic_work_stealing,0,yes,25012,65536,14.610333,0.38165283,0.024983,0x1d7a,25344,0063000000000000
SHA-3-256,16,3,"TRUNCATED_PREIMAGE_TARGET_001|rep=3",0x2829,8,dynamic_work_stealing,0,yes,26536,65536,14.695663,0.40490723,0.025515,0x2829,26535,a767000000000000
SHA-3-256,16,48,"TRUNCATED_PREIMAGE_TARGET_001|rep=48",0x611c,8,dynamic_work_stealing,0,yes,31297,65536,14.933737,0.47755432,0.026366,0x611c,23104,405a000000000000
SHA-3-256,16,8,"TRUNCATED_PREIMAGE_TARGET_001|rep=8",0xee34,8,dynamic_work_stealing,0,yes,66634,65536,16.023971,1.01675415,0.035346,0xee34,64057,39fa000000000000
SHA-3-256,16,26,"TRUNCATED_PREIMAGE_TARGET_001|rep=26",0xa09b,8,dynamic_work_stealing,0,yes,36522,65536,15.156478,0.55728149,0.038519,0xa09b,37313,c191000000000000
SHA-3-256,16,36,"TRUNCATED_PREIMAGE_TARGET_001|rep=36",0x3637,8,dynamic_work_stealing,0,yes,62024,65536,15.920539,0.94641113,0.039819,0x3637,53203,d3cf000000000000
SHA-3-256,16,11,"TRUNCATED_PREIMAGE_TARGET_001|rep=11",0xad82,8,dynamic_work_stealing,0,yes,66455,65536,16.020090,1.01402283,0.040048,0xad82,68166,460a010000000000
SHA-3-256,16,49,"TRUNCATED_PREIMAGE_TARGET_001|rep=49",0xc16c,8,dynamic_work_stealing,0,yes,101234,65536,16.627334,1.54470825,0.040533,0xc16c,107438,aea3010000000000
SHA-3-256,16,1,"TRUNCATED_PREIMAGE_TARGET_001|rep=1",0xc7dc,8,dynamic_work_stealing,0,yes,102484,65536,16.645039,1.56378174,0.045547,0xc7dc,100128,2087010000000000
SHA-3-256,16,22,"TRUNCATED_PREIMAGE_TARGET_001|rep=22",0x992c,8,dynamic_work_stealing,0,yes,101064,65536,16.624910,1.54211426,0.048037,0x992c,104642,c298010000000000
SHA-3-256,16,12,"TRUNCATED_PREIMAGE_TARGET_001|rep=12",0x4cc4,8,dynamic_work_stealing,0,yes,86080,65536,16.393390,1.31347656,0.048441,0x4cc4,89016,b85b010000000000
SHA-3-256,16,25,"TRUNCATED_PREIMAGE_TARGET_001|rep=25",0xffa7,8,dynamic_work_stealing,0,yes,121127,65536,16.886161,1.84825134,0.048742,0xffa7,127229,fdf0010000000000
SHA-3-256,16,38,"TRUNCATED_PREIMAGE_TARGET_001|rep=38",0x2155,8,dynamic_work_stealing,0,yes,102092,65536,16.639510,1.55780029,0.049049,0x2155,93018,5a6b010000000000
SHA-3-256,16,19,"TRUNCATED_PREIMAGE_TARGET_001|rep=19",0x0393,8,dynamic_work_stealing,0,yes,54005,65536,15.720805,0.82405090,0.052026,0x0393,54004,f4d2000000000000
SHA-3-256,16,42,"TRUNCATED_PREIMAGE_TARGET_001|rep=42",0xadaa,8,dynamic_work_stealing,0,yes,54080,65536,15.722808,0.82519531,0.054575,0xadaa,54079,3fd3000000000000
SHA-3-256,16,13,"TRUNCATED_PREIMAGE_TARGET_001|rep=13",0x1b22,8,dynamic_work_stealing,0,yes,84076,65536,16.359406,1.28289795,0.055134,0x1b22,57258,aadf000000000000
SHA-3-256,16,14,"TRUNCATED_PREIMAGE_TARGET_001|rep=14",0x6e75,8,dynamic_work_stealing,0,yes,58432,65536,15.834471,0.89160156,0.056162,0x6e75,58431,3fe4000000000000
SHA-3-256,16,40,"TRUNCATED_PREIMAGE_TARGET_001|rep=40",0x0230,8,dynamic_work_stealing,0,yes,110607,65536,16.755083,1.68772888,0.056878,0x0230,139376,7020020000000000
SHA-3-256,16,28,"TRUNCATED_PREIMAGE_TARGET_001|rep=28",0x76d1,8,dynamic_work_stealing,0,yes,160460,65536,17.291854,2.44842529,0.056844,0x76d1,154087,e759020000000000
SHA-3-256,16,41,"TRUNCATED_PREIMAGE_TARGET_001|rep=41",0xa4e6,8,dynamic_work_stealing,0,yes,62999,65536,15.943041,0.96128845,0.059958,0xa4e6,78270,be31010000000000
SHA-3-256,16,29,"TRUNCATED_PREIMAGE_TARGET_001|rep=29",0x142a,8,dynamic_work_stealing,0,yes,88910,65536,16.440058,1.35665894,0.060732,0x142a,93143,d76b010000000000
SHA-3-256,16,16,"TRUNCATED_PREIMAGE_TARGET_001|rep=16",0x6214,8,dynamic_work_stealing,0,yes,229620,65536,17.808889,3.50372314,0.069846,0x6214,238703,6fa4030000000000
SHA-3-256,16,33,"TRUNCATED_PREIMAGE_TARGET_001|rep=33",0x4f7b,8,dynamic_work_stealing,0,yes,75825,65536,16.210386,1.15699768,0.072924,0x4f7b,75824,3028010000000000
SHA-3-256,16,2,"TRUNCATED_PREIMAGE_TARGET_001|rep=2",0xb3d3,8,dynamic_work_stealing,0,yes,331903,65536,18.340402,5.06443787,0.073487,0xb3d3,318920,c8dd040000000000
SHA-3-256,16,43,"TRUNCATED_PREIMAGE_TARGET_001|rep=43",0x3311,8,dynamic_work_stealing,0,yes,194350,65536,17.568298,2.96554565,0.074762,0x3311,167474,328e020000000000
SHA-3-256,16,32,"TRUNCATED_PREIMAGE_TARGET_001|rep=32",0xa1d4,8,dynamic_work_stealing,0,yes,355764,65536,18.440561,5.42852783,0.074979,0xa1d4,334875,1b1c050000000000
SHA-3-256,16,5,"TRUNCATED_PREIMAGE_TARGET_001|rep=5",0x8a12,8,dynamic_work_stealing,0,yes,250807,65536,17.936218,3.82701111,0.077087,0x8a12,316048,90d2040000000000
SHA-3-256,16,18,"TRUNCATED_PREIMAGE_TARGET_001|rep=18",0x67c4,8,dynamic_work_stealing,0,yes,219301,65536,17.742553,3.34626770,0.077290,0x67c4,258213,a5f0030000000000
SHA-3-256,16,6,"TRUNCATED_PREIMAGE_TARGET_001|rep=6",0x7c26,8,dynamic_work_stealing,0,yes,248548,65536,17.923165,3.79254150,0.080511,0x7c26,232096,a08a030000000000
SHA-3-256,24,25,"TRUNCATED_PREIMAGE_TARGET_001|rep=25",0xffa7b5,8,dynamic_work_stealing,0,yes,649439,16777216,19.308834,0.03870958,0.649951,0xffa7b5,649438,dee8090000000000
SHA-3-256,24,18,"TRUNCATED_PREIMAGE_TARGET_001|rep=18",0x67c4ff,8,dynamic_work_stealing,0,yes,1496018,16777216,20.512696,0.08916962,1.509404,0x67c4ff,1496017,d1d3160000000000
SHA-3-256,24,49,"TRUNCATED_PREIMAGE_TARGET_001|rep=49",0xc16c70,8,dynamic_work_stealing,0,yes,1641599,16777216,20.646670,0.09784693,1.661997,0xc16c70,1641598,7e0c190000000000
SHA-3-256,24,4,"TRUNCATED_PREIMAGE_TARGET_001|rep=4",0x1d7a56,8,dynamic_work_stealing,0,yes,1858664,16777216,20.825835,0.11078501,1.879400,0x1d7a56,1858663,675c1c0000000000
SHA-3-256,24,45,"TRUNCATED_PREIMAGE_TARGET_001|rep=45",0x4af85a,8,dynamic_work_stealing,0,yes,2045740,16777216,20.964191,0.12193561,2.075692,0x4af85a,2045739,2b371f0000000000
SHA-3-256,24,34,"TRUNCATED_PREIMAGE_TARGET_001|rep=34",0x47680c,8,dynamic_work_stealing,0,yes,2325386,16777216,21.149039,0.13860381,2.359774,0x47680c,2325385,897b230000000000
SHA-3-256,24,21,"TRUNCATED_PREIMAGE_TARGET_001|rep=21",0xe47f80,8,dynamic_work_stealing,0,yes,2388832,16777216,21.187874,0.14238548,2.425004,0xe47f80,2388831,5f73240000000000
SHA-3-256,24,47,"TRUNCATED_PREIMAGE_TARGET_001|rep=47",0x737bb2,8,dynamic_work_stealing,0,yes,2476018,16777216,21.239590,0.14758217,2.515341,0x737bb2,2476017,f1c7250000000000
SHA-3-256,24,22,"TRUNCATED_PREIMAGE_TARGET_001|rep=22",0x992c5b,8,dynamic_work_stealing,0,yes,3585375,16777216,21.773693,0.21370500,3.038972,0x992c5b,3583416,b8ad360000000000
SHA-3-256,24,5,"TRUNCATED_PREIMAGE_TARGET_001|rep=5",0x8a12c1,8,dynamic_work_stealing,0,yes,4436807,16777216,22.081090,0.26445431,3.202037,0x8a12c1,4434364,bca9430000000000
SHA-3-256,24,26,"TRUNCATED_PREIMAGE_TARGET_001|rep=26",0xa09be3,8,dynamic_work_stealing,0,yes,5801592,16777216,22.468017,0.34580183,3.283077,0xa09be3,5802038,3688580000000000
SHA-3-256,24,32,"TRUNCATED_PREIMAGE_TARGET_001|rep=32",0xa1d4ae,8,dynamic_work_stealing,0,yes,4464806,16777216,22.090166,0.26612318,4.553622,0xa1d4ae,4464805,a520440000000000
SHA-3-256,24,43,"TRUNCATED_PREIMAGE_TARGET_001|rep=43",0x3311fc,8,dynamic_work_stealing,0,yes,4784489,16777216,22.189933,0.28517777,4.882253,0x3311fc,4784488,6801490000000000
SHA-3-256,24,33,"TRUNCATED_PREIMAGE_TARGET_001|rep=33",0x4f7b6a,8,dynamic_work_stealing,0,yes,9056429,16777216,23.110511,0.53980523,6.911171,0x4f7b6a,9055910,a62e8a0000000000
SHA-3-256,24,19,"TRUNCATED_PREIMAGE_TARGET_001|rep=19",0x039375,8,dynamic_work_stealing,0,yes,12425008,16777216,23.566743,0.74058819,7.113391,0x039375,12422921,098fbd0000000000
SHA-3-256,24,31,"TRUNCATED_PREIMAGE_TARGET_001|rep=31",0x7f7fcf,8,dynamic_work_stealing,0,yes,7066051,16777216,22.752473,0.42116946,7.221527,0x7f7fcf,7066050,c2d16b0000000000
SHA-3-256,24,8,"TRUNCATED_PREIMAGE_TARGET_001|rep=8",0xee3480,8,dynamic_work_stealing,0,yes,7370477,16777216,22.813327,0.43931466,7.532211,0xee3480,7370476,ec76700000000000
SHA-3-256,24,36,"TRUNCATED_PREIMAGE_TARGET_001|rep=36",0x36370e,8,dynamic_work_stealing,0,yes,7631593,16777216,22.863553,0.45487839,7.805028,0x36370e,7630809,d96f740000000000
SHA-3-256,24,15,"TRUNCATED_PREIMAGE_TARGET_001|rep=15",0x8189d3,8,dynamic_work_stealing,0,yes,7875376,16777216,22.908917,0.46940899,8.054303,0x8189d3,7875375,2f2b780000000000
SHA-3-256,24,16,"TRUNCATED_PREIMAGE_TARGET_001|rep=16",0x6214a1,8,dynamic_work_stealing,0,yes,8206299,16777216,22.968300,0.48913354,8.223914,0x6214a1,8205582,0e357d0000000000
SHA-3-256,24,20,"TRUNCATED_PREIMAGE_TARGET_001|rep=20",0x690003,8,dynamic_work_stealing,0,yes,11237532,16777216,23.421822,0.66980910,8.579513,0x690003,11239276,6c7fab0000000000
SHA-3-256,24,23,"TRUNCATED_PREIMAGE_TARGET_001|rep=23",0x97bcc7,8,dynamic_work_stealing,0,yes,20545551,16777216,24.292323,1.22461027,8.813444,0x97bcc7,20546614,3684390100000000
SHA-3-256,24,30,"TRUNCATED_PREIMAGE_TARGET_001|rep=30",0x8e0758,8,dynamic_work_stealing,0,yes,8669577,16777216,23.047530,0.51674706,8.870560,0x8e0758,8669576,8849840000000000
SHA-3-256,24,0,"TRUNCATED_PREIMAGE_TARGET_001|rep=0",0xb32b1c,8,dynamic_work_stealing,0,yes,17224549,16777216,24.037963,1.02666312,9.662647,0xb32b1c,17222827,abcc060100000000
SHA-3-256,24,12,"TRUNCATED_PREIMAGE_TARGET_001|rep=12",0x4cc4c0,8,dynamic_work_stealing,0,yes,9645821,16777216,23.201473,0.57493573,9.882577,0x4cc4c0,9645675,6b2e930000000000
SHA-3-256,24,9,"TRUNCATED_PREIMAGE_TARGET_001|rep=9",0x447950,8,dynamic_work_stealing,0,yes,11969619,16777216,23.512874,0.71344489,9.908244,0x447950,11973153,21b2b60000000000
SHA-3-256,24,24,"TRUNCATED_PREIMAGE_TARGET_001|rep=24",0x8b7ed2,8,dynamic_work_stealing,0,yes,17049611,16777216,24.023235,1.01623601,10.066450,0x8b7ed2,17034946,c2ee030100000000
SHA-3-256,24,44,"TRUNCATED_PREIMAGE_TARGET_001|rep=44",0x998a3f,8,dynamic_work_stealing,0,yes,14888998,16777216,23.827743,0.88745344,10.084692,0x998a3f,14884302,ce1de30000000000
SHA-3-256,24,13,"TRUNCATED_PREIMAGE_TARGET_001|rep=13",0x1b2290,8,dynamic_work_stealing,0,yes,10514219,16777216,23.325838,0.62669629,10.333378,0x1b2290,10515844,8475a00000000000
SHA-3-256,24,17,"TRUNCATED_PREIMAGE_TARGET_001|rep=17",0xb7ad12,8,dynamic_work_stealing,0,yes,14931681,16777216,23.831873,0.88999754,10.602223,0xb7ad12,14935936,80e7e30000000000
SHA-3-256,24,6,"TRUNCATED_PREIMAGE_TARGET_001|rep=6",0x7c266c,8,dynamic_work_stealing,0,yes,24736664,16777216,24.560148,1.47442007,10.605198,0x7c266c,24729626,1a58790100000000
SHA-3-256,24,10,"TRUNCATED_PREIMAGE_TARGET_001|rep=10",0xb2e672,8,dynamic_work_stealing,0,yes,12629449,16777216,23.590288,0.75277382,10.933368,0xb2e672,12629436,bcb5c00000000000
SHA-3-256,24,11,"TRUNCATED_PREIMAGE_TARGET_001|rep=11",0xad821f,8,dynamic_work_stealing,0,yes,12623326,16777216,23.589589,0.75240886,11.445325,0xad821f,12618627,838bc00000000000
SHA-3-256,24,14,"TRUNCATED_PREIMAGE_TARGET_001|rep=14",0x6e759c,8,dynamic_work_stealing,0,yes,27873988,16777216,24.732416,1.66141915,13.584154,0x6e759c,27882959,cf75a90100000000
SHA-3-256,24,35,"TRUNCATED_PREIMAGE_TARGET_001|rep=35",0x2c20c4,8,dynamic_work_stealing,0,yes,48053537,16777216,25.518139,2.86421400,13.626141,0x2c20c4,48067284,d472dd0200000000
SHA-3-256,24,2,"TRUNCATED_PREIMAGE_TARGET_001|rep=2",0xb3d334,8,dynamic_work_stealing,0,yes,13415760,16777216,23.677425,0.79964161,13.766529,0xb3d334,13415759,4fb5cc0000000000
SHA-3-256,24,27,"TRUNCATED_PREIMAGE_TARGET_001|rep=27",0x92e863,8,dynamic_work_stealing,0,yes,80049134,16777216,26.254382,4.77130020,14.314910,0x92e863,80021733,e508c50400000000
SHA-3-256,24,28,"TRUNCATED_PREIMAGE_TARGET_001|rep=28",0x76d156,8,dynamic_work_stealing,0,yes,14685564,16777216,23.807895,0.87532783,14.351866,0x76d156,14675268,44eddf0000000000
SHA-3-256,24,37,"TRUNCATED_PREIMAGE_TARGET_001|rep=37",0x9c1df8,8,dynamic_work_stealing,0,yes,33748037,16777216,25.008300,2.01153976,15.527387,0x9c1df8,33757031,6717030200000000
SHA-3-256,24,39,"TRUNCATED_PREIMAGE_TARGET_001|rep=39",0xfe9c3f,8,dynamic_work_stealing,0,yes,15329140,16777216,23.869773,0.91368794,15.729897,0xfe9c3f,15329139,73e7e90000000000
SHA-3-256,24,29,"TRUNCATED_PREIMAGE_TARGET_001|rep=29",0x142a2a,8,dynamic_work_stealing,0,yes,48650520,16777216,25.535952,2.89979696,15.967373,0x142a2a,48647552,804de60200000000
SHA-3-256,24,38,"TRUNCATED_PREIMAGE_TARGET_001|rep=38",0x21557a,8,dynamic_work_stealing,0,yes,34463961,16777216,25.038585,2.05421215,16.480464,0x21557a,34429499,3b5a0d0200000000
SHA-3-256,24,7,"TRUNCATED_PREIMAGE_TARGET_001|rep=7",0x025bc2,8,dynamic_work_stealing,0,yes,33918453,16777216,25.015567,2.02169734,16.658982,0x025bc2,33921905,719b050200000000
SHA-3-256,24,40,"TRUNCATED_PREIMAGE_TARGET_001|rep=40",0x0230af,8,dynamic_work_stealing,0,yes,28263885,16777216,24.752456,1.68465883,16.818443,0x0230af,28328375,b741b00100000000
SHA-3-256,24,1,"TRUNCATED_PREIMAGE_TARGET_001|rep=1",0xc7dce8,8,dynamic_work_stealing,0,yes,30697077,16777216,24.871598,1.82968837,16.948844,0xc7dce8,30700071,2772d40100000000
SHA-3-256,24,3,"TRUNCATED_PREIMAGE_TARGET_001|rep=3",0x28296f,8,dynamic_work_stealing,0,yes,20628552,16777216,24.298139,1.22955751,17.155795,0x28296f,20621133,4da73a0100000000
SHA-3-256,24,41,"TRUNCATED_PREIMAGE_TARGET_001|rep=41",0xa4e6ef,8,dynamic_work_stealing,0,yes,43692758,16777216,25.380891,2.60429132,17.510665,0xa4e6ef,43770276,a4e19b0200000000
SHA-3-256,24,42,"TRUNCATED_PREIMAGE_TARGET_001|rep=42",0xadaa05,8,dynamic_work_stealing,0,yes,20696506,16777216,24.302884,1.23360789,17.596684,0xadaa05,20691263,3fb93b0100000000
SHA-3-256,24,48,"TRUNCATED_PREIMAGE_TARGET_001|rep=48",0x611cd6,8,dynamic_work_stealing,0,yes,33779370,16777216,25.009639,2.01340735,18.600149,0x611cd6,33779780,4470030200000000
SHA-3-256,24,46,"TRUNCATED_PREIMAGE_TARGET_001|rep=46",0xdb2ccc,8,dynamic_work_stealing,0,yes,137463406,16777216,27.034472,8.19345748,19.498283,0xdb2ccc,137483457,c1d4310800000000
SHA-3-256,32,13,"TRUNCATED_PREIMAGE_TARGET_001|rep=13",0x1b2290a9,8,dynamic_work_stealing,0,yes,57071720,4294967296,25.766273,0.01328805,58.692599,0x1b2290a9,57071719,67d8660300000000
SHA-3-256,32,25,"TRUNCATED_PREIMAGE_TARGET_001|rep=25",0xffa7b5ff,8,dynamic_work_stealing,0,yes,96329391,4294967296,26.521473,0.02242843,99.074615,0xffa7b5ff,96329390,aedebd0500000000
SHA-3-256,32,6,"TRUNCATED_PREIMAGE_TARGET_001|rep=6",0x7c266c0c,8,dynamic_work_stealing,0,yes,131196096,4294967296,26.967150,0.03054647,134.843259,0x7c266c0c,131196095,bfe4d10700000000
SHA-3-256,32,7,"TRUNCATED_PREIMAGE_TARGET_001|rep=7",0x025bc24f,8,dynamic_work_stealing,0,yes,246810472,4294967296,27.878828,0.05746504,194.129665,0x025bc24f,246812330,aa0eb60e00000000
SHA-3-256,32,17,"TRUNCATED_PREIMAGE_TARGET_001|rep=17",0xb7ad128f,8,dynamic_work_stealing,0,yes,190812430,4294967296,27.507580,0.04442698,195.984797,0xb7ad128f,190812087,b78f5f0b00000000
SHA-3-256,32,28,"TRUNCATED_PREIMAGE_TARGET_001|rep=28",0x76d15697,8,dynamic_work_stealing,0,yes,202541557,4294967296,27.593643,0.04715788,208.019699,0x76d15697,202541556,f489120c00000000
SHA-3-256,32,5,"TRUNCATED_PREIMAGE_TARGET_001|rep=5",0x8a12c155,8,dynamic_work_stealing,0,yes,372334726,4294967296,28.472025,0.08669093,383.373654,0x8a12c155,372334466,825f311600000000
SHA-3-256,32,15,"TRUNCATED_PREIMAGE_TARGET_001|rep=15",0x8189d358,8,dynamic_work_stealing,0,yes,404708934,4294967296,28.592309,0.09422864,417.013031,0x8189d358,404708933,455e1f1800000000
SHA-3-256,32,49,"TRUNCATED_PREIMAGE_TARGET_001|rep=49",0xc16c7001,8,dynamic_work_stealing,0,yes,609648094,4294967296,29.183401,0.14194476,628.336892,0xc16c7001,609648749,6d80562400000000
SHA-3-256,32,42,"TRUNCATED_PREIMAGE_TARGET_001|rep=42",0xadaa056c,8,dynamic_work_stealing,0,yes,674961538,4294967296,29.330230,0.15715173,695.931014,0xadaa056c,674961537,81183b2800000000
SHA-3-256,32,0,"TRUNCATED_PREIMAGE_TARGET_001|rep=0",0xb32b1ca5,8,dynamic_work_stealing,0,yes,883575608,4294967296,29.718778,0.20572348,769.775969,0xb32b1ca5,883574225,d145aa3400000000
SHA-3-256,32,29,"TRUNCATED_PREIMAGE_TARGET_001|rep=29",0x142a2a99,8,dynamic_work_stealing,0,yes,1353482610,4294967296,30.334029,0.31513223,802.161055,0x142a2a99,1353484451,a388ac5000000000
SHA-3-256,32,33,"TRUNCATED_PREIMAGE_TARGET_001|rep=33",0x4f7b6ae2,8,dynamic_work_stealing,0,yes,842700278,4294967296,29.650444,0.19620645,868.826366,0x4f7b6ae2,842700277,f5953a3200000000
SHA-3-256,32,30,"TRUNCATED_PREIMAGE_TARGET_001|rep=30",0x8e0758cc,8,dynamic_work_stealing,0,yes,2056655308,4294967296,30.937653,0.47885238,1242.024616,0x8e0758cc,2056650346,6afe957a00000000
SHA-3-256,32,11,"TRUNCATED_PREIMAGE_TARGET_001|rep=11",0xad821f18,8,dynamic_work_stealing,0,yes,1245511147,4294967296,30.214091,0.28999316,1284.435435,0xad821f18,1245511753,49003d4a00000000
SHA-3-256,32,37,"TRUNCATED_PREIMAGE_TARGET_001|rep=37",0x9c1df873,8,dynamic_work_stealing,0,yes,1353197195,4294967296,30.333725,0.31506577,1395.138692,0x9c1df873,1353197194,8a26a85000000000
SHA-3-256,32,38,"TRUNCATED_PREIMAGE_TARGET_001|rep=38",0x21557aa4,8,dynamic_work_stealing,0,yes,1402742683,4294967296,30.385603,0.32660148,1420.604295,0x21557aa4,1402738863,af189c5300000000
SHA-3-256,32,45,"TRUNCATED_PREIMAGE_TARGET_001|rep=45",0x4af85a7f,8,dynamic_work_stealing,0,yes,1496913065,4294967296,30.479343,0.34852723,1542.285135,0x4af85a7f,1496913064,a814395900000000
SHA-3-256,32,43,"TRUNCATED_PREIMAGE_TARGET_001|rep=43",0x3311fcc3,8,dynamic_work_stealing,0,yes,2449429431,4294967296,31.189799,0.57030223,1609.054253,0x3311fcc3,2449430904,7859ff9100000000
SHA-3-256,32,26,"TRUNCATED_PREIMAGE_TARGET_001|rep=26",0xa09be35c,8,dynamic_work_stealing,0,yes,3457734934,4294967296,31.687180,0.80506665,1828.524391,0xa09be35c,3457731722,8acc18ce00000000
SHA-3-256,32,31,"TRUNCATED_PREIMAGE_TARGET_001|rep=31",0x7f7fcf4e,8,dynamic_work_stealing,0,yes,4666052143,4294967296,32.119555,1.08639992,2128.677586,0x7f7fcf4e,4666047340,6c3b1e1601000000
SHA-3-256,32,12,"TRUNCATED_PREIMAGE_TARGET_001|rep=12",0x4cc4c0dd,8,dynamic_work_stealing,0,yes,3571615508,4294967296,31.733930,0.83158154,2476.095291,0x4cc4c0dd,3571616490,ea8ae2d400000000
SHA-3-256,32,35,"TRUNCATED_PREIMAGE_TARGET_001|rep=35",0x2c20c496,8,dynamic_work_stealing,0,yes,2456873939,4294967296,31.194177,0.57203554,2525.736026,0x2c20c496,2456873938,d2eb709200000000
SHA-3-256,32,44,"TRUNCATED_PREIMAGE_TARGET_001|rep=44",0x998a3fa4,8,dynamic_work_stealing,0,yes,4329141522,4294967296,32.011434,1.00795681,2553.991305,0x998a3fa4,4329141775,0f76090201000000
SHA-3-256,32,32,"TRUNCATED_PREIMAGE_TARGET_001|rep=32",0xa1d4aeed,8,dynamic_work_stealing,0,yes,4416092451,4294967296,32.040123,1.02820165,2610.119536,0xa1d4aeed,4416083682,e216380701000000
SHA-3-256,32,18,"TRUNCATED_PREIMAGE_TARGET_001|rep=18",0x67c4ffe1,8,dynamic_work_stealing,0,yes,5111508537,4294967296,32.251102,1.19011582,2725.286481,0x67c4ffe1,5111510789,0577ab3001000000
SHA-3-256,32,47,"TRUNCATED_PREIMAGE_TARGET_001|rep=47",0x737bb28b,8,dynamic_work_stealing,0,yes,2663513181,4294967296,31.310683,0.62014749,2738.047606,0x737bb28b,2663513180,5cfcc19e00000000
SHA-3-256,32,34,"TRUNCATED_PREIMAGE_TARGET_001|rep=34",0x47680cad,8,dynamic_work_stealing,0,yes,5626599375,4294967296,32.389616,1.31004475,2814.647212,0x47680cad,5626605329,112f5f4f01000000
SHA-3-256,32,23,"TRUNCATED_PREIMAGE_TARGET_001|rep=23",0x97bcc77b,8,dynamic_work_stealing,0,yes,2797252001,4294967296,31.381363,0.65128598,2876.066983,0x97bcc77b,2797252000,a0adbaa600000000
SHA-3-256,32,48,"TRUNCATED_PREIMAGE_TARGET_001|rep=48",0x611cd626,8,dynamic_work_stealing,0,yes,3005230236,4294967296,31.484828,0.69970969,2914.388220,0x611cd626,3005233130,ea3720b300000000
SHA-3-256,32,22,"TRUNCATED_PREIMAGE_TARGET_001|rep=22",0x992c5be5,8,dynamic_work_stealing,0,yes,3109682755,4294967296,31.534120,0.72402944,3195.898497,0x992c5be5,3109682754,42fe59b900000000
SHA-3-256,32,3,"TRUNCATED_PREIMAGE_TARGET_001|rep=3",0x28296f62,8,dynamic_work_stealing,0,yes,3136628971,4294967296,31.546568,0.73030334,3223.492492,0x28296f62,3136628970,ea28f5ba00000000
SHA-3-256,32,46,"TRUNCATED_PREIMAGE_TARGET_001|rep=46",0xdb2ccc49,8,dynamic_work_stealing,0,yes,6810754389,4294967296,32.665167,1.58575233,3239.442565,0xdb2ccc49,6810753871,4fdbf39501000000
SHA-3-256,32,39,"TRUNCATED_PREIMAGE_TARGET_001|rep=39",0xfe9c3f26,8,dynamic_work_stealing,0,yes,6852892751,4294967296,32.674066,1.59556343,3291.203552,0xfe9c3f26,6852899405,4df2769801000000
SHA-3-256,32,1,"TRUNCATED_PREIMAGE_TARGET_001|rep=1",0xc7dce8c4,8,dynamic_work_stealing,0,yes,9905773206,4294967296,33.205622,2.30636755,3373.535785,0xc7dce8c4,9905760399,8fe86d4e02000000
SHA-3-256,32,2,"TRUNCATED_PREIMAGE_TARGET_001|rep=2",0xb3d334b9,8,dynamic_work_stealing,0,yes,4887910665,4294967296,32.186571,1.13805539,3523.060091,0xb3d334b9,4887917983,9fb5572301000000
SHA-3-256,32,16,"TRUNCATED_PREIMAGE_TARGET_001|rep=16",0x6214a115,8,dynamic_work_stealing,0,yes,6513359699,4294967296,32.600755,1.51650973,3554.029920,0x6214a115,6513355602,52eb398401000000
SHA-3-256,32,40,"TRUNCATED_PREIMAGE_TARGET_001|rep=40",0x0230af55,8,dynamic_work_stealing,0,yes,4391907790,4294967296,32.032201,1.02257072,3596.030989,0x0230af55,4391912300,6c43c70501000000
SHA-3-256,32,36,"TRUNCATED_PREIMAGE_TARGET_001|rep=36",0x36370ecc,8,dynamic_work_stealing,0,yes,11649739064,4294967296,33.439579,2.71241624,3796.557083,0x36370ecc,11649746709,150761b602000000
SHA-3-256,32,19,"TRUNCATED_PREIMAGE_TARGET_001|rep=19",0x03937596,8,dynamic_work_stealing,0,yes,7163659936,4294967296,32.738050,1.66791955,3980.854634,0x03937596,7163671671,77f4fcaa01000000
SHA-3-256,32,20,"TRUNCATED_PREIMAGE_TARGET_001|rep=20",0x69000396,8,dynamic_work_stealing,0,yes,4700014421,4294967296,32.130018,1.09430738,4121.693036,0x69000396,4700021285,25a2241801000000
SHA-3-256,32,41,"TRUNCATED_PREIMAGE_TARGET_001|rep=41",0xa4e6efb2,8,dynamic_work_stealing,0,yes,9269561346,4294967296,33.109854,2.15823793,4147.121894,0xa4e6efb2,9269567497,0960822802000000
SHA-3-256,32,4,"TRUNCATED_PREIMAGE_TARGET_001|rep=4",0x1d7a5666,8,dynamic_work_stealing,0,yes,15406349266,4294967296,33.842806,3.58707022,4289.366703,0x1d7a5666,15406360559,ef674a9603000000
SHA-3-256,32,8,"TRUNCATED_PREIMAGE_TARGET_001|rep=8",0xee34808c,8,dynamic_work_stealing,0,yes,18342176237,4294967296,34.094446,4.27062070,4367.761626,0xee34808c,18342169297,d14a474504000000
SHA-3-256,32,9,"TRUNCATED_PREIMAGE_TARGET_001|rep=9",0x447950eb,8,dynamic_work_stealing,0,yes,4333525091,4294967296,32.012894,1.00897744,4370.277176,0x447950eb,4333488850,d2ca4b0201000000
SHA-3-256,32,10,"TRUNCATED_PREIMAGE_TARGET_001|rep=10",0xb2e67218,8,dynamic_work_stealing,0,yes,5990537283,4294967296,32.480038,1.39478065,4423.795459,0xb2e67218,5990524793,7927106501000000
SHA-3-256,32,14,"TRUNCATED_PREIMAGE_TARGET_001|rep=14",0x6e759cc3,8,dynamic_work_stealing,0,yes,12534897703,4294967296,33.545231,2.91850830,4428.487929,0x6e759cc3,12534916374,16a523eb02000000
SHA-3-256,32,21,"TRUNCATED_PREIMAGE_TARGET_001|rep=21",0xe47f805a,8,dynamic_work_stealing,0,yes,8339938368,4294967296,32.957390,1.94179322,4480.628560,0xe47f805a,8339820020,f48d17f101000000
SHA-3-256,32,24,"TRUNCATED_PREIMAGE_TARGET_001|rep=24",0x8b7ed21f,8,dynamic_work_stealing,0,yes,8049355037,4294967296,32.906226,1.87413651,4499.570487,0x8b7ed21f,8049332073,690fc7df01000000
SHA-3-256,32,27,"TRUNCATED_PREIMAGE_TARGET_001|rep=27",0x92e86354,8,dynamic_work_stealing,0,yes,30207680584,4294967296,34.814196,7.03327371,4922.538384,0x92e86354,30207722589,5d44850807000000
SHA-3-256,36,29,"TRUNCATED_PREIMAGE_TARGET_001|rep=29",0x142a2a993,8,dynamic_work_stealing,0,yes,1353484417,68719476736,30.334031,0.01969579,832.850420,0x142a2a993,1353484451,a388ac5000000000
SHA-3-256,36,21,"TRUNCATED_PREIMAGE_TARGET_001|rep=21",0xe47f805a1,8,dynamic_work_stealing,0,yes,8339821543,68719476736,32.957369,0.12136038,5124.157033,0xe47f805a1,8339820020,f48d17f101000000
SHA-3-256,36,0,"TRUNCATED_PREIMAGE_TARGET_001|rep=0",0xb32b1ca5e,8,dynamic_work_stealing,0,yes,19474819880,68719476736,34.180891,0.28339593,6398.975332,0xb32b1ca5e,19474821594,da31ca8804000000
SHA-3-256,36,25,"TRUNCATED_PREIMAGE_TARGET_001|rep=25",0xffa7b5ff9,8,dynamic_work_stealing,0,yes,11375758851,68719476736,33.405244,0.16553908,6989.371403,0xffa7b5ff9,11375757909,554a0ca602000000
SHA-3-256,36,9,"TRUNCATED_PREIMAGE_TARGET_001|rep=9",0x447950ebd,8,dynamic_work_stealing,0,yes,12723135856,68719476736,33.566735,0.18514599,7817.096030,0x447950ebd,12723136817,31a95bf602000000
SHA-3-256,36,6,"TRUNCATED_PREIMAGE_TARGET_001|rep=6",0x7c266c0cb,8,dynamic_work_stealing,0,yes,14328646150,68719476736,33.738183,0.20850924,8801.695050,0x7c266c0cb,14328646149,05ca0d5603000000
SHA-3-256,36,8,"TRUNCATED_PREIMAGE_TARGET_001|rep=8",0xee34808ca,8,dynamic_work_stealing,0,yes,32754501067,68719476736,34.930974,0.47664072,20118.451971,0xee34808ca,32754501066,ca0552a007000000
SHA-3-256,36,26,"TRUNCATED_PREIMAGE_TARGET_001|rep=26",0xa09be35c9,8,dynamic_work_stealing,0,yes,55159410694,68719476736,35.682888,0.80267507,20433.682905,0xa09be35c9,55159408778,8ac8c1d70c000000
SHA-3-256,36,20,"TRUNCATED_PREIMAGE_TARGET_001|rep=20",0x690003961,8,dynamic_work_stealing,0,yes,33829363507,68719476736,34.977557,0.49228203,20778.468393,0x690003961,33829364588,6c2363e007000000
SHA-3-256,36,12,"TRUNCATED_PREIMAGE_TARGET_001|rep=12",0x4cc4c0dd6,8,dynamic_work_stealing,0,yes,36193427704,68719476736,35.075009,0.52668369,22230.430207,0x4cc4c0dd6,36193427703,f7e04b6d08000000
SHA-3-256,36,27,"TRUNCATED_PREIMAGE_TARGET_001|rep=27",0x92e863540,8,dynamic_work_stealing,0,yes,44331966167,68719476736,35.367628,0.64511501,22699.617776,0x92e863540,44331971070,fe3164520a000000
SHA-3-256,36,7,"TRUNCATED_PREIMAGE_TARGET_001|rep=7",0x025bc24fc,8,dynamic_work_stealing,0,yes,75181498516,68719476736,36.129659,1.09403479,27502.812201,0x025bc24fc,75181502475,0bb02a8111000000
SHA-3-256,36,10,"TRUNCATED_PREIMAGE_TARGET_001|rep=10",0xb2e672185,8,dynamic_work_stealing,0,yes,91800124090,68719476736,36.417777,1.33586762,27872.853369,0xb2e672185,91800142056,e800b75f15000000
SHA-3-256,36,13,"TRUNCATED_PREIMAGE_TARGET_001|rep=13",0x1b2290a99,8,dynamic_work_stealing,0,yes,55392791335,68719476736,35.688979,0.80607120,28141.571495,0x1b2290a99,55392787159,d7daaae50c000000
SHA-3-256,36,14,"TRUNCATED_PREIMAGE_TARGET_001|rep=14",0x6e759cc33,8,dynamic_work_stealing,0,yes,50740470153,68719476736,35.562418,0.73837102,29158.986603,0x6e759cc33,50740482432,80515ed00b000000
SHA-3-256,36,15,"TRUNCATED_PREIMAGE_TARGET_001|rep=15",0x8189d3581,8,dynamic_work_stealing,0,yes,53541016473,68719476736,35.639925,0.77912433,30102.545036,0x8189d3581,53541024426,aa324b770c000000
SHA-3-256,36,16,"TRUNCATED_PREIMAGE_TARGET_001|rep=16",0x6214a1157,8,dynamic_work_stealing,0,yes,53093197111,68719476736,35.627808,0.77260770,30609.577696,0x6214a1157,53093194834,52dc995c0c000000
SHA-3-256,36,17,"TRUNCATED_PREIMAGE_TARGET_001|rep=17",0xb7ad128fb,8,dynamic_work_stealing,0,yes,61021701081,68719476736,35.828603,0.88798262,31760.591686,0xb7ad128fb,61021663067,5baf2c350e000000
SHA-3-256,36,3,"TRUNCATED_PREIMAGE_TARGET_001|rep=3",0x28296f621,8,dynamic_work_stealing,0,yes,57096810677,68719476736,35.732691,0.83086795,35101.542737,0x28296f621,57096810786,22313c4b0d000000
SHA-3-256,36,11,"TRUNCATED_PREIMAGE_TARGET_001|rep=11",0xad821f185,8,dynamic_work_stealing,0,yes,150227255865,68719476736,37.128356,2.18609429,38625.982290,0xad821f185,150227254630,66fd3dfa22000000
SHA-3-256,36,22,"TRUNCATED_PREIMAGE_TARGET_001|rep=22",0x992c5be57,8,dynamic_work_stealing,0,yes,147422767797,68719476736,37.101168,2.14528362,38847.622492,0x992c5be57,147422766384,30e5145322000000
SHA-3-256,36,1,"TRUNCATED_PREIMAGE_TARGET_001|rep=1",0xc7dce8c48,8,dynamic_work_stealing,0,yes,179593215999,68719476736,37.385942,2.61342525,41062.144109,0xc7dce8c48,179593210265,99e996d029000000
SHA-3-256,36,18,"TRUNCATED_PREIMAGE_TARGET_001|rep=18",0x67c4ffe12,8,dynamic_work_stealing,0,yes,182936639797,68719476736,37.412553,2.66207847,41130.816922,0x67c4ffe12,182936660329,69e9df972a000000
SHA-3-256,36,19,"TRUNCATED_PREIMAGE_TARGET_001|rep=19",0x039375961,8,dynamic_work_stealing,0,yes,71973228764,68719476736,36.066741,1.04734832,41354.413152,0x039375961,71973207404,6cfdefc110000000
SHA-3-256,36,24,"TRUNCATED_PREIMAGE_TARGET_001|rep=24",0x8b7ed21f9,8,dynamic_work_stealing,0,yes,71154187775,68719476736,36.050230,1.03542971,43739.333082,0x8b7ed21f9,71154187689,a9bd1e9110000000
SHA-3-256,36,23,"TRUNCATED_PREIMAGE_TARGET_001|rep=23",0x97bcc77be,8,dynamic_work_stealing,0,yes,173688403044,68719476736,37.337710,2.52749892,44572.716350,0x97bcc77be,173688455330,a280a37028000000
SHA-3-256,36,28,"TRUNCATED_PREIMAGE_TARGET_001|rep=28",0x76d15697b,8,dynamic_work_stealing,0,yes,244369953402,68719476736,37.830276,3.55605085,46247.840920,0x76d15697b,244370014527,3f8196e538000000
SHA-3-256,36,2,"TRUNCATED_PREIMAGE_TARGET_001|rep=2",0xb3d334b9c,8,dynamic_work_stealing,0,yes,131127753775,68719476736,36.932182,1.90815996,46927.300266,0xb3d334b9c,131127741359,af8bd2871e000000
SHA-3-256,36,4,"TRUNCATED_PREIMAGE_TARGET_001|rep=4",0x1d7a5666b,8,dynamic_work_stealing,0,yes,442933740954,68719476736,38.688300,6.44553425,54155.216410,0x1d7a5666b,442933701241,79eae72067000000
SHA-3-256,36,5,"TRUNCATED_PREIMAGE_TARGET_001|rep=5",0x8a12c1556,8,dynamic_work_stealing,0,yes,142658112583,68719476736,37.053771,2.07594876,55247.170996,0x8a12c1556,142658074729,6978153721000000
