algorithm,trunc_bits,repetition,target_message,target_hex,candidate_length_bytes,candidate_mode,search_mode,lanes_per_rep,found,trials,expected_trials,log2_trials,ratio_to_expected,seconds,matched_hex,candidate_index,candidate_word,candidate_hex
SpVSH-320,8,6,"TRUNCATED_PREIMAGE_TARGET_001|rep=6",0x4d,8,sequential_counter,dynamic_work_stealing_safe,0,yes,47,256,5.554589,0.18359375,0.000408,0x4d,46,46,2e00000000000000
SpVSH-320,8,13,"TRUNCATED_PREIMAGE_TARGET_001|rep=13",0x24,8,sequential_counter,dynamic_work_stealing_safe,0,yes,44,256,5.459432,0.17187500,0.000692,0x24,43,43,2b00000000000000
SpVSH-320,8,9,"TRUNCATED_PREIMAGE_TARGET_001|rep=9",0x51,8,sequential_counter,dynamic_work_stealing_safe,0,yes,9,256,3.169925,0.03515625,0.000417,0x51,8,8,0800000000000000
SpVSH-320,8,5,"TRUNCATED_PREIMAGE_TARGET_001|rep=5",0x97,8,sequential_counter,dynamic_work_stealing_safe,0,yes,100,256,6.643856,0.39062500,0.000495,0x97,99,99,6300000000000000
SpVSH-320,8,10,"TRUNCATED_PREIMAGE_TARGET_001|rep=10",0x45,8,sequential_counter,dynamic_work_stealing_safe,0,yes,20,256,4.321928,0.07812500,0.000468,0x45,19,19,1300000000000000
SpVSH-320,8,3,"TRUNCATED_PREIMAGE_TARGET_001|rep=3",0x29,8,sequential_counter,dynamic_work_stealing_safe,0,yes,87,256,6.442943,0.33984375,0.000437,0x29,86,86,5600000000000000
SpVSH-320,8,4,"TRUNCATED_PREIMAGE_TARGET_001|rep=4",0x32,8,sequential_counter,dynamic_work_stealing_safe,0,yes,138,256,7.108524,0.53906250,0.000567,0x32,137,137,8900000000000000
SpVSH-320,8,7,"TRUNCATED_PREIMAGE_TARGET_001|rep=7",0x8a,8,sequential_counter,dynamic_work_stealing_safe,0,yes,191,256,7.577429,0.74609375,0.000661,0x8a,190,190,be00000000000000
SpVSH-320,8,8,"TRUNCATED_PREIMAGE_TARGET_001|rep=8",0xa3,8,sequential_counter,dynamic_work_stealing_safe,0,yes,135,256,7.076816,0.52734375,0.000654,0xa3,134,134,8600000000000000
SpVSH-320,8,1,"TRUNCATED_PREIMAGE_TARGET_001|rep=1",0xd9,8,sequential_counter,dynamic_work_stealing_safe,0,yes,438,256,8.774787,1.71093750,0.001100,0xd9,437,437,b501000000000000
SpVSH-320,8,2,"TRUNCATED_PREIMAGE_TARGET_001|rep=2",0x66,8,sequential_counter,dynamic_work_stealing_safe,0,yes,307,256,8.262095,1.19921875,0.000896,0x66,306,306,3201000000000000
SpVSH-320,8,11,"TRUNCATED_PREIMAGE_TARGET_001|rep=11",0x88,8,sequential_counter,dynamic_work_stealing_safe,0,yes,327,256,8.353147,1.27734375,0.001149,0x88,326,326,4601000000000000
SpVSH-320,8,28,"TRUNCATED_PREIMAGE_TARGET_001|rep=28",0xdf,8,sequential_counter,dynamic_work_stealing_safe,0,yes,24,256,4.584963,0.09375000,0.001375,0xdf,23,23,1700000000000000
SpVSH-320,8,17,"TRUNCATED_PREIMAGE_TARGET_001|rep=17",0x18,8,sequential_counter,dynamic_work_stealing_safe,0,yes,21,256,4.392317,0.08203125,0.001069,0x18,20,20,1400000000000000
SpVSH-320,8,25,"TRUNCATED_PREIMAGE_TARGET_001|rep=25",0xf7,8,sequential_counter,dynamic_work_stealing_safe,0,yes,94,256,6.554589,0.36718750,0.001424,0xf7,93,93,5d00000000000000
SpVSH-320,8,22,"TRUNCATED_PREIMAGE_TARGET_001|rep=22",0x97,8,sequential_counter,dynamic_work_stealing_safe,0,yes,100,256,6.643856,0.39062500,0.001373,0x97,99,99,6300000000000000
SpVSH-320,8,23,"TRUNCATED_PREIMAGE_TARGET_001|rep=23",0xa7,8,sequential_counter,dynamic_work_stealing_safe,0,yes,183,256,7.515700,0.71484375,0.001505,0xa7,182,182,b600000000000000
SpVSH-320,8,14,"TRUNCATED_PREIMAGE_TARGET_001|rep=14",0x98,8,sequential_counter,dynamic_work_stealing_safe,0,yes,287,256,8.164907,1.12109375,0.000941,0x98,286,286,1e01000000000000
SpVSH-320,8,24,"TRUNCATED_PREIMAGE_TARGET_001|rep=24",0xb6,8,sequential_counter,dynamic_work_stealing_safe,0,yes,397,256,8.632995,1.55078125,0.001540,0xb6,396,396,8c01000000000000
SpVSH-320,8,43,"TRUNCATED_PREIMAGE_TARGET_001|rep=43",0x5a,8,sequential_counter,dynamic_work_stealing_safe,0,yes,5,256,2.321928,0.01953125,0.001600,0x5a,4,4,0400000000000000
SpVSH-320,8,40,"TRUNCATED_PREIMAGE_TARGET_001|rep=40",0xa8,8,sequential_counter,dynamic_work_stealing_safe,0,yes,45,256,5.491853,0.17578125,0.001600,0xa8,44,44,2c00000000000000
SpVSH-320,8,39,"TRUNCATED_PREIMAGE_TARGET_001|rep=39",0xcd,8,sequential_counter,dynamic_work_stealing_safe,0,yes,8,256,3.000000,0.03125000,0.001539,0xcd,7,7,0700000000000000
SpVSH-320,8,44,"TRUNCATED_PREIMAGE_TARGET_001|rep=44",0x8d,8,sequential_counter,dynamic_work_stealing_safe,0,yes,3,256,1.584963,0.01171875,0.001613,0x8d,2,2,0200000000000000
SpVSH-320,8,12,"TRUNCATED_PREIMAGE_TARGET_001|rep=12",0x3b,8,sequential_counter,dynamic_work_stealing_safe,0,yes,158,256,7.303781,0.61718750,0.000873,0x3b,157,157,9d00000000000000
SpVSH-320,8,31,"TRUNCATED_PREIMAGE_TARGET_001|rep=31",0x5b,8,sequential_counter,dynamic_work_stealing_safe,0,yes,150,256,7.228819,0.58593750,0.001696,0x5b,149,149,9500000000000000
SpVSH-320,8,15,"TRUNCATED_PREIMAGE_TARGET_001|rep=15",0x90,8,sequential_counter,dynamic_work_stealing_safe,0,yes,66,256,6.044394,0.25781250,0.001062,0x90,65,65,4100000000000000
SpVSH-320,8,32,"TRUNCATED_PREIMAGE_TARGET_001|rep=32",0x6e,8,sequential_counter,dynamic_work_stealing_safe,0,yes,207,256,7.693487,0.80859375,0.001840,0x6e,206,206,ce00000000000000
SpVSH-320,8,30,"TRUNCATED_PREIMAGE_TARGET_001|rep=30",0xa0,8,sequential_counter,dynamic_work_stealing_safe,0,yes,236,256,7.882643,0.92187500,0.001867,0xa0,235,235,eb00000000000000
SpVSH-320,8,0,"TRUNCATED_PREIMAGE_TARGET_001|rep=0",0x98,8,sequential_counter,dynamic_work_stealing_safe,0,yes,287,256,8.164907,1.12109375,0.000796,0x98,286,286,1e01000000000000
SpVSH-320,8,29,"TRUNCATED_PREIMAGE_TARGET_001|rep=29",0x17,8,sequential_counter,dynamic_work_stealing_safe,0,yes,228,256,7.832890,0.89062500,0.001824,0x17,227,227,e300000000000000
SpVSH-320,8,26,"TRUNCATED_PREIMAGE_TARGET_001|rep=26",0xf1,8,sequential_counter,dynamic_work_stealing_safe,0,yes,267,256,8.060696,1.04296875,0.001827,0xf1,266,266,0a01000000000000
SpVSH-320,8,48,"TRUNCATED_PREIMAGE_TARGET_001|rep=48",0x9a,8,sequential_counter,dynamic_work_stealing_safe,0,yes,36,256,5.169925,0.14062500,0.001759,0x9a,35,35,2300000000000000
SpVSH-320,8,34,"TRUNCATED_PREIMAGE_TARGET_001|rep=34",0x6d,8,sequential_counter,dynamic_work_stealing_safe,0,yes,278,256,8.118941,1.08593750,0.002020,0x6d,277,277,1501000000000000
SpVSH-320,8,21,"TRUNCATED_PREIMAGE_TARGET_001|rep=21",0xe0,8,sequential_counter,dynamic_work_stealing_safe,0,yes,1059,256,10.048487,4.13671875,0.002030,0xe0,20539,20539,3b50000000000000
SpVSH-320,8,38,"TRUNCATED_PREIMAGE_TARGET_001|rep=38",0x2f,8,sequential_counter,dynamic_work_stealing_safe,0,yes,216,256,7.754888,0.84375000,0.001966,0x2f,215,215,d700000000000000
SpVSH-320,8,16,"TRUNCATED_PREIMAGE_TARGET_001|rep=16",0x57,8,sequential_counter,dynamic_work_stealing_safe,0,yes,688,256,9.426265,2.68750000,0.001892,0x57,4163,4163,4310000000000000
SpVSH-320,8,36,"TRUNCATED_PREIMAGE_TARGET_001|rep=36",0x05,8,sequential_counter,dynamic_work_stealing_safe,0,yes,249,256,7.960002,0.97265625,0.001989,0x05,248,248,f800000000000000
SpVSH-320,8,42,"TRUNCATED_PREIMAGE_TARGET_001|rep=42",0xde,8,sequential_counter,dynamic_work_stealing_safe,0,yes,172,256,7.426265,0.67187500,0.001959,0xde,171,171,ab00000000000000
SpVSH-320,8,20,"TRUNCATED_PREIMAGE_TARGET_001|rep=20",0xe3,8,sequential_counter,dynamic_work_stealing_safe,0,yes,90,256,6.491853,0.35156250,0.001335,0xe3,89,89,5900000000000000
SpVSH-320,8,45,"TRUNCATED_PREIMAGE_TARGET_001|rep=45",0x27,8,sequential_counter,dynamic_work_stealing_safe,0,yes,1039,256,10.020980,4.05859375,0.002272,0x27,768,768,0003000000000000
SpVSH-320,8,37,"TRUNCATED_PREIMAGE_TARGET_001|rep=37",0x53,8,sequential_counter,dynamic_work_stealing_safe,0,yes,276,256,8.108524,1.07812500,0.002059,0x53,4101,4101,0510000000000000
SpVSH-320,8,41,"TRUNCATED_PREIMAGE_TARGET_001|rep=41",0xd9,8,sequential_counter,dynamic_work_stealing_safe,0,yes,940,256,9.876517,3.67187500,0.002304,0xd9,53262,53262,0ed0000000000000
SpVSH-320,8,35,"TRUNCATED_PREIMAGE_TARGET_001|rep=35",0x30,8,sequential_counter,dynamic_work_stealing_safe,0,yes,317,256,8.308339,1.23828125,0.002063,0x30,8205,8205,0d20000000000000
SpVSH-320,8,49,"TRUNCATED_PREIMAGE_TARGET_001|rep=49",0xf9,8,sequential_counter,dynamic_work_stealing_safe,0,yes,433,256,8.758223,1.69140625,0.002331,0xf9,40961,40961,01a0000000000000
SpVSH-320,8,19,"TRUNCATED_PREIMAGE_TARGET_001|rep=19",0x91,8,sequential_counter,dynamic_work_stealing_safe,0,yes,345,256,8.430453,1.34765625,0.001813,0x91,344,344,5801000000000000
SpVSH-320,8,18,"TRUNCATED_PREIMAGE_TARGET_001|rep=18",0x40,8,sequential_counter,dynamic_work_stealing_safe,0,yes,112,256,6.807355,0.43750000,0.001118,0x40,111,111,6f00000000000000
SpVSH-320,8,46,"TRUNCATED_PREIMAGE_TARGET_001|rep=46",0xc5,8,sequential_counter,dynamic_work_stealing_safe,0,yes,312,256,8.285402,1.21875000,0.002153,0xc5,298,298,2a01000000000000
SpVSH-320,8,47,"TRUNCATED_PREIMAGE_TARGET_001|rep=47",0xb8,8,sequential_counter,dynamic_work_stealing_safe,0,yes,254,256,7.988685,0.99218750,0.002177,0xb8,4108,4108,0c10000000000000
SpVSH-320,8,33,"TRUNCATED_PREIMAGE_TARGET_001|rep=33",0x5d,8,sequential_counter,dynamic_work_stealing_safe,0,yes,1004,256,9.971544,3.92187500,0.002238,0x5d,57347,57347,03e0000000000000
SpVSH-320,8,27,"TRUNCATED_PREIMAGE_TARGET_001|rep=27",0x6a,8,sequential_counter,dynamic_work_stealing_safe,0,yes,954,256,9.897845,3.72656250,0.002209,0x6a,16463,16463,4f40000000000000
SpVSH-320,16,20,"TRUNCATED_PREIMAGE_TARGET_001|rep=20",0xe332,8,sequential_counter,dynamic_work_stealing_safe,0,yes,933,65536,9.865733,0.01423645,0.002815,0xe332,932,932,a403000000000000
SpVSH-320,16,8,"TRUNCATED_PREIMAGE_TARGET_001|rep=8",0xa322,8,sequential_counter,dynamic_work_stealing_safe,0,yes,2934,65536,11.518653,0.04476929,0.003961,0xa322,2933,2933,750b000000000000
SpVSH-320,16,25,"TRUNCATED_PREIMAGE_TARGET_001|rep=25",0xf790,8,sequential_counter,dynamic_work_stealing_safe,0,yes,2191,65536,11.097374,0.03343201,0.005951,0xf790,2190,2190,8e08000000000000
SpVSH-320,16,40,"TRUNCATED_PREIMAGE_TARGET_001|rep=40",0xa8de,8,sequential_counter,dynamic_work_stealing_safe,0,yes,2559,65536,11.321364,0.03904724,0.006156,0xa8de,2558,2558,fe09000000000000
SpVSH-320,16,49,"TRUNCATED_PREIMAGE_TARGET_001|rep=49",0xf925,8,sequential_counter,dynamic_work_stealing_safe,0,yes,2794,65536,11.448116,0.04263306,0.006211,0xf925,2793,2793,e90a000000000000
SpVSH-320,16,12,"TRUNCATED_PREIMAGE_TARGET_001|rep=12",0x3b31,8,sequential_counter,dynamic_work_stealing_safe,0,yes,5266,65536,12.362492,0.08035278,0.007027,0x3b31,5292,5292,ac14000000000000
SpVSH-320,16,18,"TRUNCATED_PREIMAGE_TARGET_001|rep=18",0x40a8,8,sequential_counter,dynamic_work_stealing_safe,0,yes,5221,65536,12.350110,0.07966614,0.007352,0x40a8,5220,5220,6414000000000000
SpVSH-320,16,10,"TRUNCATED_PREIMAGE_TARGET_001|rep=10",0x45ee,8,sequential_counter,dynamic_work_stealing_safe,0,yes,7139,65536,12.801506,0.10893250,0.008201,0x45ee,7138,7138,e21b000000000000
SpVSH-320,16,26,"TRUNCATED_PREIMAGE_TARGET_001|rep=26",0xf1f6,8,sequential_counter,dynamic_work_stealing_safe,0,yes,7029,65536,12.779104,0.10725403,0.008480,0xf1f6,4043,4043,cb0f000000000000
SpVSH-320,16,7,"TRUNCATED_PREIMAGE_TARGET_001|rep=7",0x8aa5,8,sequential_counter,dynamic_work_stealing_safe,0,yes,7678,65536,12.906515,0.11715698,0.009338,0x8aa5,7106,7106,c21b000000000000
SpVSH-320,16,2,"TRUNCATED_PREIMAGE_TARGET_001|rep=2",0x667f,8,sequential_counter,dynamic_work_stealing_safe,0,yes,11098,65536,13.438012,0.16934204,0.010753,0x667f,11097,11097,592b000000000000
SpVSH-320,16,34,"TRUNCATED_PREIMAGE_TARGET_001|rep=34",0x6d3f,8,sequential_counter,dynamic_work_stealing_safe,0,yes,6771,65536,12.725153,0.10331726,0.011080,0x6d3f,6770,6770,721a000000000000
SpVSH-320,16,11,"TRUNCATED_PREIMAGE_TARGET_001|rep=11",0x8842,8,sequential_counter,dynamic_work_stealing_safe,0,yes,16341,65536,13.996209,0.24934387,0.014231,0x8842,12050,12050,122f000000000000
SpVSH-320,16,19,"TRUNCATED_PREIMAGE_TARGET_001|rep=19",0x9166,8,sequential_counter,dynamic_work_stealing_safe,0,yes,17987,65536,14.134667,0.27445984,0.015207,0x9166,17015,17015,7742000000000000
SpVSH-320,16,21,"TRUNCATED_PREIMAGE_TARGET_001|rep=21",0xe0a2,8,sequential_counter,dynamic_work_stealing_safe,0,yes,26643,65536,14.701469,0.40653992,0.017735,0xe0a2,24301,24301,ed5e000000000000
SpVSH-320,16,32,"TRUNCATED_PREIMAGE_TARGET_001|rep=32",0x6ea4,8,sequential_counter,dynamic_work_stealing_safe,0,yes,15651,65536,13.933967,0.23881531,0.018855,0x6ea4,15650,15650,223d000000000000
SpVSH-320,16,35,"TRUNCATED_PREIMAGE_TARGET_001|rep=35",0x30c5,8,sequential_counter,dynamic_work_stealing_safe,0,yes,20718,65536,14.338597,0.31613159,0.019837,0x30c5,22618,22618,5a58000000000000
SpVSH-320,16,4,"TRUNCATED_PREIMAGE_TARGET_001|rep=4",0x3285,8,sequential_counter,dynamic_work_stealing_safe,0,yes,17658,65536,14.108034,0.26943970,0.020316,0x3285,17657,17657,f944000000000000
SpVSH-320,16,43,"TRUNCATED_PREIMAGE_TARGET_001|rep=43",0x5a94,8,sequential_counter,dynamic_work_stealing_safe,0,yes,15767,65536,13.944621,0.24058533,0.020733,0x5a94,15766,15766,963d000000000000
SpVSH-320,16,9,"TRUNCATED_PREIMAGE_TARGET_001|rep=9",0x510d,8,sequential_counter,dynamic_work_stealing_safe,0,yes,43753,65536,15.417094,0.66761780,0.023436,0x510d,36222,36222,7e8d000000000000
SpVSH-320,16,27,"TRUNCATED_PREIMAGE_TARGET_001|rep=27",0x6a88,8,sequential_counter,dynamic_work_stealing_safe,0,yes,48345,65536,15.561079,0.73768616,0.026589,0x6a88,50270,50270,5ec4000000000000
SpVSH-320,16,5,"TRUNCATED_PREIMAGE_TARGET_001|rep=5",0x97c5,8,sequential_counter,dynamic_work_stealing_safe,0,yes,26019,65536,14.667278,0.39701843,0.027330,0x97c5,23246,23246,ce5a000000000000
SpVSH-320,16,13,"TRUNCATED_PREIMAGE_TARGET_001|rep=13",0x2456,8,sequential_counter,dynamic_work_stealing_safe,0,yes,64784,65536,15.983350,0.98852539,0.027796,0x2456,69644,69644,0c10010000000000
SpVSH-320,16,41,"TRUNCATED_PREIMAGE_TARGET_001|rep=41",0xd98e,8,sequential_counter,dynamic_work_stealing_safe,0,yes,43007,65536,15.392284,0.65623474,0.028329,0xd98e,39941,39941,059c000000000000
SpVSH-320,16,46,"TRUNCATED_PREIMAGE_TARGET_001|rep=46",0xc59c,8,sequential_counter,dynamic_work_stealing_safe,0,yes,23609,65536,14.527049,0.36024475,0.030857,0xc59c,23608,23608,385c000000000000
SpVSH-320,16,14,"TRUNCATED_PREIMAGE_TARGET_001|rep=14",0x9833,8,sequential_counter,dynamic_work_stealing_safe,0,yes,57860,65536,15.820279,0.88287354,0.033187,0x9833,32525,32525,0d7f000000000000
SpVSH-320,16,29,"TRUNCATED_PREIMAGE_TARGET_001|rep=29",0x173c,8,sequential_counter,dynamic_work_stealing_safe,0,yes,27397,65536,14.741730,0.41804504,0.033412,0x173c,28833,28833,a170000000000000
SpVSH-320,16,28,"TRUNCATED_PREIMAGE_TARGET_001|rep=28",0xdf5e,8,sequential_counter,dynamic_work_stealing_safe,0,yes,45639,65536,15.477980,0.69639587,0.034848,0xdf5e,28647,28647,e76f000000000000
SpVSH-320,16,22,"TRUNCATED_PREIMAGE_TARGET_001|rep=22",0x9796,8,sequential_counter,dynamic_work_stealing_safe,0,yes,89740,65536,16.453464,1.36932373,0.036095,0x9796,80027,80027,9b38010000000000
SpVSH-320,16,45,"TRUNCATED_PREIMAGE_TARGET_001|rep=45",0x277b,8,sequential_counter,dynamic_work_stealing_safe,0,yes,29930,65536,14.869305,0.45669556,0.036634,0x277b,29929,29929,e974000000000000
SpVSH-320,16,30,"TRUNCATED_PREIMAGE_TARGET_001|rep=30",0xa01a,8,sequential_counter,dynamic_work_stealing_safe,0,yes,31175,65536,14.928102,0.47569275,0.036698,0xa01a,31174,31174,c679000000000000
SpVSH-320,16,36,"TRUNCATED_PREIMAGE_TARGET_001|rep=36",0x051e,8,sequential_counter,dynamic_work_stealing_safe,0,yes,71831,65536,16.132319,1.09605408,0.040752,0x051e,75177,75177,a925010000000000
SpVSH-320,16,15,"TRUNCATED_PREIMAGE_TARGET_001|rep=15",0x90cc,8,sequential_counter,dynamic_work_stealing_safe,0,yes,73028,65536,16.156162,1.11431885,0.041769,0x90cc,44994,44994,c2af000000000000
SpVSH-320,16,3,"TRUNCATED_PREIMAGE_TARGET_001|rep=3",0x29b8,8,sequential_counter,dynamic_work_stealing_safe,0,yes,66618,65536,16.023624,1.01651001,0.044155,0x29b8,68135,68135,270a010000000000
SpVSH-320,16,6,"TRUNCATED_PREIMAGE_TARGET_001|rep=6",0x4d41,8,sequential_counter,dynamic_work_stealing_safe,0,yes,71501,65536,16.125676,1.09101868,0.044963,0x4d41,81983,81983,3f40010000000000
SpVSH-320,16,16,"TRUNCATED_PREIMAGE_TARGET_001|rep=16",0x57d3,8,sequential_counter,dynamic_work_stealing_safe,0,yes,49485,65536,15.594704,0.75508118,0.045027,0x57d3,65579,65579,2b00010000000000
SpVSH-320,16,47,"TRUNCATED_PREIMAGE_TARGET_001|rep=47",0xb8e2,8,sequential_counter,dynamic_work_stealing_safe,0,yes,62251,65536,15.925809,0.94987488,0.046191,0xb8e2,60933,60933,05ee000000000000
SpVSH-320,16,17,"TRUNCATED_PREIMAGE_TARGET_001|rep=17",0x18e7,8,sequential_counter,dynamic_work_stealing_safe,0,yes,113789,65536,16.796002,1.73628235,0.052204,0x18e7,122760,122760,88df010000000000
SpVSH-320,16,31,"TRUNCATED_PREIMAGE_TARGET_001|rep=31",0x5b58,8,sequential_counter,dynamic_work_stealing_safe,0,yes,128369,65536,16.969937,1.95875549,0.052306,0x5b58,120810,120810,ead7010000000000
SpVSH-320,16,48,"TRUNCATED_PREIMAGE_TARGET_001|rep=48",0x9aa6,8,sequential_counter,dynamic_work_stealing_safe,0,yes,63633,65536,15.957488,0.97096252,0.053856,0x9aa6,67489,67489,a107010000000000
SpVSH-320,16,23,"TRUNCATED_PREIMAGE_TARGET_001|rep=23",0xa712,8,sequential_counter,dynamic_work_stealing_safe,0,yes,195897,65536,17.579736,2.98915100,0.056229,0xa712,170745,170745,f99a020000000000
SpVSH-320,16,0,"TRUNCATED_PREIMAGE_TARGET_001|rep=0",0x9883,8,sequential_counter,dynamic_work_stealing_safe,0,yes,104254,65536,16.669743,1.59078979,0.057675,0x9883,99352,99352,1884010000000000
SpVSH-320,16,37,"TRUNCATED_PREIMAGE_TARGET_001|rep=37",0x53b1,8,sequential_counter,dynamic_work_stealing_safe,0,yes,95366,65536,16.541187,1.45516968,0.057679,0x53b1,96785,96785,117a010000000000
SpVSH-320,16,33,"TRUNCATED_PREIMAGE_TARGET_001|rep=33",0x5dfa,8,sequential_counter,dynamic_work_stealing_safe,0,yes,122620,65536,16.903835,1.87103271,0.058666,0x5dfa,144078,144078,ce32020000000000
SpVSH-320,16,24,"TRUNCATED_PREIMAGE_TARGET_001|rep=24",0xb6e1,8,sequential_counter,dynamic_work_stealing_safe,0,yes,91152,65536,16.475987,1.39086914,0.058787,0xb6e1,135972,135972,2413020000000000
SpVSH-320,16,38,"TRUNCATED_PREIMAGE_TARGET_001|rep=38",0x2f63,8,sequential_counter,dynamic_work_stealing_safe,0,yes,122381,65536,16.901020,1.86738586,0.061097,0x2f63,186402,186402,22d8020000000000
SpVSH-320,16,1,"TRUNCATED_PREIMAGE_TARGET_001|rep=1",0xd9ce,8,sequential_counter,dynamic_work_stealing_safe,0,yes,83695,65536,16.352854,1.27708435,0.062210,0xd9ce,59879,59879,e7e9000000000000
SpVSH-320,16,39,"TRUNCATED_PREIMAGE_TARGET_001|rep=39",0xcdbb,8,sequential_counter,dynamic_work_stealing_safe,0,yes,186288,65536,17.507175,2.84252930,0.065314,0xcdbb,158034,158034,5269020000000000
SpVSH-320,16,44,"TRUNCATED_PREIMAGE_TARGET_001|rep=44",0x8d24,8,sequential_counter,dynamic_work_stealing_safe,0,yes,107989,65536,16.720525,1.64778137,0.065585,0x8d24,107671,107671,97a4010000000000
SpVSH-320,16,42,"TRUNCATED_PREIMAGE_TARGET_001|rep=42",0xde2d,8,sequential_counter,dynamic_work_stealing_safe,0,yes,166242,65536,17.342925,2.53665161,0.066097,0xde2d,250757,250757,85d3030000000000
SpVSH-320,24,15,"TRUNCATED_PREIMAGE_TARGET_001|rep=15",0x90cc0b,8,sequential_counter,dynamic_work_stealing_safe,0,yes,45711,16777216,15.480254,0.00272459,0.053409,0x90cc0b,44994,44994,c2af000000000000
SpVSH-320,24,40,"TRUNCATED_PREIMAGE_TARGET_001|rep=40",0xa8dec6,8,sequential_counter,dynamic_work_stealing_safe,0,yes,96796,16777216,16.562660,0.00576949,0.118278,0xa8dec6,96795,96795,1b7a010000000000
SpVSH-320,24,43,"TRUNCATED_PREIMAGE_TARGET_001|rep=43",0x5a94b9,8,sequential_counter,dynamic_work_stealing_safe,0,yes,639894,16777216,19.287473,0.03814065,0.762458,0x5a94b9,640307,640307,33c5090000000000
SpVSH-320,24,33,"TRUNCATED_PREIMAGE_TARGET_001|rep=33",0x5dfae6,8,sequential_counter,dynamic_work_stealing_safe,0,yes,719224,16777216,19.456082,0.04286909,0.856211,0x5dfae6,719223,719223,77f90a0000000000
SpVSH-320,24,41,"TRUNCATED_PREIMAGE_TARGET_001|rep=41",0xd98e71,8,sequential_counter,dynamic_work_stealing_safe,0,yes,2061943,16777216,20.975573,0.12290138,1.288718,0xd98e71,2059072,2059072,406b1f0000000000
SpVSH-320,24,46,"TRUNCATED_PREIMAGE_TARGET_001|rep=46",0xc59cf6,8,sequential_counter,dynamic_work_stealing_safe,0,yes,1379386,16777216,20.395595,0.08221781,1.650247,0xc59cf6,1379385,1379385,390c150000000000
SpVSH-320,24,6,"TRUNCATED_PREIMAGE_TARGET_001|rep=6",0x4d41a6,8,sequential_counter,dynamic_work_stealing_safe,0,yes,2154438,16777216,21.038880,0.12841451,2.575663,0x4d41a6,2154437,2154437,c5df200000000000
SpVSH-320,24,48,"TRUNCATED_PREIMAGE_TARGET_001|rep=48",0x9aa63a,8,sequential_counter,dynamic_work_stealing_safe,0,yes,2802861,16777216,21.418469,0.16706353,3.355515,0x9aa63a,2802860,2802860,acc42a0000000000
SpVSH-320,24,49,"TRUNCATED_PREIMAGE_TARGET_001|rep=49",0xf92516,8,sequential_counter,dynamic_work_stealing_safe,0,yes,3014941,16777216,21.523698,0.17970449,3.484191,0xf92516,3016822,3016822,76082e0000000000
SpVSH-320,24,27,"TRUNCATED_PREIMAGE_TARGET_001|rep=27",0x6a8867,8,sequential_counter,dynamic_work_stealing_safe,0,yes,3035729,16777216,21.533612,0.18094355,3.631830,0x6a8867,3035728,3035728,50522e0000000000
SpVSH-320,24,14,"TRUNCATED_PREIMAGE_TARGET_001|rep=14",0x983365,8,sequential_counter,dynamic_work_stealing_safe,0,yes,3705095,16777216,21.821079,0.22084087,4.434247,0x983365,3705094,3705094,0689380000000000
SpVSH-320,24,44,"TRUNCATED_PREIMAGE_TARGET_001|rep=44",0x8d2408,8,sequential_counter,dynamic_work_stealing_safe,0,yes,6838520,16777216,22.705253,0.40760756,4.479745,0x8d2408,6841448,6841448,6864680000000000
SpVSH-320,24,47,"TRUNCATED_PREIMAGE_TARGET_001|rep=47",0xb8e242,8,sequential_counter,dynamic_work_stealing_safe,0,yes,6417171,16777216,22.613506,0.38249320,4.666965,0xb8e242,6413708,6413708,8cdd610000000000
SpVSH-320,24,9,"TRUNCATED_PREIMAGE_TARGET_001|rep=9",0x510dcb,8,sequential_counter,dynamic_work_stealing_safe,0,yes,4139227,16777216,21.980930,0.24671715,4.952768,0x510dcb,4139226,4139226,da283f0000000000
SpVSH-320,24,16,"TRUNCATED_PREIMAGE_TARGET_001|rep=16",0x57d3a2,8,sequential_counter,dynamic_work_stealing_safe,0,yes,9931226,16777216,23.243540,0.59194720,5.461476,0x57d3a2,9928164,9928164,e47d970000000000
SpVSH-320,24,20,"TRUNCATED_PREIMAGE_TARGET_001|rep=20",0xe33212,8,sequential_counter,dynamic_work_stealing_safe,0,yes,4670932,16777216,22.155279,0.27840924,5.591909,0xe33212,4670931,4670931,d345470000000000
SpVSH-320,24,24,"TRUNCATED_PREIMAGE_TARGET_001|rep=24",0xb6e1be,8,sequential_counter,dynamic_work_stealing_safe,0,yes,5041561,16777216,22.265439,0.30050045,6.037677,0xb6e1be,5041359,5041359,cfec4c0000000000
SpVSH-320,24,0,"TRUNCATED_PREIMAGE_TARGET_001|rep=0",0x988386,8,sequential_counter,dynamic_work_stealing_safe,0,yes,17040010,16777216,24.022423,1.01566374,7.349448,0x988386,17055767,17055767,1740040100000000
SpVSH-320,24,38,"TRUNCATED_PREIMAGE_TARGET_001|rep=38",0x2f638a,8,sequential_counter,dynamic_work_stealing_safe,0,yes,6476931,16777216,22.626879,0.38605517,7.761476,0x2f638a,6476930,6476930,82d4620000000000
SpVSH-320,24,45,"TRUNCATED_PREIMAGE_TARGET_001|rep=45",0x277b16,8,sequential_counter,dynamic_work_stealing_safe,0,yes,12668755,16777216,23.594771,0.75511664,8.051145,0x277b16,12666626,12666626,0247c10000000000
SpVSH-320,24,39,"TRUNCATED_PREIMAGE_TARGET_001|rep=39",0xcdbbc5,8,sequential_counter,dynamic_work_stealing_safe,0,yes,7013636,16777216,22.741731,0.41804528,8.083864,0xcdbbc5,7017346,7017346,82136b0000000000
SpVSH-320,24,21,"TRUNCATED_PREIMAGE_TARGET_001|rep=21",0xe0a2af,8,sequential_counter,dynamic_work_stealing_safe,0,yes,9010990,16777216,23.103254,0.53709686,8.195729,0xe0a2af,9009060,9009060,a477890000000000
SpVSH-320,24,22,"TRUNCATED_PREIMAGE_TARGET_001|rep=22",0x9796cf,8,sequential_counter,dynamic_work_stealing_safe,0,yes,7150596,16777216,22.769632,0.42620873,8.320935,0x9796cf,7147080,7147080,480e6d0000000000
SpVSH-320,24,23,"TRUNCATED_PREIMAGE_TARGET_001|rep=23",0xa712a8,8,sequential_counter,dynamic_work_stealing_safe,0,yes,7040319,16777216,22.747209,0.41963571,8.352273,0xa712a8,7042865,7042865,31776b0000000000
SpVSH-320,24,3,"TRUNCATED_PREIMAGE_TARGET_001|rep=3",0x29b89c,8,sequential_counter,dynamic_work_stealing_safe,0,yes,7080098,16777216,22.755338,0.42200673,8.478044,0x29b89c,7080097,7080097,a1086c0000000000
SpVSH-320,24,25,"TRUNCATED_PREIMAGE_TARGET_001|rep=25",0xf79095,8,sequential_counter,dynamic_work_stealing_safe,0,yes,12853037,16777216,23.615606,0.76610070,9.141504,0xf79095,12855251,12855251,d327c40000000000
SpVSH-320,24,7,"TRUNCATED_PREIMAGE_TARGET_001|rep=7",0x8aa531,8,sequential_counter,dynamic_work_stealing_safe,0,yes,13469751,16777216,23.683220,0.80285972,9.354017,0x8aa531,13468966,13468966,2685cd0000000000
SpVSH-320,24,42,"TRUNCATED_PREIMAGE_TARGET_001|rep=42",0xde2d79,8,sequential_counter,dynamic_work_stealing_safe,0,yes,23589366,16777216,24.491633,1.40603578,9.402729,0xde2d79,23584102,23584102,66dd670100000000
SpVSH-320,24,37,"TRUNCATED_PREIMAGE_TARGET_001|rep=37",0x53b159,8,sequential_counter,dynamic_work_stealing_safe,0,yes,7907679,16777216,22.914823,0.47133440,9.471168,0x53b159,7907678,7907678,5ea9780000000000
SpVSH-320,24,4,"TRUNCATED_PREIMAGE_TARGET_001|rep=4",0x32858b,8,sequential_counter,dynamic_work_stealing_safe,0,yes,8748715,16777216,23.060640,0.52146405,9.476142,0x32858b,8750459,8750459,7b85850000000000
SpVSH-320,24,5,"TRUNCATED_PREIMAGE_TARGET_001|rep=5",0x97c5b9,8,sequential_counter,dynamic_work_stealing_safe,0,yes,8352889,16777216,22.993844,0.49787098,9.652901,0x97c5b9,8358095,8358095,cf887f0000000000
SpVSH-320,24,28,"TRUNCATED_PREIMAGE_TARGET_001|rep=28",0xdf5e19,8,sequential_counter,dynamic_work_stealing_safe,0,yes,13716360,16777216,23.709394,0.81755877,10.030820,0xdf5e19,13715278,13715278,4e47d10000000000
SpVSH-320,24,8,"TRUNCATED_PREIMAGE_TARGET_001|rep=8",0xa322aa,8,sequential_counter,dynamic_work_stealing_safe,0,yes,11161596,16777216,23.412040,0.66528296,10.171231,0xa322aa,11168630,11168630,766baa0000000000
SpVSH-320,24,35,"TRUNCATED_PREIMAGE_TARGET_001|rep=35",0x30c5cf,8,sequential_counter,dynamic_work_stealing_safe,0,yes,8683819,16777216,23.049898,0.51759595,10.396948,0x30c5cf,8683818,8683818,2a81840000000000
SpVSH-320,24,18,"TRUNCATED_PREIMAGE_TARGET_001|rep=18",0x40a8ba,8,sequential_counter,dynamic_work_stealing_safe,0,yes,9622667,16777216,23.198005,0.57355565,11.517851,0x40a8ba,9622666,9622666,8ad4920000000000
SpVSH-320,24,1,"TRUNCATED_PREIMAGE_TARGET_001|rep=1",0xd9ce37,8,sequential_counter,dynamic_work_stealing_safe,0,yes,48324795,16777216,25.526260,2.88038224,11.679986,0xd9ce37,48294498,48294498,62eae00200000000
SpVSH-320,24,10,"TRUNCATED_PREIMAGE_TARGET_001|rep=10",0x45eeca,8,sequential_counter,dynamic_work_stealing_safe,0,yes,29133742,16777216,24.796188,1.73650634,12.603912,0x45eeca,29134162,29134162,528dbc0100000000
SpVSH-320,24,2,"TRUNCATED_PREIMAGE_TARGET_001|rep=2",0x667f14,8,sequential_counter,dynamic_work_stealing_safe,0,yes,30143161,16777216,24.845327,1.79667240,13.200084,0x667f14,30151347,30151347,b312cc0100000000
SpVSH-320,24,11,"TRUNCATED_PREIMAGE_TARGET_001|rep=11",0x88425c,8,sequential_counter,dynamic_work_stealing_safe,0,yes,15357781,16777216,23.872466,0.91539508,13.216833,0x88425c,15289970,15289970,724ee90000000000
SpVSH-320,24,12,"TRUNCATED_PREIMAGE_TARGET_001|rep=12",0x3b31e5,8,sequential_counter,dynamic_work_stealing_safe,0,yes,41824640,16777216,25.317850,2.49294281,14.634244,0x3b31e5,41861480,41861480,68c17e0200000000
SpVSH-320,24,13,"TRUNCATED_PREIMAGE_TARGET_001|rep=13",0x2456cf,8,sequential_counter,dynamic_work_stealing_safe,0,yes,12951078,16777216,23.626569,0.77194440,14.667563,0x2456cf,13008955,13008955,3b80c60000000000
SpVSH-320,24,29,"TRUNCATED_PREIMAGE_TARGET_001|rep=29",0x173c76,8,sequential_counter,dynamic_work_stealing_safe,0,yes,20290190,16777216,24.274279,1.20938957,14.772852,0x173c76,20288391,20288391,8793350100000000
SpVSH-320,24,26,"TRUNCATED_PREIMAGE_TARGET_001|rep=26",0xf1f6ee,8,sequential_counter,dynamic_work_stealing_safe,0,yes,47745169,16777216,25.508851,2.84583384,15.987989,0xf1f6ee,47721929,47721929,c92dd80200000000
SpVSH-320,24,32,"TRUNCATED_PREIMAGE_TARGET_001|rep=32",0x6ea4eb,8,sequential_counter,dynamic_work_stealing_safe,0,yes,13967440,16777216,23.735564,0.83252430,16.707462,0x6ea4eb,13967439,13967439,4f20d50000000000
SpVSH-320,24,17,"TRUNCATED_PREIMAGE_TARGET_001|rep=17",0x18e718,8,sequential_counter,dynamic_work_stealing_safe,0,yes,97043218,16777216,26.532124,5.78422654,17.046825,0x18e718,96996890,96996890,1a0ec80500000000
SpVSH-320,24,19,"TRUNCATED_PREIMAGE_TARGET_001|rep=19",0x916678,8,sequential_counter,dynamic_work_stealing_safe,0,yes,21066149,16777216,24.328423,1.25564033,17.126576,0x916678,20979369,20979369,a91e400100000000
SpVSH-320,24,30,"TRUNCATED_PREIMAGE_TARGET_001|rep=30",0xa01aa5,8,sequential_counter,dynamic_work_stealing_safe,0,yes,33437208,16777216,24.994951,1.99301291,17.303303,0xa01aa5,33320482,33320482,226efc0100000000
SpVSH-320,24,31,"TRUNCATED_PREIMAGE_TARGET_001|rep=31",0x5b5855,8,sequential_counter,dynamic_work_stealing_safe,0,yes,43360154,16777216,25.369867,2.58446658,18.070708,0x5b5855,43410452,43410452,1464960200000000
SpVSH-320,24,34,"TRUNCATED_PREIMAGE_TARGET_001|rep=34",0x6d3f52,8,sequential_counter,dynamic_work_stealing_safe,0,yes,40211161,16777216,25.261093,2.39677197,18.310341,0x6d3f52,40250189,40250189,4d2b660200000000
SpVSH-320,24,36,"TRUNCATED_PREIMAGE_TARGET_001|rep=36",0x051eb4,8,sequential_counter,dynamic_work_stealing_safe,0,yes,37036292,16777216,25.142436,2.20753503,18.672174,0x051eb4,36925305,36925305,796f330200000000
SpVSH-320,32,19,"TRUNCATED_PREIMAGE_TARGET_001|rep=19",0x916678dd,8,sequential_counter,dynamic_work_stealing_safe,0,yes,145952130,4294967296,27.120920,0.03398213,174.334907,0x916678dd,145952129,145952129,810db30800000000
SpVSH-320,32,33,"TRUNCATED_PREIMAGE_TARGET_001|rep=33",0x5dfae674,8,sequential_counter,dynamic_work_stealing_safe,0,yes,152015826,4294967296,27.179646,0.03539394,181.556707,0x5dfae674,152015825,152015825,d1930f0900000000
SpVSH-320,32,5,"TRUNCATED_PREIMAGE_TARGET_001|rep=5",0x97c5b96d,8,sequential_counter,dynamic_work_stealing_safe,0,yes,205532870,4294967296,27.614794,0.04785435,245.329034,0x97c5b96d,205533315,205533315,8330400c00000000
SpVSH-320,32,34,"TRUNCATED_PREIMAGE_TARGET_001|rep=34",0x6d3f5214,8,sequential_counter,dynamic_work_stealing_safe,0,yes,404000446,4294967296,28.589782,0.09406368,331.425867,0x6d3f5214,403998643,403998643,b387141800000000
SpVSH-320,32,28,"TRUNCATED_PREIMAGE_TARGET_001|rep=28",0xdf5e194d,8,sequential_counter,dynamic_work_stealing_safe,0,yes,287107781,4294967296,28.097017,0.06684749,342.247336,0xdf5e194d,287107780,287107780,c4ea1c1100000000
SpVSH-320,32,35,"TRUNCATED_PREIMAGE_TARGET_001|rep=35",0x30c5cf5e,8,sequential_counter,dynamic_work_stealing_safe,0,yes,689711436,4294967296,29.361418,0.16058596,494.631705,0x30c5cf5e,689714393,689714393,d9341c2900000000
SpVSH-320,32,14,"TRUNCATED_PREIMAGE_TARGET_001|rep=14",0x9833659d,8,sequential_counter,dynamic_work_stealing_safe,0,yes,531957773,4294967296,28.986736,0.12385607,633.105453,0x9833659d,531957772,531957772,0c08b51f00000000
SpVSH-320,32,7,"TRUNCATED_PREIMAGE_TARGET_001|rep=7",0x8aa531f7,8,sequential_counter,dynamic_work_stealing_safe,0,yes,598348557,4294967296,29.156411,0.13931388,712.684748,0x8aa531f7,598348556,598348556,0c13aa2300000000
SpVSH-320,32,24,"TRUNCATED_PREIMAGE_TARGET_001|rep=24",0xb6e1be3f,8,sequential_counter,dynamic_work_stealing_safe,0,yes,717090542,4294967296,29.417580,0.16696065,854.555325,0xb6e1be3f,717090939,717090939,7bf0bd2a00000000
SpVSH-320,32,2,"TRUNCATED_PREIMAGE_TARGET_001|rep=2",0x667f14da,8,sequential_counter,dynamic_work_stealing_safe,0,yes,797482877,4294967296,29.570878,0.18567845,950.401848,0x667f14da,797483621,797483621,65a2882f00000000
SpVSH-320,32,4,"TRUNCATED_PREIMAGE_TARGET_001|rep=4",0x32858bf2,8,sequential_counter,dynamic_work_stealing_safe,0,yes,931408429,4294967296,29.794839,0.21686042,1110.095157,0x32858bf2,931408428,931408428,2c2a843700000000
SpVSH-320,32,8,"TRUNCATED_PREIMAGE_TARGET_001|rep=8",0xa322aa1a,8,sequential_counter,dynamic_work_stealing_safe,0,yes,1570973446,4294967296,30.549012,0.36577076,1292.384638,0xa322aa1a,1570972602,1570972602,ba23a35d00000000
SpVSH-320,32,6,"TRUNCATED_PREIMAGE_TARGET_001|rep=6",0x4d41a69c,8,sequential_counter,dynamic_work_stealing_safe,0,yes,2356154806,4294967296,31.133787,0.54858504,1387.238233,0x4d41a69c,2356151687,2356151687,8705708c00000000
SpVSH-320,32,41,"TRUNCATED_PREIMAGE_TARGET_001|rep=41",0xd98e717a,8,sequential_counter,dynamic_work_stealing_safe,0,yes,1174667057,4294967296,30.129605,0.27349849,1399.438882,0xd98e717a,1174667334,1174667334,4600044600000000
SpVSH-320,32,11,"TRUNCATED_PREIMAGE_TARGET_001|rep=11",0x88425cf1,8,sequential_counter,dynamic_work_stealing_safe,0,yes,1272926220,4294967296,30.245502,0.29637623,1516.239856,0x88425cf1,1272926547,1272926547,5351df4b00000000
SpVSH-320,32,36,"TRUNCATED_PREIMAGE_TARGET_001|rep=36",0x051eb462,8,sequential_counter,dynamic_work_stealing_safe,0,yes,3945234240,4294967296,31.877464,0.91857143,1545.658211,0x051eb462,3945235178,3945235178,ea8227eb00000000
SpVSH-320,32,32,"TRUNCATED_PREIMAGE_TARGET_001|rep=32",0x6ea4eb2c,8,sequential_counter,dynamic_work_stealing_safe,0,yes,1384047760,4294967296,30.366247,0.32224873,1648.101572,0x6ea4eb2c,1384047759,1384047759,8fe47e5200000000
SpVSH-320,32,20,"TRUNCATED_PREIMAGE_TARGET_001|rep=20",0xe3321208,8,sequential_counter,dynamic_work_stealing_safe,0,yes,2633804876,4294967296,31.294501,0.61323048,1655.029883,0xe3321208,2633805360,2633805360,30aefc9c00000000
SpVSH-320,32,49,"TRUNCATED_PREIMAGE_TARGET_001|rep=49",0xf9251600,8,sequential_counter,dynamic_work_stealing_safe,0,yes,1488854825,4294967296,30.471556,0.34665103,1772.607381,0xf9251600,1488854824,1488854824,281fbe5800000000
SpVSH-320,32,9,"TRUNCATED_PREIMAGE_TARGET_001|rep=9",0x510dcbd9,8,sequential_counter,dynamic_work_stealing_safe,0,yes,4532020034,4294967296,32.077507,1.05519314,2022.796164,0x510dcbd9,4532006741,4532006741,55ef200e01000000
SpVSH-320,32,17,"TRUNCATED_PREIMAGE_TARGET_001|rep=17",0x18e71844,8,sequential_counter,dynamic_work_stealing_safe,0,yes,1729381952,4294967296,30.687609,0.40265311,2058.946466,0x18e71844,1729381951,1729381951,3f46146700000000
SpVSH-320,32,12,"TRUNCATED_PREIMAGE_TARGET_001|rep=12",0x3b31e5e2,8,sequential_counter,dynamic_work_stealing_safe,0,yes,2317030507,4294967296,31.109630,0.53947570,2137.238321,0x3b31e5e2,2317027927,2317027927,570a1b8a00000000
SpVSH-320,32,37,"TRUNCATED_PREIMAGE_TARGET_001|rep=37",0x53b159cb,8,sequential_counter,dynamic_work_stealing_safe,0,yes,4221034649,4294967296,31.974950,0.98278621,2142.449522,0x53b159cb,4221040634,4221040634,faf797fb00000000
SpVSH-320,32,40,"TRUNCATED_PREIMAGE_TARGET_001|rep=40",0xa8dec622,8,sequential_counter,dynamic_work_stealing_safe,0,yes,1858440786,4294967296,30.791446,0.43270196,2212.902589,0xa8dec622,1858441430,1858441430,d690c56e00000000
SpVSH-320,32,23,"TRUNCATED_PREIMAGE_TARGET_001|rep=23",0xa712a806,8,sequential_counter,dynamic_work_stealing_safe,0,yes,2275492259,4294967296,31.083532,0.52980433,2710.030682,0xa712a806,2275492258,2275492258,a241a18700000000
SpVSH-320,32,31,"TRUNCATED_PREIMAGE_TARGET_001|rep=31",0x5b5855ae,8,sequential_counter,dynamic_work_stealing_safe,0,yes,2323529446,4294967296,31.113671,0.54098886,2767.329860,0x5b5855ae,2323529445,2323529445,e53e7e8a00000000
SpVSH-320,32,18,"TRUNCATED_PREIMAGE_TARGET_001|rep=18",0x40a8bae2,8,sequential_counter,dynamic_work_stealing_safe,0,yes,2977244436,4294967296,31.471331,0.69319374,2802.794770,0x40a8bae2,2977241745,2977241745,911a75b100000000
SpVSH-320,32,29,"TRUNCATED_PREIMAGE_TARGET_001|rep=29",0x173c7661,8,sequential_counter,dynamic_work_stealing_safe,0,yes,4760197173,4294967296,32.148374,1.10831977,3005.556964,0x173c7661,4760196384,4760196384,20d5ba1b01000000
SpVSH-320,32,21,"TRUNCATED_PREIMAGE_TARGET_001|rep=21",0xe0a2affe,8,sequential_counter,dynamic_work_stealing_safe,0,yes,6748004091,4294967296,32.651814,1.57114214,3390.650855,0xe0a2affe,6747990736,6747990736,d02a369201000000
SpVSH-320,32,25,"TRUNCATED_PREIMAGE_TARGET_001|rep=25",0xf7909576,8,sequential_counter,dynamic_work_stealing_safe,0,yes,5572065081,4294967296,32.375565,1.29734750,3400.218103,0xf7909576,5572069940,5572069940,340a1f4c01000000
SpVSH-320,32,10,"TRUNCATED_PREIMAGE_TARGET_001|rep=10",0x45eeca3f,8,sequential_counter,dynamic_work_stealing_safe,0,yes,10086992632,4294967296,33.231777,2.34856099,3450.915466,0x45eeca3f,10086987239,10086987239,e7353b5902000000
SpVSH-320,32,13,"TRUNCATED_PREIMAGE_TARGET_001|rep=13",0x2456cf87,8,sequential_counter,dynamic_work_stealing_safe,0,yes,5307542568,4294967296,32.305397,1.23575855,3475.377487,0x2456cf87,5307533558,5307533558,f6885a3c01000000
SpVSH-320,32,30,"TRUNCATED_PREIMAGE_TARGET_001|rep=30",0xa01aa55d,8,sequential_counter,dynamic_work_stealing_safe,0,yes,3997098001,4294967296,31.896306,0.93064690,3590.845564,0xa01aa55d,3997098000,3997098000,10e03eee00000000
SpVSH-320,32,3,"TRUNCATED_PREIMAGE_TARGET_001|rep=3",0x29b89ccc,8,sequential_counter,dynamic_work_stealing_safe,0,yes,5300905111,4294967296,32.303592,1.23421315,3631.893482,0x29b89ccc,5300905919,5300905919,bf67f53b01000000
SpVSH-320,32,26,"TRUNCATED_PREIMAGE_TARGET_001|rep=26",0xf1f6eecc,8,sequential_counter,dynamic_work_stealing_safe,0,yes,4987495929,4294967296,32.215669,1.16124189,4035.872399,0xf1f6eecc,4987498920,4987498920,a831472901000000
SpVSH-320,32,15,"TRUNCATED_PREIMAGE_TARGET_001|rep=15",0x90cc0bc5,8,sequential_counter,dynamic_work_stealing_safe,0,yes,12264869752,4294967296,33.513813,2.85563752,4090.529624,0x90cc0bc5,12264844814,12264844814,0eae0adb02000000
SpVSH-320,32,22,"TRUNCATED_PREIMAGE_TARGET_001|rep=22",0x9796cfaf,8,sequential_counter,dynamic_work_stealing_safe,0,yes,6383964162,4294967296,32.571805,1.48638248,4093.528803,0x9796cfaf,6383965686,6383965686,f695837c01000000
SpVSH-320,32,46,"TRUNCATED_PREIMAGE_TARGET_001|rep=46",0xc59cf69a,8,sequential_counter,dynamic_work_stealing_safe,0,yes,3468669976,4294967296,31.691735,0.80761266,4132.043815,0xc59cf69a,3468669975,3468669975,17b4bfce00000000
SpVSH-320,32,38,"TRUNCATED_PREIMAGE_TARGET_001|rep=38",0x2f638a61,8,sequential_counter,dynamic_work_stealing_safe,0,yes,16184609556,4294967296,33.913904,3.76827306,4153.003414,0x2f638a61,16184581491,16184581491,731dadc403000000
SpVSH-320,32,27,"TRUNCATED_PREIMAGE_TARGET_001|rep=27",0x6a8867d0,8,sequential_counter,dynamic_work_stealing_safe,0,yes,4923091894,4294967296,32.196918,1.14624665,4233.524506,0x6a8867d0,4923092013,4923092013,2d6c702501000000
SpVSH-320,32,16,"TRUNCATED_PREIMAGE_TARGET_001|rep=16",0x57d3a247,8,sequential_counter,dynamic_work_stealing_safe,0,yes,6398776572,4294967296,32.575149,1.48983127,4325.423439,0x57d3a247,6398781685,6398781685,f5a8657d01000000
SpVSH-320,32,39,"TRUNCATED_PREIMAGE_TARGET_001|rep=39",0xcdbbc5bd,8,sequential_counter,dynamic_work_stealing_safe,0,yes,8139882373,4294967296,32.922361,1.89521405,4389.772388,0xcdbbc5bd,8139912768,8139912768,40362de501000000
SpVSH-320,32,42,"TRUNCATED_PREIMAGE_TARGET_001|rep=42",0xde2d792e,8,sequential_counter,dynamic_work_stealing_safe,0,yes,9713067460,4294967296,33.177280,2.26149975,4438.948660,0xde2d792e,9713055606,9713055606,7677f14202000000
SpVSH-320,32,43,"TRUNCATED_PREIMAGE_TARGET_001|rep=43",0x5a94b96c,8,sequential_counter,dynamic_work_stealing_safe,0,yes,8476466677,4294967296,32.980816,1.97358119,4573.519631,0x5a94b96c,8476396677,8476396677,858c3bf901000000
SpVSH-320,32,44,"TRUNCATED_PREIMAGE_TARGET_001|rep=44",0x8d2408e5,8,sequential_counter,dynamic_work_stealing_safe,0,yes,8168823785,4294967296,32.927481,1.90195250,4693.242158,0x8d2408e5,8168890875,8168890875,fb61e7e601000000
SpVSH-320,32,47,"TRUNCATED_PREIMAGE_TARGET_001|rep=47",0xb8e2429b,8,sequential_counter,dynamic_work_stealing_safe,0,yes,4572773902,4294967296,32.090422,1.06468189,4788.477468,0xb8e2429b,4572773901,4572773901,0dfe8e1001000000
SpVSH-320,32,48,"TRUNCATED_PREIMAGE_TARGET_001|rep=48",0x9aa63a38,8,sequential_counter,dynamic_work_stealing_safe,0,yes,4289017802,4294967296,31.998000,0.99861478,4895.332614,0x9aa63a38,4289015530,4289015530,ea2ea5ff00000000
SpVSH-320,32,0,"TRUNCATED_PREIMAGE_TARGET_001|rep=0",0x98838641,8,sequential_counter,dynamic_work_stealing_safe,0,yes,7441417376,4294967296,32.792930,1.73259000,5064.972992,0x98838641,7441403187,7441403187,33cd8abb01000000
SpVSH-320,32,45,"TRUNCATED_PREIMAGE_TARGET_001|rep=45",0x277b16ab,8,sequential_counter,dynamic_work_stealing_safe,0,yes,20942254306,4294967296,34.285698,4.87599855,5153.930217,0x277b16ab,20942276440,20942276440,58c741e004000000
SpVSH-320,32,1,"TRUNCATED_PREIMAGE_TARGET_001|rep=1",0xd9ce37ff,8,sequential_counter,dynamic_work_stealing_safe,0,yes,4723336100,4294967296,32.137159,1.09973738,5154.447639,0xd9ce37ff,4723404876,4723404876,4c70891901000000
SpVSH-320,36,28,"TRUNCATED_PREIMAGE_TARGET_001|rep=28",0xdf5e194dd,8,sequential_counter,dynamic_work_stealing_safe,0,yes,3273900006,68719476736,31.608363,0.04764152,2341.804590,0xdf5e194dd,3273899802,3273899802,1abf23c300000000
SpVSH-320,36,3,"TRUNCATED_PREIMAGE_TARGET_001|rep=3",0x29b89ccc5,8,sequential_counter,dynamic_work_stealing_safe,0,yes,5300905920,68719476736,32.303592,0.07713833,3788.471958,0x29b89ccc5,5300905919,5300905919,bf67f53b01000000
SpVSH-320,36,7,"TRUNCATED_PREIMAGE_TARGET_001|rep=7",0x8aa531f7b,8,sequential_counter,dynamic_work_stealing_safe,0,yes,8012523729,68719476736,32.899610,0.11659757,5720.167581,0x8aa531f7b,8012525869,8012525869,2d7195dd01000000
SpVSH-320,36,21,"TRUNCATED_PREIMAGE_TARGET_001|rep=21",0xe0a2affe0,8,sequential_counter,dynamic_work_stealing_safe,0,yes,9284367742,68719476736,33.112157,0.13510533,6630.767816,0xe0a2affe0,9284367741,9284367741,7d35642902000000
SpVSH-320,36,8,"TRUNCATED_PREIMAGE_TARGET_001|rep=8",0xa322aa1a9,8,sequential_counter,dynamic_work_stealing_safe,0,yes,23268913578,68719476736,34.437685,0.33860726,11180.211734,0xa322aa1a9,23268921578,23268921578,ea90ef6a05000000
SpVSH-320,36,16,"TRUNCATED_PREIMAGE_TARGET_001|rep=16",0x57d3a2479,8,sequential_counter,dynamic_work_stealing_safe,0,yes,15867071536,68719476736,33.885317,0.23089628,11342.881833,0x57d3a2479,15867071360,15867071360,804bc0b103000000
SpVSH-320,36,2,"TRUNCATED_PREIMAGE_TARGET_001|rep=2",0x667f14da6,8,sequential_counter,dynamic_work_stealing_safe,0,yes,19561237171,68719476736,34.187279,0.28465347,13975.364256,0x667f14da6,19561236558,19561236558,4ec8f08d04000000
SpVSH-320,36,9,"TRUNCATED_PREIMAGE_TARGET_001|rep=9",0x510dcbd9f,8,sequential_counter,dynamic_work_stealing_safe,0,yes,40939368588,68719476736,35.252770,0.59574622,17184.335283,0x510dcbd9f,40939363512,40939363512,b81c2d8809000000
SpVSH-320,36,19,"TRUNCATED_PREIMAGE_TARGET_001|rep=19",0x916678dd9,8,sequential_counter,dynamic_work_stealing_safe,0,yes,24804134969,68719476736,34.529862,0.36094767,17704.712879,0x916678dd9,24804134067,24804134067,b30c71c605000000
SpVSH-320,36,27,"TRUNCATED_PREIMAGE_TARGET_001|rep=27",0x6a8867d0f,8,sequential_counter,dynamic_work_stealing_safe,0,yes,26893728436,68719476736,34.646551,0.39135526,19193.284575,0x6a8867d0f,26893730028,26893730028,ecc0fd4206000000
SpVSH-320,36,20,"TRUNCATED_PREIMAGE_TARGET_001|rep=20",0xe33212081,8,sequential_counter,dynamic_work_stealing_safe,0,yes,30151661125,68719476736,34.811518,0.43876442,19608.775754,0xe33212081,30151668084,30151668084,74f12d0507000000
SpVSH-320,36,10,"TRUNCATED_PREIMAGE_TARGET_001|rep=10",0x45eeca3fe,8,sequential_counter,dynamic_work_stealing_safe,0,yes,42086749526,68719476736,35.292647,0.61244281,20392.281792,0x45eeca3fe,42086749377,42086749377,c1d490cc09000000
SpVSH-320,36,5,"TRUNCATED_PREIMAGE_TARGET_001|rep=5",0x97c5b96d7,8,sequential_counter,dynamic_work_stealing_safe,0,yes,29819463319,68719476736,34.795535,0.43393030,21278.759819,0x97c5b96d7,29819464113,29819464113,b1e960f106000000
SpVSH-320,36,22,"TRUNCATED_PREIMAGE_TARGET_001|rep=22",0x9796cfafe,8,sequential_counter,dynamic_work_stealing_safe,0,yes,63722041919,68719476736,35.891073,0.92727775,22822.654876,0x9796cfafe,63722043273,63722043273,893721d60e000000
SpVSH-320,36,15,"TRUNCATED_PREIMAGE_TARGET_001|rep=15",0x90cc0bc5f,8,sequential_counter,dynamic_work_stealing_safe,0,yes,32488359199,68719476736,34.919204,0.47276785,23177.371650,0x90cc0bc5f,32488359198,32488359198,1e05759007000000
SpVSH-320,36,29,"TRUNCATED_PREIMAGE_TARGET_001|rep=29",0x173c76611,8,sequential_counter,dynamic_work_stealing_safe,0,yes,73924973957,68719476736,36.105343,1.07574995,24749.295000,0x173c76611,73924978459,73924978459,1ba7453611000000
SpVSH-320,36,0,"TRUNCATED_PREIMAGE_TARGET_001|rep=0",0x988386410,8,sequential_counter,dynamic_work_stealing_safe,0,yes,39521837539,68719476736,35.201931,0.57511843,25607.014962,0x988386410,39521840145,39521840145,116caf3309000000
SpVSH-320,36,11,"TRUNCATED_PREIMAGE_TARGET_001|rep=11",0x88425cf15,8,sequential_counter,dynamic_work_stealing_safe,0,yes,72495089678,68719476736,36.077164,1.05494240,26642.964059,0x88425cf15,72495073947,72495073947,9b0a0be110000000
SpVSH-320,36,13,"TRUNCATED_PREIMAGE_TARGET_001|rep=13",0x2456cf874,8,sequential_counter,dynamic_work_stealing_safe,0,yes,38467873512,68719476736,35.162935,0.55978123,27431.355162,0x2456cf874,38467872832,38467872832,4028ddf408000000
SpVSH-320,36,12,"TRUNCATED_PREIMAGE_TARGET_001|rep=12",0x3b31e5e21,8,sequential_counter,dynamic_work_stealing_safe,0,yes,45166440254,68719476736,35.394532,0.65725821,27569.059987,0x3b31e5e21,45166427868,45166427868,dcfe20840a000000
SpVSH-320,36,14,"TRUNCATED_PREIMAGE_TARGET_001|rep=14",0x9833659d6,8,sequential_counter,dynamic_work_stealing_safe,0,yes,53852605264,68719476736,35.648297,0.78365855,28900.373223,0x9833659d6,53852612555,53852612555,cba7dd890c000000
SpVSH-320,36,26,"TRUNCATED_PREIMAGE_TARGET_001|rep=26",0xf1f6eeccf,8,sequential_counter,dynamic_work_stealing_safe,0,yes,41134697117,68719476736,35.259637,0.59858863,29325.753728,0xf1f6eeccf,41134699079,41134699079,47b2d19309000000
SpVSH-320,36,6,"TRUNCATED_PREIMAGE_TARGET_001|rep=6",0x4d41a69c5,8,sequential_counter,dynamic_work_stealing_safe,0,yes,53284973262,68719476736,35.633010,0.77539841,29623.335986,0x4d41a69c5,53284972864,53284972864,402908680c000000
SpVSH-320,36,18,"TRUNCATED_PREIMAGE_TARGET_001|rep=18",0x40a8bae24,8,sequential_counter,dynamic_work_stealing_safe,0,yes,42372481799,68719476736,35.302409,0.61660076,30205.644096,0x40a8bae24,42372481798,42372481798,06c398dd09000000
SpVSH-320,36,1,"TRUNCATED_PREIMAGE_TARGET_001|rep=1",0xd9ce37ff9,8,sequential_counter,dynamic_work_stealing_safe,0,yes,105270496942,68719476736,36.615310,1.53188735,34440.414600,0xd9ce37ff9,105270515175,105270515175,e7959c8218000000
SpVSH-320,36,4,"TRUNCATED_PREIMAGE_TARGET_001|rep=4",0x32858bf29,8,sequential_counter,dynamic_work_stealing_safe,0,yes,134235298421,68719476736,36.965973,1.95338068,35547.773179,0x32858bf29,134235281473,134235281473,41d80b411f000000
SpVSH-320,36,17,"TRUNCATED_PREIMAGE_TARGET_001|rep=17",0x18e718442,8,sequential_counter,dynamic_work_stealing_safe,0,yes,246656896393,68719476736,37.843715,3.58933025,37275.667957,0x18e718442,246656886724,246656886724,c467e56d39000000
SpVSH-320,36,23,"TRUNCATED_PREIMAGE_TARGET_001|rep=23",0xa712a8069,8,sequential_counter,dynamic_work_stealing_safe,0,yes,349445831452,68719476736,38.346278,5.08510612,42498.083806,0xa712a8069,349445810250,349445810250,4ae8975c51000000
SpVSH-320,36,24,"TRUNCATED_PREIMAGE_TARGET_001|rep=24",0xb6e1be3fe,8,sequential_counter,dynamic_work_stealing_safe,0,yes,204744015731,68719476736,37.575030,2.97941756,46051.265972,0xb6e1be3fe,204743884783,204743884783,efbfafab2f000000
SpVSH-320,36,25,"TRUNCATED_PREIMAGE_TARGET_001|rep=25",0xf7909576e,8,sequential_counter,dynamic_work_stealing_safe,0,yes,392308485244,68719476736,38.513198,5.70883982,53817.732360,0xf7909576e,392308564647,392308564647,a7a269575b000000
