algorithm,trunc_bits,repetition,target_message,target_hex,candidate_length_bytes,search_mode,lanes_per_rep,found,trials,expected_trials,log2_trials,ratio_to_expected,seconds,matched_hex,candidate_counter,candidate_hex
VSH-256,8,1,TRUNCATED_PREIMAGE_TARGET_001|rep=1,0xf0,8,parallel_disjoint_chunked,1,yes,130911,256,16.998227,511.3710938,0.048276,0xf0,130910,5eff010000000000
VSH-256,8,20,TRUNCATED_PREIMAGE_TARGET_001|rep=20,0x57,8,parallel_disjoint_chunked,1,yes,122816,256,16.906139,479.75,0.044431,0x57,122815,bfdf010000000000
VSH-256,8,3,TRUNCATED_PREIMAGE_TARGET_001|rep=3,0xf2,8,parallel_disjoint_chunked,1,yes,130944,256,16.99859,511.5,0.049157,0xf2,130943,7fff010000000000
VSH-256,8,13,TRUNCATED_PREIMAGE_TARGET_001|rep=13,0xe8,8,parallel_disjoint_chunked,1,yes,131055,256,16.999813,511.9335938,0.048196,0xe8,131054,eeff010000000000
VSH-256,8,35,TRUNCATED_PREIMAGE_TARGET_001|rep=35,0x0e,8,parallel_disjoint_chunked,1,yes,130960,256,16.998767,511.5625,0.046285,0x0e,130959,8fff010000000000
VSH-256,8,40,TRUNCATED_PREIMAGE_TARGET_001|rep=40,0x99,8,parallel_disjoint_chunked,1,yes,122880,256,16.906891,480,0.044002,0x99,122879,ffdf010000000000
VSH-256,8,26,TRUNCATED_PREIMAGE_TARGET_001|rep=26,0x5e,8,parallel_disjoint_chunked,1,yes,98112,256,16.582142,383.25,0.059468,0x5e,98111,3f7f010000000000
VSH-256,8,41,TRUNCATED_PREIMAGE_TARGET_001|rep=41,0x5e,8,parallel_disjoint_chunked,1,yes,98112,256,16.582142,383.25,0.058758,0x5e,98111,3f7f010000000000
VSH-256,8,42,TRUNCATED_PREIMAGE_TARGET_001|rep=42,0x27,8,parallel_disjoint_chunked,1,yes,98300,256,16.584904,383.984375,0.059115,0x27,98299,fb7f010000000000
VSH-256,8,4,TRUNCATED_PREIMAGE_TARGET_001|rep=4,0x45,8,parallel_disjoint_chunked,1,yes,114688,256,16.807355,448,0.068421,0x45,114687,ffbf010000000000
VSH-256,8,7,TRUNCATED_PREIMAGE_TARGET_001|rep=7,0xfb,8,parallel_disjoint_chunked,1,yes,196472,256,17.583964,767.46875,0.070853,0xfb,196471,77ff020000000000
VSH-256,8,9,TRUNCATED_PREIMAGE_TARGET_001|rep=9,0x9b,8,parallel_disjoint_chunked,1,yes,196496,256,17.58414,767.5625,0.070755,0x9b,196495,8fff020000000000
VSH-256,8,15,TRUNCATED_PREIMAGE_TARGET_001|rep=15,0x8a,8,parallel_disjoint_chunked,1,yes,196414,256,17.583538,767.2421875,0.072117,0x8a,196413,3dff020000000000
VSH-256,8,2,TRUNCATED_PREIMAGE_TARGET_001|rep=2,0x8d,8,parallel_disjoint_chunked,1,yes,122864,256,16.906703,479.9375,0.075084,0x8d,122863,efdf010000000000
VSH-256,8,11,TRUNCATED_PREIMAGE_TARGET_001|rep=11,0x57,8,parallel_disjoint_chunked,1,yes,122816,256,16.906139,479.75,0.076467,0x57,122815,bfdf010000000000
VSH-256,8,19,TRUNCATED_PREIMAGE_TARGET_001|rep=19,0xff,8,parallel_disjoint_chunked,1,yes,131062,256,16.99989,511.9609375,0.075795,0xff,131061,f5ff010000000000
VSH-256,8,24,TRUNCATED_PREIMAGE_TARGET_001|rep=24,0x17,8,parallel_disjoint_chunked,1,yes,122872,256,16.906797,479.96875,0.077139,0x17,122871,f7df010000000000
VSH-256,8,34,TRUNCATED_PREIMAGE_TARGET_001|rep=34,0x3c,8,parallel_disjoint_chunked,1,yes,130879,256,16.997874,511.2460938,0.075633,0x3c,130878,3eff010000000000
VSH-256,8,32,TRUNCATED_PREIMAGE_TARGET_001|rep=32,0xee,8,parallel_disjoint_chunked,1,yes,212992,256,17.70044,832,0.077097,0xee,212991,ff3f030000000000
VSH-256,8,14,TRUNCATED_PREIMAGE_TARGET_001|rep=14,0x2a,8,parallel_disjoint_chunked,1,yes,131072,256,17,512,0.080643,0x2a,131071,ffff010000000000
VSH-256,8,31,TRUNCATED_PREIMAGE_TARGET_001|rep=31,0xdb,8,parallel_disjoint_chunked,1,yes,221180,256,17.754861,863.984375,0.07817,0xdb,221179,fb5f030000000000
VSH-256,8,28,TRUNCATED_PREIMAGE_TARGET_001|rep=28,0x2a,8,parallel_disjoint_chunked,1,yes,131072,256,17,512,0.079529,0x2a,131071,ffff010000000000
VSH-256,8,29,TRUNCATED_PREIMAGE_TARGET_001|rep=29,0x92,8,parallel_disjoint_chunked,1,yes,130016,256,16.98833,507.875,0.080387,0x92,130015,dffb010000000000
VSH-256,8,18,TRUNCATED_PREIMAGE_TARGET_001|rep=18,0x0e,8,parallel_disjoint_chunked,1,yes,130960,256,16.998767,511.5625,0.084033,0x0e,130959,8fff010000000000
VSH-256,8,27,TRUNCATED_PREIMAGE_TARGET_001|rep=27,0x1f,8,parallel_disjoint_chunked,1,yes,228348,256,17.800875,891.984375,0.082059,0x1f,228347,fb7b030000000000
VSH-256,8,47,TRUNCATED_PREIMAGE_TARGET_001|rep=47,0x13,8,parallel_disjoint_chunked,1,yes,130990,256,16.999097,511.6796875,0.078931,0x13,130989,adff010000000000
VSH-256,8,36,TRUNCATED_PREIMAGE_TARGET_001|rep=36,0xc0,8,parallel_disjoint_chunked,1,yes,228224,256,17.800091,891.5,0.082433,0xc0,228223,7f7b030000000000
VSH-256,8,17,TRUNCATED_PREIMAGE_TARGET_001|rep=17,0x9a,8,parallel_disjoint_chunked,1,yes,188384,256,17.523317,735.875,0.094389,0x9a,188383,dfdf020000000000
VSH-256,8,21,TRUNCATED_PREIMAGE_TARGET_001|rep=21,0x67,8,parallel_disjoint_chunked,1,yes,260736,256,17.99223,1018.5,0.094984,0x67,260735,7ffa030000000000
VSH-256,8,22,TRUNCATED_PREIMAGE_TARGET_001|rep=22,0x23,8,parallel_disjoint_chunked,1,yes,180160,256,17.458919,703.75,0.097698,0x23,180159,bfbf020000000000
VSH-256,8,37,TRUNCATED_PREIMAGE_TARGET_001|rep=37,0x23,8,parallel_disjoint_chunked,1,yes,180160,256,17.458919,703.75,0.096222,0x23,180159,bfbf020000000000
VSH-256,8,23,TRUNCATED_PREIMAGE_TARGET_001|rep=23,0xba,8,parallel_disjoint_chunked,1,yes,196408,256,17.583494,767.21875,0.100753,0xba,196407,37ff020000000000
VSH-256,8,44,TRUNCATED_PREIMAGE_TARGET_001|rep=44,0xc0,8,parallel_disjoint_chunked,1,yes,228224,256,17.800091,891.5,0.102608,0xc0,228223,7f7b030000000000
VSH-256,8,46,TRUNCATED_PREIMAGE_TARGET_001|rep=46,0x86,8,parallel_disjoint_chunked,1,yes,194528,256,17.569618,759.875,0.10384,0x86,194527,dff7020000000000
VSH-256,8,0,TRUNCATED_PREIMAGE_TARGET_001|rep=0,0xdd,8,parallel_disjoint_chunked,1,yes,241568,256,17.88207,943.625,0.113127,0xdd,241567,9faf030000000000
VSH-256,8,38,TRUNCATED_PREIMAGE_TARGET_001|rep=38,0x63,8,parallel_disjoint_chunked,1,yes,196602,256,17.584918,767.9765625,0.108755,0x63,196601,f9ff020000000000
VSH-256,8,25,TRUNCATED_PREIMAGE_TARGET_001|rep=25,0xc9,8,parallel_disjoint_chunked,1,yes,228160,256,17.799686,891.25,0.112099,0xc9,228159,3f7b030000000000
VSH-256,8,5,TRUNCATED_PREIMAGE_TARGET_001|rep=5,0xf8,8,parallel_disjoint_chunked,1,yes,228832,256,17.803929,893.875,0.117391,0xf8,228831,df7d030000000000
VSH-256,8,30,TRUNCATED_PREIMAGE_TARGET_001|rep=30,0x5b,8,parallel_disjoint_chunked,1,yes,251776,256,17.941781,983.5,0.114476,0x5b,251775,7fd7030000000000
VSH-256,8,8,TRUNCATED_PREIMAGE_TARGET_001|rep=8,0x7c,8,parallel_disjoint_chunked,1,yes,196384,256,17.583318,767.125,0.120566,0x7c,196383,1fff020000000000
VSH-256,8,45,TRUNCATED_PREIMAGE_TARGET_001|rep=45,0x9a,8,parallel_disjoint_chunked,1,yes,188384,256,17.523317,735.875,0.115604,0x9a,188383,dfdf020000000000
VSH-256,8,12,TRUNCATED_PREIMAGE_TARGET_001|rep=12,0x6c,8,parallel_disjoint_chunked,1,yes,245690,256,17.90648,959.7265625,0.122977,0x6c,245689,b9bf030000000000
VSH-256,8,16,TRUNCATED_PREIMAGE_TARGET_001|rep=16,0xdd,8,parallel_disjoint_chunked,1,yes,241568,256,17.88207,943.625,0.122874,0xdd,241567,9faf030000000000
VSH-256,8,48,TRUNCATED_PREIMAGE_TARGET_001|rep=48,0x5c,8,parallel_disjoint_chunked,1,yes,188352,256,17.523072,735.75,0.117345,0x5c,188351,bfdf020000000000
VSH-256,8,39,TRUNCATED_PREIMAGE_TARGET_001|rep=39,0xd0,8,parallel_disjoint_chunked,1,yes,257919,256,17.976559,1007.496094,0.12487,0xd0,257918,7eef030000000000
VSH-256,8,43,TRUNCATED_PREIMAGE_TARGET_001|rep=43,0x32,8,parallel_disjoint_chunked,1,yes,212944,256,17.700115,831.8125,0.126552,0x32,212943,cf3f030000000000
VSH-256,8,6,TRUNCATED_PREIMAGE_TARGET_001|rep=6,0x68,8,parallel_disjoint_chunked,1,yes,229231,256,17.806443,895.4335938,0.137044,0x68,229230,6e7f030000000000
VSH-256,8,10,TRUNCATED_PREIMAGE_TARGET_001|rep=10,0xd9,8,parallel_disjoint_chunked,1,yes,225279,256,17.781353,879.9960938,0.138616,0xd9,225278,fe6f030000000000
VSH-256,8,33,TRUNCATED_PREIMAGE_TARGET_001|rep=33,0xf3,8,parallel_disjoint_chunked,1,yes,262004,256,17.999229,1023.453125,0.143707,0xf3,262003,73ff030000000000
VSH-256,8,49,TRUNCATED_PREIMAGE_TARGET_001|rep=49,0x48,8,parallel_disjoint_chunked,1,yes,253632,256,17.952377,990.75,0.144132,0x48,253631,bfde030000000000
VSH-256,16,6,TRUNCATED_PREIMAGE_TARGET_001|rep=6,0x6899,8,parallel_disjoint_chunked,1,yes,487038,65536,18.893675,7.43161011,0.199879,0x6899,487037,7d6e070000000000
VSH-256,16,22,TRUNCATED_PREIMAGE_TARGET_001|rep=22,0x238f,8,parallel_disjoint_chunked,1,yes,384912,65536,18.554169,5.87329102,0.238436,0x238f,384911,8fdf050000000000
VSH-256,16,3,TRUNCATED_PREIMAGE_TARGET_001|rep=3,0xf215,8,parallel_disjoint_chunked,1,yes,785767,65536,19.583742,11.98985291,0.285685,0xf215,785766,66fd0b0000000000
VSH-256,16,41,TRUNCATED_PREIMAGE_TARGET_001|rep=41,0x5e92,8,parallel_disjoint_chunked,1,yes,450335,65536,18.780639,6.87156677,0.284506,0x5e92,450334,1edf060000000000
VSH-256,16,19,TRUNCATED_PREIMAGE_TARGET_001|rep=19,0xff51,8,parallel_disjoint_chunked,1,yes,749360,65536,19.515299,11.43432617,0.292746,0xff51,749359,2f6f0b0000000000
VSH-256,16,20,TRUNCATED_PREIMAGE_TARGET_001|rep=20,0x5723,8,parallel_disjoint_chunked,1,yes,785276,65536,19.58284,11.98236084,0.300058,0x5723,785275,7bfb0b0000000000
VSH-256,16,28,TRUNCATED_PREIMAGE_TARGET_001|rep=28,0x2aa2,8,parallel_disjoint_chunked,1,yes,915996,65536,19.804982,13.97698975,0.330694,0x2aa2,915995,1bfa0d0000000000
VSH-256,16,44,TRUNCATED_PREIMAGE_TARGET_001|rep=44,0xc099,8,parallel_disjoint_chunked,1,yes,523980,65536,18.999152,7.99530029,0.331961,0xc099,523979,cbfe070000000000
VSH-256,16,1,TRUNCATED_PREIMAGE_TARGET_001|rep=1,0xf0dd,8,parallel_disjoint_chunked,1,yes,999060,65536,19.930212,15.2444458,0.369578,0xf0dd,999059,933e0f0000000000
VSH-256,16,9,TRUNCATED_PREIMAGE_TARGET_001|rep=9,0x9b67,8,parallel_disjoint_chunked,1,yes,1006909,65536,19.941502,15.36421204,0.372508,0x9b67,1006908,3c5d0f0000000000
VSH-256,16,18,TRUNCATED_PREIMAGE_TARGET_001|rep=18,0x0e18,8,parallel_disjoint_chunked,1,yes,1038133,65536,19.98556,15.84065247,0.379592,0x0e18,1038132,34d70f0000000000
VSH-256,16,10,TRUNCATED_PREIMAGE_TARGET_001|rep=10,0xd9a2,8,parallel_disjoint_chunked,1,yes,1035755,65536,19.982251,15.80436707,0.385265,0xd9a2,1035754,eacd0f0000000000
VSH-256,16,25,TRUNCATED_PREIMAGE_TARGET_001|rep=25,0xc9e5,8,parallel_disjoint_chunked,1,yes,634872,65536,19.276106,9.68737793,0.405373,0xc9e5,634871,f7af090000000000
VSH-256,16,49,TRUNCATED_PREIMAGE_TARGET_001|rep=49,0x4837,8,parallel_disjoint_chunked,1,yes,903968,65536,19.785912,13.79345703,0.431982,0x4837,903967,1fcb0d0000000000
VSH-256,16,26,TRUNCATED_PREIMAGE_TARGET_001|rep=26,0x5e35,8,parallel_disjoint_chunked,1,yes,1212096,65536,20.209073,18.49511719,0.44661,0x5e35,1212095,bf7e120000000000
VSH-256,16,8,TRUNCATED_PREIMAGE_TARGET_001|rep=8,0x7c30,8,parallel_disjoint_chunked,1,yes,1211296,65536,20.20812,18.48291016,0.450496,0x7c30,1211295,9f7b120000000000
VSH-256,16,47,TRUNCATED_PREIMAGE_TARGET_001|rep=47,0x137c,8,parallel_disjoint_chunked,1,yes,917188,65536,19.806858,13.99517822,0.473151,0x137c,917187,c3fe0d0000000000
VSH-256,16,14,TRUNCATED_PREIMAGE_TARGET_001|rep=14,0x2a92,8,parallel_disjoint_chunked,1,yes,916230,65536,19.80535,13.9805603,0.475956,0x2a92,916229,05fb0d0000000000
VSH-256,16,2,TRUNCATED_PREIMAGE_TARGET_001|rep=2,0x8d8d,8,parallel_disjoint_chunked,1,yes,1259440,65536,20.264351,19.2175293,0.47947,0x8d8d,1259439,af37130000000000
VSH-256,16,5,TRUNCATED_PREIMAGE_TARGET_001|rep=5,0xf8ef,8,parallel_disjoint_chunked,1,yes,945998,65536,19.851478,14.43478394,0.480737,0xf8ef,945997,4d6f0e0000000000
VSH-256,16,43,TRUNCATED_PREIMAGE_TARGET_001|rep=43,0x326c,8,parallel_disjoint_chunked,1,yes,849914,65536,19.696957,12.96865845,0.492446,0x326c,849913,f9f70c0000000000
VSH-256,16,17,TRUNCATED_PREIMAGE_TARGET_001|rep=17,0x9abd,8,parallel_disjoint_chunked,1,yes,966255,65536,19.882044,14.74388123,0.498145,0x9abd,966254,6ebe0e0000000000
VSH-256,16,16,TRUNCATED_PREIMAGE_TARGET_001|rep=16,0xdd35,8,parallel_disjoint_chunked,1,yes,966422,65536,19.882294,14.74642944,0.499226,0xdd35,966421,15bf0e0000000000
VSH-256,16,4,TRUNCATED_PREIMAGE_TARGET_001|rep=4,0x45c5,8,parallel_disjoint_chunked,1,yes,785298,65536,19.582881,11.98269653,0.500705,0x45c5,785297,91fb0b0000000000
VSH-256,16,40,TRUNCATED_PREIMAGE_TARGET_001|rep=40,0x99b8,8,parallel_disjoint_chunked,1,yes,907261,65536,19.791158,13.84370422,0.51295,0x99b8,907260,fcd70d0000000000
VSH-256,16,11,TRUNCATED_PREIMAGE_TARGET_001|rep=11,0x5753,8,parallel_disjoint_chunked,1,yes,1113472,65536,20.086634,16.99023438,0.519147,0x5753,1113471,7ffd100000000000
VSH-256,16,12,TRUNCATED_PREIMAGE_TARGET_001|rep=12,0x6c6b,8,parallel_disjoint_chunked,1,yes,883696,65536,19.753191,13.48413086,0.526182,0x6c6b,883695,ef7b0d0000000000
VSH-256,16,36,TRUNCATED_PREIMAGE_TARGET_001|rep=36,0xc082,8,parallel_disjoint_chunked,1,yes,905118,65536,19.787746,13.81100464,0.530585,0xc082,905117,9dcf0d0000000000
VSH-256,16,35,TRUNCATED_PREIMAGE_TARGET_001|rep=35,0x0e1d,8,parallel_disjoint_chunked,1,yes,982768,65536,19.906491,14.99584961,0.536959,0x0e1d,982767,effe0e0000000000
VSH-256,16,48,TRUNCATED_PREIMAGE_TARGET_001|rep=48,0x5c11,8,parallel_disjoint_chunked,1,yes,915708,65536,19.804528,13.97259521,0.558116,0x5c11,915707,fbf80d0000000000
VSH-256,16,31,TRUNCATED_PREIMAGE_TARGET_001|rep=31,0xdb32,8,parallel_disjoint_chunked,1,yes,998684,65536,19.929669,15.2387085,0.57219,0xdb32,998683,1b3d0f0000000000
VSH-256,16,27,TRUNCATED_PREIMAGE_TARGET_001|rep=27,0x1f77,8,parallel_disjoint_chunked,1,yes,966362,65536,19.882204,14.74551392,0.578398,0x1f77,966361,d9be0e0000000000
VSH-256,16,34,TRUNCATED_PREIMAGE_TARGET_001|rep=34,0x3ca0,8,parallel_disjoint_chunked,1,yes,1009150,65536,19.944709,15.39840698,0.596845,0x3ca0,1009149,fd650f0000000000
VSH-256,16,24,TRUNCATED_PREIMAGE_TARGET_001|rep=24,0x1778,8,parallel_disjoint_chunked,1,yes,948029,65536,19.854572,14.46577454,0.613597,0x1778,948028,3c770e0000000000
VSH-256,16,30,TRUNCATED_PREIMAGE_TARGET_001|rep=30,0x5b13,8,parallel_disjoint_chunked,1,yes,1306206,65536,20.316951,19.93112183,0.621381,0x5b13,1306205,5dee130000000000
VSH-256,16,21,TRUNCATED_PREIMAGE_TARGET_001|rep=21,0x6713,8,parallel_disjoint_chunked,1,yes,1307536,65536,20.318419,19.95141602,0.628605,0x6713,1307535,8ff3130000000000
VSH-256,16,29,TRUNCATED_PREIMAGE_TARGET_001|rep=29,0x92e1,8,parallel_disjoint_chunked,1,yes,1275664,65536,20.282817,19.46508789,0.651071,0x92e1,1275663,0f77130000000000
VSH-256,16,15,TRUNCATED_PREIMAGE_TARGET_001|rep=15,0x8ae2,8,parallel_disjoint_chunked,1,yes,1752526,65536,20.741004,26.74142456,0.654066,0x8ae2,1752525,cdbd1a0000000000
VSH-256,16,37,TRUNCATED_PREIMAGE_TARGET_001|rep=37,0x2355,8,parallel_disjoint_chunked,1,yes,1792998,65536,20.773942,27.35897827,0.684555,0x2355,1792997,e55b1b0000000000
VSH-256,16,23,TRUNCATED_PREIMAGE_TARGET_001|rep=23,0xba4e,8,parallel_disjoint_chunked,1,yes,1521436,65536,20.537002,23.215271,0.749024,0xba4e,1521435,1b37170000000000
VSH-256,16,42,TRUNCATED_PREIMAGE_TARGET_001|rep=42,0x277f,8,parallel_disjoint_chunked,1,yes,1767239,65536,20.753066,26.96592712,0.767845,0x277f,1767238,46f71a0000000000
VSH-256,16,13,TRUNCATED_PREIMAGE_TARGET_001|rep=13,0xe89a,8,parallel_disjoint_chunked,1,yes,1435104,65536,20.452724,21.89794922,0.779837,0xe89a,1435103,dfe5150000000000
VSH-256,16,32,TRUNCATED_PREIMAGE_TARGET_001|rep=32,0xee32,8,parallel_disjoint_chunked,1,yes,1671111,65536,20.672376,25.49913025,0.785387,0xee32,1671110,c67f190000000000
VSH-256,16,39,TRUNCATED_PREIMAGE_TARGET_001|rep=39,0xd0f4,8,parallel_disjoint_chunked,1,yes,1555062,65536,20.568541,23.72836304,0.822483,0xd0f4,1555061,75ba170000000000
VSH-256,16,38,TRUNCATED_PREIMAGE_TARGET_001|rep=38,0x635b,8,parallel_disjoint_chunked,1,yes,1850239,65536,20.81928,28.23240662,0.848853,0x635b,1850238,7e3b1c0000000000
VSH-256,16,7,TRUNCATED_PREIMAGE_TARGET_001|rep=7,0xfb89,8,parallel_disjoint_chunked,1,yes,1946621,65536,20.892541,29.70307922,0.968324,0xfb89,1946620,fcb31d0000000000
VSH-256,16,33,TRUNCATED_PREIMAGE_TARGET_001|rep=33,0xf30e,8,parallel_disjoint_chunked,1,yes,2044680,65536,20.963444,31.19934082,0.976269,0xf30e,2044679,07331f0000000000
VSH-256,16,0,TRUNCATED_PREIMAGE_TARGET_001|rep=0,0xdd95,8,parallel_disjoint_chunked,1,yes,2054548,65536,20.97039,31.34991455,0.979452,0xdd95,2054547,93591f0000000000
VSH-256,16,46,TRUNCATED_PREIMAGE_TARGET_001|rep=46,0x86f2,8,parallel_disjoint_chunked,1,yes,2059062,65536,20.973556,31.41879272,1.049797,0x86f2,2059061,356b1f0000000000
VSH-256,16,45,TRUNCATED_PREIMAGE_TARGET_001|rep=45,0x9a6d,8,parallel_disjoint_chunked,1,yes,3270560,65536,21.641106,49.90478516,1.478924,0x9a6d,3270559,9fe7310000000000
VSH-256,24,41,TRUNCATED_PREIMAGE_TARGET_001|rep=41,0x5e92f5,8,parallel_disjoint_chunked,1,yes,1514944,16777216,20.530833,0.0902977,0.981752,0x5e92f5,1514943,bf1d170000000000
VSH-256,24,14,TRUNCATED_PREIMAGE_TARGET_001|rep=14,0x2a92ee,8,parallel_disjoint_chunked,1,yes,8284732,16777216,22.982024,0.49380851,3.466475,0x2a92ee,8284731,3b6a7e0000000000
VSH-256,24,24,TRUNCATED_PREIMAGE_TARGET_001|rep=24,0x1778fd,8,parallel_disjoint_chunked,1,yes,7417280,16777216,22.822459,0.44210434,4.591494,0x1778fd,7417279,bf2d710000000000
VSH-256,24,28,TRUNCATED_PREIMAGE_TARGET_001|rep=28,0x2aa27d,8,parallel_disjoint_chunked,1,yes,7976255,16777216,22.92728,0.47542185,5.690363,0x2aa27d,7976254,3eb5790000000000
VSH-256,24,31,TRUNCATED_PREIMAGE_TARGET_001|rep=31,0xdb3255,8,parallel_disjoint_chunked,1,yes,14277216,16777216,23.767211,0.85098839,6.567705,0xdb3255,14277215,5fdad90000000000
VSH-256,24,16,TRUNCATED_PREIMAGE_TARGET_001|rep=16,0xdd3534,8,parallel_disjoint_chunked,1,yes,12023103,16777216,23.519306,0.71663278,7.026652,0xdd3534,12023102,3e75b70000000000
VSH-256,24,43,TRUNCATED_PREIMAGE_TARGET_001|rep=43,0x326c6f,8,parallel_disjoint_chunked,1,yes,10910540,16777216,23.379219,0.65031886,7.260077,0x326c6f,10910539,4b7ba60000000000
VSH-256,24,34,TRUNCATED_PREIMAGE_TARGET_001|rep=34,0x3ca0c0,8,parallel_disjoint_chunked,1,yes,13543410,16777216,23.691088,0.80725014,7.708208,0x3ca0c0,13543409,f1a7ce0000000000
VSH-256,24,27,TRUNCATED_PREIMAGE_TARGET_001|rep=27,0x1f77a0,8,parallel_disjoint_chunked,1,yes,14324560,16777216,23.771987,0.85381031,7.89224,0x1f77a0,14324559,4f93da0000000000
VSH-256,24,29,TRUNCATED_PREIMAGE_TARGET_001|rep=29,0x92e1b9,8,parallel_disjoint_chunked,1,yes,18292070,16777216,24.124715,1.09029233,8.176208,0x92e1b9,18292069,651d170100000000
VSH-256,24,17,TRUNCATED_PREIMAGE_TARGET_001|rep=17,0x9abd87,8,parallel_disjoint_chunked,1,yes,21490916,16777216,24.357224,1.28095841,9.412012,0x9abd87,21490915,e3ec470100000000
VSH-256,24,1,TRUNCATED_PREIMAGE_TARGET_001|rep=1,0xf0dd76,8,parallel_disjoint_chunked,1,yes,15974075,16777216,23.929229,0.95212907,9.428813,0xf0dd76,15974074,babef30000000000
VSH-256,24,35,TRUNCATED_PREIMAGE_TARGET_001|rep=35,0x0e1dc3,8,parallel_disjoint_chunked,1,yes,21184356,16777216,24.336496,1.26268601,10.372388,0x0e1dc3,21184355,633f430100000000
VSH-256,24,46,TRUNCATED_PREIMAGE_TARGET_001|rep=46,0x86f2c7,8,parallel_disjoint_chunked,1,yes,22219708,16777216,24.405337,1.3243978,11.27167,0x86f2c7,22219707,bb0b530100000000
VSH-256,24,49,TRUNCATED_PREIMAGE_TARGET_001|rep=49,0x4837ab,8,parallel_disjoint_chunked,1,yes,17733240,16777216,24.079953,1.05698347,12.001292,0x4837ab,17733239,77960e0100000000
VSH-256,24,37,TRUNCATED_PREIMAGE_TARGET_001|rep=37,0x2355e4,8,parallel_disjoint_chunked,1,yes,27742574,16777216,24.725598,1.65358627,12.334581,0x2355e4,27742573,6d51a70100000000
VSH-256,24,20,TRUNCATED_PREIMAGE_TARGET_001|rep=20,0x57239b,8,parallel_disjoint_chunked,1,yes,29006323,16777216,24.789864,1.72891158,13.06052,0x57239b,29006322,f299ba0100000000
VSH-256,24,6,TRUNCATED_PREIMAGE_TARGET_001|rep=6,0x689910,8,parallel_disjoint_chunked,1,yes,18772190,16777216,24.162094,1.11890972,13.137417,0x689910,18772189,dd701e0100000000
VSH-256,24,13,TRUNCATED_PREIMAGE_TARGET_001|rep=13,0xe89a41,8,parallel_disjoint_chunked,1,yes,24175415,16777216,24.527037,1.44096702,13.421302,0xe89a41,24175414,36e3700100000000
VSH-256,24,0,TRUNCATED_PREIMAGE_TARGET_001|rep=0,0xdd9523,8,parallel_disjoint_chunked,1,yes,26599315,16777216,24.664886,1.58544272,14.110328,0xdd9523,26599314,92df950100000000
VSH-256,24,42,TRUNCATED_PREIMAGE_TARGET_001|rep=42,0x277fe5,8,parallel_disjoint_chunked,1,yes,22981555,16777216,24.453973,1.36980742,14.121641,0x277fe5,22981554,b2ab5e0100000000
VSH-256,24,40,TRUNCATED_PREIMAGE_TARGET_001|rep=40,0x99b83c,8,parallel_disjoint_chunked,1,yes,20758180,16777216,24.307177,1.23728395,14.296427,0x99b83c,20758179,a3be3c0100000000
VSH-256,24,45,TRUNCATED_PREIMAGE_TARGET_001|rep=45,0x9a6dd5,8,parallel_disjoint_chunked,1,yes,29745452,16777216,24.826166,1.7729671,15.080238,0x9a6dd5,29745451,2be1c50100000000
VSH-256,24,8,TRUNCATED_PREIMAGE_TARGET_001|rep=8,0x7c308a,8,parallel_disjoint_chunked,1,yes,29165887,16777216,24.797779,1.73842233,15.29792,0x7c308a,29165886,3e09bd0100000000
VSH-256,24,47,TRUNCATED_PREIMAGE_TARGET_001|rep=47,0x137c7f,8,parallel_disjoint_chunked,1,yes,31038361,16777216,24.887549,1.85003048,15.441048,0x137c7f,31038360,989bd90100000000
VSH-256,24,7,TRUNCATED_PREIMAGE_TARGET_001|rep=7,0xfb8970,8,parallel_disjoint_chunked,1,yes,23784918,16777216,24.503544,1.41769159,15.490498,0xfb8970,23784917,d5ed6a0100000000
VSH-256,24,30,TRUNCATED_PREIMAGE_TARGET_001|rep=30,0x5b13e4,8,parallel_disjoint_chunked,1,yes,28464062,16777216,24.762638,1.6965903,15.88365,0x5b13e4,28464061,bd53b20100000000
VSH-256,24,4,TRUNCATED_PREIMAGE_TARGET_001|rep=4,0x45c5b5,8,parallel_disjoint_chunked,1,yes,29078284,16777216,24.793439,1.73320079,16.053187,0x45c5b5,29078283,0bb3bb0100000000
VSH-256,24,21,TRUNCATED_PREIMAGE_TARGET_001|rep=21,0x671334,8,parallel_disjoint_chunked,1,yes,30226803,16777216,24.849325,1.80165786,16.821742,0x671334,30226802,7239cd0100000000
VSH-256,24,38,TRUNCATED_PREIMAGE_TARGET_001|rep=38,0x635b61,8,parallel_disjoint_chunked,1,yes,30500592,16777216,24.862334,1.81797695,17.096782,0x635b61,30500591,ef66d10100000000
VSH-256,24,23,TRUNCATED_PREIMAGE_TARGET_001|rep=23,0xba4e78,8,parallel_disjoint_chunked,1,yes,32485737,16777216,24.953303,1.93630081,17.894683,0xba4e78,32485736,68b1ef0100000000
VSH-256,24,18,TRUNCATED_PREIMAGE_TARGET_001|rep=18,0x0e1815,8,parallel_disjoint_chunked,1,yes,31041919,16777216,24.887714,1.85024256,18.31261,0x0e1815,31041918,7ea9d90100000000
VSH-256,24,25,TRUNCATED_PREIMAGE_TARGET_001|rep=25,0xc9e5ea,8,parallel_disjoint_chunked,1,yes,39278464,16777216,25.227235,2.34117889,22.408849,0xc9e5ea,39278463,7f57570200000000
VSH-256,24,44,TRUNCATED_PREIMAGE_TARGET_001|rep=44,0xc09938,8,parallel_disjoint_chunked,1,yes,42794987,16777216,25.350938,2.55078,23.342554,0xc09938,42794986,eaff8c0200000000
VSH-256,24,26,TRUNCATED_PREIMAGE_TARGET_001|rep=26,0x5e35eb,8,parallel_disjoint_chunked,1,yes,51735790,16777216,25.624659,3.08369339,23.960291,0x5e35eb,51735789,ed6c150300000000
VSH-256,24,22,TRUNCATED_PREIMAGE_TARGET_001|rep=22,0x238f88,8,parallel_disjoint_chunked,1,yes,42578912,16777216,25.343636,2.53790092,24.350441,0x238f88,42578911,dfb3890200000000
VSH-256,24,36,TRUNCATED_PREIMAGE_TARGET_001|rep=36,0xc0824d,8,parallel_disjoint_chunked,1,yes,41847964,16777216,25.318654,2.49433303,24.41809,0xc0824d,41847963,9b8c7e0200000000
VSH-256,24,33,TRUNCATED_PREIMAGE_TARGET_001|rep=33,0xf30e7f,8,parallel_disjoint_chunked,1,yes,48589283,16777216,25.534135,2.89614695,24.753781,0xf30e7f,48589282,e269e50200000000
VSH-256,24,19,TRUNCATED_PREIMAGE_TARGET_001|rep=19,0xff5191,8,parallel_disjoint_chunked,1,yes,49440576,16777216,25.559192,2.94688797,24.920784,0xff5191,49440575,3f67f20200000000
VSH-256,24,2,TRUNCATED_PREIMAGE_TARGET_001|rep=2,0x8d8df8,8,parallel_disjoint_chunked,1,yes,50126118,16777216,25.579059,2.98774946,26.134924,0x8d8df8,50126117,25ddfc0200000000
VSH-256,24,39,TRUNCATED_PREIMAGE_TARGET_001|rep=39,0xd0f456,8,parallel_disjoint_chunked,1,yes,48015847,16777216,25.517007,2.8619675,26.765118,0xd0f456,48015846,e6a9dc0200000000
VSH-256,24,9,TRUNCATED_PREIMAGE_TARGET_001|rep=9,0x9b67db,8,parallel_disjoint_chunked,1,yes,51694941,16777216,25.62352,3.08125859,26.77764,0x9b67db,51694940,5ccd140300000000
VSH-256,24,12,TRUNCATED_PREIMAGE_TARGET_001|rep=12,0x6c6bb6,8,parallel_disjoint_chunked,1,yes,54065792,16777216,25.688213,3.22257233,28.912064,0x6c6bb6,54065791,7ffa380300000000
VSH-256,24,3,TRUNCATED_PREIMAGE_TARGET_001|rep=3,0xf2159c,8,parallel_disjoint_chunked,1,yes,51995439,16777216,25.631882,3.09916967,29.634425,0xf2159c,51995438,2e63190300000000
VSH-256,24,15,TRUNCATED_PREIMAGE_TARGET_001|rep=15,0x8ae22c,8,parallel_disjoint_chunked,1,yes,69184680,16777216,26.043949,4.12372828,35.996614,0x8ae22c,69184679,a7ac1f0400000000
VSH-256,24,11,TRUNCATED_PREIMAGE_TARGET_001|rep=11,0x5753fb,8,parallel_disjoint_chunked,1,yes,76950935,16777216,26.197436,4.58663315,40.214835,0x5753fb,76950934,962d960400000000
VSH-256,24,10,TRUNCATED_PREIMAGE_TARGET_001|rep=10,0xd9a247,8,parallel_disjoint_chunked,1,yes,80590880,16777216,26.264113,4.80359077,42.303834,0xd9a247,80590879,1fb8cd0400000000
VSH-256,24,5,TRUNCATED_PREIMAGE_TARGET_001|rep=5,0xf8effb,8,parallel_disjoint_chunked,1,yes,91032315,16777216,26.439875,5.4259488,43.279629,0xf8effb,91032314,fa0a6d0500000000
VSH-256,24,32,TRUNCATED_PREIMAGE_TARGET_001|rep=32,0xee3224,8,parallel_disjoint_chunked,1,yes,86921959,16777216,26.373217,5.18095249,45.794857,0xee3224,86921958,e6522e0500000000
VSH-256,24,48,TRUNCATED_PREIMAGE_TARGET_001|rep=48,0x5c1191,8,parallel_disjoint_chunked,1,yes,95164496,16777216,26.50392,5.67224598,46.37566,0x5c1191,95164495,4f18ac0500000000
VSH-256,32,30,TRUNCATED_PREIMAGE_TARGET_001|rep=30,0x5b13e461,8,parallel_disjoint_chunked,1,yes,28464062,4294967296,24.762638,0.00662731,12.768465,0x5b13e461,28464061,bd53b20100000000
VSH-256,32,3,TRUNCATED_PREIMAGE_TARGET_001|rep=3,0xf2159c3b,8,parallel_disjoint_chunked,1,yes,98447042,4294967296,26.552845,0.02292149,72.211396,0xf2159c3b,98447041,c12ede0500000000
VSH-256,32,31,TRUNCATED_PREIMAGE_TARGET_001|rep=31,0xdb3255c4,8,parallel_disjoint_chunked,1,yes,132098593,4294967296,26.97704,0.0307566,112.87942,0xdb3255c4,132098592,20aadf0700000000
VSH-256,32,35,TRUNCATED_PREIMAGE_TARGET_001|rep=35,0x0e1dc37e,8,parallel_disjoint_chunked,1,yes,426166733,4294967296,28.666843,0.09922467,291.113018,0x0e1dc37e,426166732,ccc9661900000000
VSH-256,32,18,TRUNCATED_PREIMAGE_TARGET_001|rep=18,0x0e1815af,8,parallel_disjoint_chunked,1,yes,417581529,4294967296,28.637483,0.09722578,324.298067,0x0e1815af,417581528,d8c9e31800000000
VSH-256,32,43,TRUNCATED_PREIMAGE_TARGET_001|rep=43,0x326c6f46,8,parallel_disjoint_chunked,1,yes,630298023,4294967296,29.231459,0.14675269,441.412523,0x326c6f46,630298022,a695912500000000
VSH-256,32,29,TRUNCATED_PREIMAGE_TARGET_001|rep=29,0x92e1b9df,8,parallel_disjoint_chunked,1,yes,662596982,4294967296,29.303556,0.15427288,462.298624,0x92e1b9df,662596981,756d7e2700000000
VSH-256,32,13,TRUNCATED_PREIMAGE_TARGET_001|rep=13,0xe89a418c,8,parallel_disjoint_chunked,1,yes,823776315,4294967296,29.617677,0.19180037,480.977351,0xe89a418c,823776314,3ad4193100000000
VSH-256,32,7,TRUNCATED_PREIMAGE_TARGET_001|rep=7,0xfb89703d,8,parallel_disjoint_chunked,1,yes,911964016,4294967296,29.764402,0.21233317,660.758403,0xfb89703d,911964015,6f775b3600000000
VSH-256,32,34,TRUNCATED_PREIMAGE_TARGET_001|rep=34,0x3ca0c06b,8,parallel_disjoint_chunked,1,yes,894161576,4294967296,29.73596,0.20818822,673.201724,0x3ca0c06b,894161575,a7d24b3500000000
VSH-256,32,27,TRUNCATED_PREIMAGE_TARGET_001|rep=27,0x1f77a017,8,parallel_disjoint_chunked,1,yes,1024159810,4294967296,29.931794,0.23845579,708.65109,0x1f77a017,1024159809,41700b3d00000000
VSH-256,32,23,TRUNCATED_PREIMAGE_TARGET_001|rep=23,0xba4e78c7,8,parallel_disjoint_chunked,1,yes,956814442,4294967296,29.833664,0.22277572,710.115668,0xba4e78c7,956814441,69d4073900000000
VSH-256,32,5,TRUNCATED_PREIMAGE_TARGET_001|rep=5,0xf8effb12,8,parallel_disjoint_chunked,1,yes,997436633,4294967296,29.89365,0.23223381,730.276158,0xf8effb12,997436632,d8ac733b00000000
VSH-256,32,11,TRUNCATED_PREIMAGE_TARGET_001|rep=11,0x5753fb4e,8,parallel_disjoint_chunked,1,yes,1573365532,4294967296,30.551207,0.36632771,1184.007112,0x5753fb4e,1573365531,1ba7c75d00000000
VSH-256,32,2,TRUNCATED_PREIMAGE_TARGET_001|rep=2,0x8d8df86f,8,parallel_disjoint_chunked,1,yes,1734053454,4294967296,30.691501,0.40374078,1188.104538,0x8d8df86f,1734053453,4d8e5b6700000000
VSH-256,32,12,TRUNCATED_PREIMAGE_TARGET_001|rep=12,0x6c6bb681,8,parallel_disjoint_chunked,1,yes,1838997124,4294967296,30.776272,0.42817488,1290.920823,0x6c6bb681,1838997123,83de9c6d00000000
VSH-256,32,39,TRUNCATED_PREIMAGE_TARGET_001|rep=39,0xd0f4568b,8,parallel_disjoint_chunked,1,yes,2227861716,4294967296,31.053013,0.51871448,1474.777615,0xd0f4568b,2227861715,d378ca8400000000
VSH-256,32,40,TRUNCATED_PREIMAGE_TARGET_001|rep=40,0x99b83cd8,8,parallel_disjoint_chunked,1,yes,2471137066,4294967296,31.202528,0.57535643,1640.334831,0x99b83cd8,2471137065,298f4a9300000000
VSH-256,32,48,TRUNCATED_PREIMAGE_TARGET_001|rep=48,0x5c11911f,8,parallel_disjoint_chunked,1,yes,2662112486,4294967296,31.309924,0.61982136,1686.268312,0x5c11911f,2662112485,e59cac9e00000000
VSH-256,32,44,TRUNCATED_PREIMAGE_TARGET_001|rep=44,0xc099383b,8,parallel_disjoint_chunked,1,yes,2814035334,4294967296,31.389993,0.65519366,1717.713029,0xc099383b,2814035333,85c5baa700000000
VSH-256,32,38,TRUNCATED_PREIMAGE_TARGET_001|rep=38,0x635b6161,8,parallel_disjoint_chunked,1,yes,2794887375,4294967296,31.380143,0.65073543,1829.209874,0x635b6161,2794887374,ce9896a600000000
VSH-256,32,26,TRUNCATED_PREIMAGE_TARGET_001|rep=26,0x5e35eb80,8,parallel_disjoint_chunked,1,yes,2953556015,4294967296,31.459806,0.68767835,1872.737576,0x5e35eb80,2953556014,2eb00bb000000000
VSH-256,32,8,TRUNCATED_PREIMAGE_TARGET_001|rep=8,0x7c308acd,8,parallel_disjoint_chunked,1,yes,3000708582,4294967296,31.482656,0.69865691,2059.453512,0x7c308acd,3000708581,e52ddbb200000000
VSH-256,32,33,TRUNCATED_PREIMAGE_TARGET_001|rep=33,0xf30e7f2e,8,parallel_disjoint_chunked,1,yes,3515332978,4294967296,31.711014,0.81847724,2288.898501,0xf30e7f2e,3515332977,71b987d100000000
VSH-256,32,45,TRUNCATED_PREIMAGE_TARGET_001|rep=45,0x9a6dd5e8,8,parallel_disjoint_chunked,1,yes,3582749977,4294967296,31.73842,0.83417398,2317.21528,0x9a6dd5e8,3582749976,186d8cd500000000
VSH-256,32,46,TRUNCATED_PREIMAGE_TARGET_001|rep=46,0x86f2c717,8,parallel_disjoint_chunked,1,yes,3933425100,4294967296,31.873139,0.9158219,2455.889536,0x86f2c717,3933425099,cb4d73ea00000000
VSH-256,32,15,TRUNCATED_PREIMAGE_TARGET_001|rep=15,0x8ae22c60,8,parallel_disjoint_chunked,1,yes,3997976945,4294967296,31.896623,0.93085155,2527.067819,0x8ae22c60,3997976944,70494cee00000000
VSH-256,32,9,TRUNCATED_PREIMAGE_TARGET_001|rep=9,0x9b67db84,8,parallel_disjoint_chunked,1,yes,4065038050,4294967296,31.920622,0.94646543,2557.908959,0x9b67db84,4065038049,e18e4bf200000000
VSH-256,32,19,TRUNCATED_PREIMAGE_TARGET_001|rep=19,0xff51916e,8,parallel_disjoint_chunked,1,yes,4259851399,4294967296,31.988156,0.99182394,2681.102155,0xff51916e,4259851398,862ce8fd00000000
VSH-256,32,41,TRUNCATED_PREIMAGE_TARGET_001|rep=41,0x5e92f5b0,8,parallel_disjoint_chunked,1,yes,4704820487,4294967296,32.131493,1.09542638,2861.342246,0x5e92f5b0,4704820486,06dd6d1801000000
VSH-256,32,0,TRUNCATED_PREIMAGE_TARGET_001|rep=0,0xdd9523c9,8,parallel_disjoint_chunked,1,yes,4579347861,4294967296,32.092495,1.06621251,2925.708757,0xdd9523c9,4579347860,944df31001000000
VSH-256,32,6,TRUNCATED_PREIMAGE_TARGET_001|rep=6,0x6899106c,8,parallel_disjoint_chunked,1,yes,4742403425,4294967296,32.142971,1.10417684,2933.947613,0x6899106c,4742403424,6055ab1a01000000
VSH-256,32,22,TRUNCATED_PREIMAGE_TARGET_001|rep=22,0x238f88a3,8,parallel_disjoint_chunked,1,yes,5200588526,4294967296,32.276028,1.21085637,3256.093911,0x238f88a3,5200588525,edaefa3501000000
VSH-256,32,25,TRUNCATED_PREIMAGE_TARGET_001|rep=25,0xc9e5eaa9,8,parallel_disjoint_chunked,1,yes,5407256870,4294967296,32.33225,1.2589751,3345.710341,0xc9e5eaa9,5407256869,25314c4201000000
VSH-256,32,28,TRUNCATED_PREIMAGE_TARGET_001|rep=28,0x2aa27dbd,8,parallel_disjoint_chunked,1,yes,5656701569,4294967296,32.397314,1.31705347,3382.50213,0x2aa27dbd,5656701568,806a2a5101000000
VSH-256,32,36,TRUNCATED_PREIMAGE_TARGET_001|rep=36,0xc0824d62,8,parallel_disjoint_chunked,1,yes,5793038884,4294967296,32.431673,1.34879697,3517.91467,0xc0824d62,5793038883,23c24a5901000000
VSH-256,32,32,TRUNCATED_PREIMAGE_TARGET_001|rep=32,0xee32247f,8,parallel_disjoint_chunked,1,yes,5751169559,4294967296,32.421208,1.33904851,3667.661977,0xee32247f,5751169558,16e2cb5601000000
VSH-256,32,47,TRUNCATED_PREIMAGE_TARGET_001|rep=47,0x137c7f5f,8,parallel_disjoint_chunked,1,yes,6301319424,4294967296,32.553007,1.46714026,3926.73219,0x137c7f5f,6301319423,ff80967701000000
VSH-256,32,16,TRUNCATED_PREIMAGE_TARGET_001|rep=16,0xdd353423,8,parallel_disjoint_chunked,1,yes,6857975457,4294967296,32.675136,1.59674684,4184.87045,0xdd353423,6857975456,a066c49801000000
VSH-256,32,37,TRUNCATED_PREIMAGE_TARGET_001|rep=37,0x2355e42a,8,parallel_disjoint_chunked,1,yes,7787450437,4294967296,32.858504,1.8131571,4708.249069,0x2355e42a,7787450436,44102bd001000000
VSH-256,32,4,TRUNCATED_PREIMAGE_TARGET_001|rep=4,0x45c5b597,8,parallel_disjoint_chunked,1,yes,7616334494,4294967296,32.82645,1.77331606,4748.517694,0x45c5b597,7616334493,9d0af8c501000000
VSH-256,32,17,TRUNCATED_PREIMAGE_TARGET_001|rep=17,0x9abd87b4,8,parallel_disjoint_chunked,1,yes,8758631509,4294967296,33.028058,2.03927781,5265.323416,0x9abd87b4,8758631508,541c0e0a02000000
VSH-256,32,49,TRUNCATED_PREIMAGE_TARGET_001|rep=49,0x4837abb1,8,parallel_disjoint_chunked,1,yes,8947807272,4294967296,33.058887,2.08332373,5510.762606,0x4837abb1,8947807271,27b4541502000000
VSH-256,32,20,TRUNCATED_PREIMAGE_TARGET_001|rep=20,0x57239b94,8,parallel_disjoint_chunked,1,yes,9543495896,4294967296,33.151871,2.22201829,5802.019908,0x57239b94,9543495895,d730d63802000000
VSH-256,32,21,TRUNCATED_PREIMAGE_TARGET_001|rep=21,0x6713347a,8,parallel_disjoint_chunked,1,yes,10857656101,4294967296,33.337994,2.52799506,6555.579161,0x6713347a,10857656100,24af2a8702000000
VSH-256,32,42,TRUNCATED_PREIMAGE_TARGET_001|rep=42,0x277fe5f2,8,parallel_disjoint_chunked,1,yes,12685691295,4294967296,33.562483,2.95361767,7783.449629,0x277fe5f2,12685691294,9e4920f402000000
VSH-256,32,1,TRUNCATED_PREIMAGE_TARGET_001|rep=1,0xf0dd76c8,8,parallel_disjoint_chunked,1,yes,13576041413,4294967296,33.660344,3.16091846,8138.82883,0xf0dd76c8,13576041412,c4f3312903000000
VSH-256,32,10,TRUNCATED_PREIMAGE_TARGET_001|rep=10,0xd9a24792,8,parallel_disjoint_chunked,1,yes,15374941615,4294967296,33.839862,3.57975755,9398.535861,0xd9a24792,15374941614,aefd6a9403000000
VSH-256,32,24,TRUNCATED_PREIMAGE_TARGET_001|rep=24,0x1778fdb1,8,parallel_disjoint_chunked,1,yes,19261120641,4294967296,34.164973,4.48457912,11674.32316,0x1778fdb1,19261120640,80600d7c04000000
VSH-256,32,14,TRUNCATED_PREIMAGE_TARGET_001|rep=14,0x2a92eefb,8,parallel_disjoint_chunked,1,yes,20757382084,4294967296,34.272905,4.83295463,18865.84577,0x2a92eefb,20757382083,c3833cd504000000
VSH-256,36,26,TRUNCATED_PREIMAGE_TARGET_001|rep=26,0x5e35eb80b,8,parallel_disjoint_chunked,1,yes,9322549184,68719476736,33.118077,0.13566095,5707.901601,0x5e35eb80b,9322549183,bfcfaa2b02000000
VSH-256,36,0,TRUNCATED_PREIMAGE_TARGET_001|rep=0,0xdd9523c9a,8,parallel_disjoint_chunked,1,yes,14014604582,68719476736,33.706212,0.20393934,8320.639762,0xdd9523c9a,14014604581,25e5554303000000
VSH-256,36,22,TRUNCATED_PREIMAGE_TARGET_001|rep=22,0x238f88a3e,8,parallel_disjoint_chunked,1,yes,24928653619,68719476736,34.537086,0.36275965,14912.23073,0x238f88a3e,24928653618,3211ddcd05000000
VSH-256,36,24,TRUNCATED_PREIMAGE_TARGET_001|rep=24,0x1778fdb15,8,parallel_disjoint_chunked,1,yes,26819351467,68719476736,34.642555,0.39027293,16133.56122,0x1778fdb15,26819351466,aad38e3e06000000
VSH-256,36,13,TRUNCATED_PREIMAGE_TARGET_001|rep=13,0xe89a418c9,8,parallel_disjoint_chunked,1,yes,29908856370,68719476736,34.799854,0.43523114,17958.88965,0xe89a418c9,29908856369,31eeb4f606000000
VSH-256,36,12,TRUNCATED_PREIMAGE_TARGET_001|rep=12,0x6c6bb681d,8,parallel_disjoint_chunked,1,yes,34864448150,68719476736,35.021038,0.50734449,21145.75448,0x6c6bb681d,34864448149,9542151e08000000
VSH-256,36,18,TRUNCATED_PREIMAGE_TARGET_001|rep=18,0x0e1815af1,8,parallel_disjoint_chunked,1,yes,35345614607,68719476736,35.040812,0.51434639,21517.91218,0x0e1815af1,35345614606,0e47c33a08000000
VSH-256,36,11,TRUNCATED_PREIMAGE_TARGET_001|rep=11,0x5753fb4ee,8,parallel_disjoint_chunked,1,yes,38436393488,68719476736,35.161754,0.55932314,23260.19051,0x5753fb4ee,38436393487,0fd2fcf208000000
VSH-256,36,25,TRUNCATED_PREIMAGE_TARGET_001|rep=25,0xc9e5eaa90,8,parallel_disjoint_chunked,1,yes,45875853056,68719476736,35.417016,0.66758152,27796.75544,0xc9e5eaa90,45875853055,fff669ae0a000000
VSH-256,36,9,TRUNCATED_PREIMAGE_TARGET_001|rep=9,0x9b67db847,8,parallel_disjoint_chunked,1,yes,53613765897,68719476736,35.641884,0.78018298,32643.3578,0x9b67db847,53613765896,0825a17b0c000000
VSH-256,36,16,TRUNCATED_PREIMAGE_TARGET_001|rep=16,0xdd3534230,8,parallel_disjoint_chunked,1,yes,53098830000,68719476736,35.627961,0.77268967,33640.76187,0xdd3534230,53098829999,afd8ef5c0c000000
VSH-256,36,3,TRUNCATED_PREIMAGE_TARGET_001|rep=3,0xf2159c3b8,8,parallel_disjoint_chunked,1,yes,55429932914,68719476736,35.689946,0.80661168,33845.99598,0xf2159c3b8,55429932913,71a7e1e70c000000
VSH-256,36,7,TRUNCATED_PREIMAGE_TARGET_001|rep=7,0xfb89703d5,8,parallel_disjoint_chunked,1,yes,56438667434,68719476736,35.715965,0.8212907,34398.58066,0xfb89703d5,56438667433,a9b801240d000000
VSH-256,36,1,TRUNCATED_PREIMAGE_TARGET_001|rep=1,0xf0dd76c82,8,parallel_disjoint_chunked,1,yes,56969417124,68719476736,35.729469,0.82901413,34746.13777,0xf0dd76c82,56969417123,a351a4430d000000
VSH-256,36,6,TRUNCATED_PREIMAGE_TARGET_001|rep=6,0x6899106cf,8,parallel_disjoint_chunked,1,yes,60097736158,68719476736,35.806592,0.87453716,36671.07688,0x6899106cf,60097736157,ddad1afe0d000000
VSH-256,36,2,TRUNCATED_PREIMAGE_TARGET_001|rep=2,0x8d8df86fb,8,parallel_disjoint_chunked,1,yes,64827430910,68719476736,35.915885,0.94336328,39777.14065,0x8d8df86fb,64827430909,fd1704180f000000
VSH-256,36,10,TRUNCATED_PREIMAGE_TARGET_001|rep=10,0xd9a24792a,8,parallel_disjoint_chunked,1,yes,69840347153,68719476736,36.023342,1.01631081,42904.6783,0xd9a24792a,69840347152,1020cf4210000000
VSH-256,36,20,TRUNCATED_PREIMAGE_TARGET_001|rep=20,0x57239b94b,8,parallel_disjoint_chunked,1,yes,75523116588,68719476736,36.136199,1.09900599,46346.26654,0x57239b94b,75523116587,2b4e879511000000
VSH-256,36,17,TRUNCATED_PREIMAGE_TARGET_001|rep=17,0x9abd87b47,8,parallel_disjoint_chunked,1,yes,79808440927,68719476736,36.215822,1.16136567,49157.29613,0x9abd87b47,79808440926,5e2af49412000000
VSH-256,36,23,TRUNCATED_PREIMAGE_TARGET_001|rep=23,0xba4e78c7c,8,parallel_disjoint_chunked,1,yes,85598570571,68719476736,36.316868,1.24562314,52813.25089,0xba4e78c7c,85598570570,4a8812ee13000000
VSH-256,36,27,TRUNCATED_PREIMAGE_TARGET_001|rep=27,0x1f77a017c,8,parallel_disjoint_chunked,1,yes,88116107542,68719476736,36.358687,1.28225813,54107.75102,0x1f77a017c,88116107541,1.51922E+15
VSH-256,36,21,TRUNCATED_PREIMAGE_TARGET_001|rep=21,0x6713347a2,8,parallel_disjoint_chunked,1,yes,88554078684,68719476736,36.36584,1.28863145,55090.49366,0x6713347a2,88554078683,db013c9e14000000
VSH-256,36,15,TRUNCATED_PREIMAGE_TARGET_001|rep=15,0x8ae22c607,8,parallel_disjoint_chunked,1,yes,90101772765,68719476736,36.390836,1.31115336,57942.16166,0x8ae22c607,90101772764,dcf17bfa14000000
VSH-256,36,8,TRUNCATED_PREIMAGE_TARGET_001|rep=8,0x7c308acd7,8,parallel_disjoint_chunked,1,yes,95312998877,68719476736,36.471954,1.38698668,58666.94835,0x7c308acd7,95312998876,dcf1183116000000
VSH-256,36,29,TRUNCATED_PREIMAGE_TARGET_001|rep=29,0x92e1b9df0,8,parallel_disjoint_chunked,1,yes,1.02451E+11,68719476736,36.576149,1.49086388,63778.73732,0x92e1b9df0,1.02451E+11,ad1494da17000000
VSH-256,36,5,TRUNCATED_PREIMAGE_TARGET_001|rep=5,0xf8effb12b,8,parallel_disjoint_chunked,1,yes,1.11121E+11,68719476736,36.69334,1.61702252,69108.5543,0xf8effb12b,1.11121E+11,3f0053df19000000
VSH-256,36,28,TRUNCATED_PREIMAGE_TARGET_001|rep=28,0x2aa27dbd3,8,parallel_disjoint_chunked,1,yes,1.30005E+11,68719476736,36.919779,1.89182581,81263.88418,0x2aa27dbd3,1.30005E+11,7b24eb441e000000
VSH-256,36,14,TRUNCATED_PREIMAGE_TARGET_001|rep=14,0x2a92eefb7,8,parallel_disjoint_chunked,1,yes,2.15855E+11,68719476736,37.651273,3.14110686,136113.7197,0x2a92eefb7,2.15855E+11,1044f94132000000
VSH-256,36,4,TRUNCATED_PREIMAGE_TARGET_001|rep=4,0x45c5b5973,8,parallel_disjoint_chunked,1,yes,2.18428E+11,68719476736,37.668364,3.17853937,137746.0221,0x45c5b5973,2.18428E+11,83184cdb32000000
VSH-256,36,19,TRUNCATED_PREIMAGE_TARGET_001|rep=19,0xff51916e2,8,parallel_disjoint_chunked,1,yes,3.35463E+11,68719476736,38.287363,4.88163179,231703.6466,0xff51916e2,3.35463E+11,eeef291b4e000000
