algorithm,trunc_bits,repetition,seed_attempt,seed_state_hex,found,rho_meet_steps,mu,lambda,collision_index,hash_evaluations,expected_collision_steps,log2_collision_index,ratio_to_expected,seconds,input_a_hex,input_b_hex,collision_trunc_hex
SHA-3-256,16,15,0,0x314c,yes,25,15,25,40,185,320.8484,5.321928,0.12466946,0.000359,ccf543a0a06f35e7574d000000000000,ccf543a0a06f35e73d96000000000000,0x77da
SHA-3-256,16,20,0,0x6711,yes,29,2,29,31,153,320.8484,4.954196,0.09661883,0.000320,7eadfe024879342de7ef000000000000,7eadfe024879342d9356000000000000,0x8a18
SHA-3-256,16,6,0,0x5714,yes,268,26,268,294,1444,320.8484,8.199672,0.91632055,0.000993,6c5ab36bba7907cc82e5000000000000,6c5ab36bba7907cc8b1d000000000000,0x57b9
SHA-3-256,16,3,0,0x7452,yes,117,14,117,131,641,320.8484,7.033423,0.40829249,0.001131,1c21259c61ec16c8ecf6000000000000,1c21259c61ec16c824c7000000000000,0x7290
SHA-3-256,16,8,0,0xdc29,yes,94,13,94,107,522,320.8484,6.741467,0.33349081,0.000722,5740f471a9440c8659ca000000000000,5740f471a9440c868c5c000000000000,0x4339
SHA-3-256,16,10,0,0x6245,yes,85,39,85,124,581,320.8484,6.954196,0.38647533,0.001064,0e5ada96c0dc8552f80b000000000000,0e5ada96c0dc8552778e000000000000,0x44bd
SHA-3-256,16,28,0,0x40f1,yes,48,9,48,57,276,320.8484,5.832890,0.17765398,0.000470,bd47750ad62682ec3704000000000000,bd47750ad62682ec43a1000000000000,0xcf7f
SHA-3-256,16,4,0,0x22bd,yes,144,93,144,237,1092,320.8484,7.888743,0.73866657,0.002003,ffafb112246a291a1f75000000000000,ffafb112246a291a0f65000000000000,0xb609
SHA-3-256,16,29,0,0xee51,yes,88,1,88,89,444,320.8484,6.475733,0.27738955,0.000896,eaf4c5820782ff3751ee000000000000,eaf4c5820782ff37604e000000000000,0x7459
SHA-3-256,16,44,0,0xbb06,yes,24,22,4,26,168,320.8484,4.700440,0.08103515,0.000608,0c7fd7acdbccc41a5c78000000000000,0c7fd7acdbccc41a6dbc000000000000,0x2a95
SHA-3-256,16,26,0,0x0a2a,yes,107,15,107,122,595,320.8484,6.930737,0.38024186,0.001307,a1f0d28d539ba7f1ed2f000000000000,a1f0d28d539ba7f1d922000000000000,0x1ab7
SHA-3-256,16,9,0,0x0480,yes,176,138,44,182,1168,320.8484,7.507795,0.56724605,0.002106,9a95a0161723ec91d749000000000000,9a95a0161723ec91067a000000000000,0x1048
SHA-3-256,16,13,0,0x7e8b,yes,128,125,32,157,948,320.8484,7.294621,0.48932764,0.001965,21cb3dc6356bd7c7bdd5000000000000,21cb3dc6356bd7c7e2d9000000000000,0x15a9
SHA-3-256,16,40,0,0x1866,yes,45,11,45,56,269,320.8484,5.807355,0.17453725,0.000992,e83c1cf9f20fc4eb5e74000000000000,e83c1cf9f20fc4eb4d83000000000000,0x61dd
SHA-3-256,16,23,0,0x2e9d,yes,139,52,139,191,903,320.8484,7.577429,0.59529668,0.001725,2992e0407c1c9d449874000000000000,2992e0407c1c9d4406fe000000000000,0x16fb
SHA-3-256,16,30,0,0x15f0,yes,110,101,11,112,756,320.8484,6.807355,0.34907450,0.001496,5a5b45c6fc80411d65cb000000000000,5a5b45c6fc80411d879d000000000000,0xdbfa
SHA-3-256,16,35,0,0x6ecc,yes,135,86,135,221,1019,320.8484,7.787903,0.68879878,0.001344,5d47b9634b90708d4dc2000000000000,5d47b9634b90708d8114000000000000,0x665a
SHA-3-256,16,17,0,0xc2a6,yes,162,149,27,176,1136,320.8484,7.459432,0.54854564,0.002077,c4f18fb66e1e1c710fc5000000000000,c4f18fb66e1e1c71facf000000000000,0x7815
SHA-3-256,16,22,0,0x768a,yes,180,25,180,205,1000,320.8484,7.679480,0.63893100,0.001918,5a32cb4a078af09a9737000000000000,5a32cb4a078af09a4ab2000000000000,0xf9bb
SHA-3-256,16,32,0,0x4533,yes,280,91,280,371,1764,320.8484,8.535275,1.15630927,0.001616,d7aa7dcb29f2a7f5955a000000000000,d7aa7dcb29f2a7f56ab2000000000000,0x6a4c
SHA-3-256,16,7,0,0x1ed9,yes,186,106,93,199,1168,320.8484,7.636625,0.62023058,0.002672,7db1851857a524c01175000000000000,7db1851857a524c0b9ca000000000000,0x8dfb
SHA-3-256,16,16,0,0xcce7,yes,152,21,152,173,844,320.8484,7.434628,0.53919543,0.002167,12b1a7d57fdfe8801b7c000000000000,12b1a7d57fdfe8805001000000000000,0x8620
SHA-3-256,16,31,0,0x41d2,yes,168,145,24,169,1132,320.8484,7.400879,0.52672848,0.001977,8b64e526587287ed518e000000000000,8b64e526587287ed4ac5000000000000,0xf6da
SHA-3-256,16,2,0,0x3db8,yes,213,157,71,228,1409,320.8484,7.832890,0.71061594,0.003318,4b521ba5fac85c8cab22000000000000,4b521ba5fac85c8c9167000000000000,0xe7d8
SHA-3-256,16,12,0,0xc4a9,yes,171,159,171,330,1491,320.8484,8.366322,1.02852307,0.002891,e3900b589c6e2afdd5d4000000000000,e3900b589c6e2afd07eb000000000000,0xe091
SHA-3-256,16,18,0,0x9861,yes,216,86,216,302,1424,320.8484,8.238405,0.94125444,0.002809,28373285f36a3a8840da000000000000,28373285f36a3a88127a000000000000,0x0b32
SHA-3-256,16,5,0,0x7238,yes,377,20,377,397,1965,320.8484,8.632995,1.23734442,0.003487,ef7bf3caff7151515d28000000000000,ef7bf3caff7151517937000000000000,0xf01e
SHA-3-256,16,1,0,0xa1f5,yes,224,181,112,293,1620,320.8484,8.194757,0.91320381,0.003768,5186c9c2e6dfb079399b000000000000,5186c9c2e6dfb0797037000000000000,0xad9b
SHA-3-256,16,45,0,0x2bd4,yes,175,57,175,232,1103,320.8484,7.857981,0.72308288,0.002069,3495d19689b657fe01de000000000000,3495d19689b657fe09e9000000000000,0x39c3
SHA-3-256,16,46,0,0x367e,yes,198,127,198,325,1498,320.8484,8.344296,1.01293938,0.002629,a4a146f632b7f4dd859a000000000000,a4a146f632b7f4dd4e62000000000000,0x9e9c
SHA-3-256,16,0,0,0x23ea,yes,336,311,28,339,2308,320.8484,8.405141,1.05657370,0.004460,a21d2ce10971dc3c533d000000000000,a21d2ce10971dc3cd8ba000000000000,0xa9dc
SHA-3-256,16,37,0,0x68db,yes,201,42,201,243,1173,320.8484,7.924813,0.75736699,0.002997,e46b0d0603daed49e52e000000000000,e46b0d0603daed49613e000000000000,0xd98c
SHA-3-256,16,33,0,0x85ab,yes,196,92,196,288,1348,320.8484,8.169925,0.89762013,0.003225,5e4150fb877cad068587000000000000,5e4150fb877cad06796f000000000000,0xe4ab
SHA-3-256,16,48,0,0xb9d9,yes,319,54,319,373,1811,320.8484,8.543032,1.16254274,0.002772,e1aca7b43d44f737deb1000000000000,e1aca7b43d44f737d2bf000000000000,0x1595
SHA-3-256,16,34,0,0x9fe5,yes,314,64,314,378,1826,320.8484,8.562242,1.17812642,0.003346,ec9277c7f9ff8c0e24f4000000000000,ec9277c7f9ff8c0e0b84000000000000,0xc500
SHA-3-256,16,25,0,0x7d37,yes,318,216,106,322,2030,320.8484,8.330917,1.00358917,0.003941,300bda4460ffb422b1ee000000000000,300bda4460ffb4224992000000000000,0x3312
SHA-3-256,16,19,0,0x87ce,yes,350,326,25,351,2404,320.8484,8.455327,1.09397453,0.004232,1f8aed434161b3c8cc04000000000000,1f8aed434161b3c8ef80000000000000,0x8e7f
SHA-3-256,16,11,0,0xbce6,yes,243,226,243,469,2119,320.8484,8.873444,1.46174945,0.004681,db89337227a6b74d2714000000000000,db89337227a6b74dfcc9000000000000,0xbdfe
SHA-3-256,16,49,0,0x289a,yes,207,183,69,252,1491,320.8484,7.977280,0.78541761,0.003331,124fe697b7cfd3074d14000000000000,124fe697b7cfd3077ca6000000000000,0xbc0c
SHA-3-256,16,21,0,0x9b08,yes,348,302,87,389,2426,320.8484,8.603626,1.21241052,0.004485,71412abdf65c47f430a6000000000000,71412abdf65c47f4d9a7000000000000,0xc047
SHA-3-256,16,41,0,0x38ee,yes,552,541,138,679,4096,320.8484,9.407268,2.11626413,0.003830,8e7f99dd47b9aa581223000000000000,8e7f99dd47b9aa58e692000000000000,0x0abb
SHA-3-256,16,24,0,0x795d,yes,238,172,119,291,1640,320.8484,8.184875,0.90697034,0.004428,bf743d0c4bfae22f3954000000000000,bf743d0c4bfae22f9444000000000000,0x60d9
SHA-3-256,16,39,0,0x9140,yes,519,120,519,639,3075,320.8484,9.319672,1.99159467,0.004213,6c6d4d155a24449e4afa000000000000,6c6d4d155a24449efba9000000000000,0xcb6b
SHA-3-256,16,43,0,0xf2de,yes,386,244,386,630,2906,320.8484,9.299208,1.96354404,0.004271,1ba7d9b2e51e34ee3201000000000000,1ba7d9b2e51e34eefb3d000000000000,0x5898
SHA-3-256,16,14,0,0x508f,yes,548,81,548,629,3064,320.8484,9.296916,1.96042730,0.005268,fc9d2a21ed8579288664000000000000,fc9d2a21ed85792808cc000000000000,0x066b
SHA-3-256,16,42,0,0x775f,yes,420,321,140,461,2824,320.8484,8.848623,1.43681556,0.004287,c829ed4bd2c3985d4751000000000000,c829ed4bd2c3985dc17a000000000000,0x3256
SHA-3-256,16,36,0,0x296a,yes,411,193,411,604,2827,320.8484,9.238405,1.88250889,0.004560,ae209d273398a6b5b456000000000000,ae209d273398a6b56cf1000000000000,0xbf3c
SHA-3-256,16,27,0,0x1645,yes,390,241,390,631,2914,320.8484,9.301496,1.96666077,0.005100,3d53702dc9a580e67807000000000000,3d53702dc9a580e6692a000000000000,0x0aab
SHA-3-256,16,38,0,0x6913,yes,504,398,126,524,3356,320.8484,9.033423,1.63316996,0.004891,badac77bb6d261ddf7b0000000000000,badac77bb6d261dd9ab7000000000000,0xd353
SHA-3-256,16,47,0,0xdd47,yes,342,328,19,347,2376,320.8484,8.438792,1.08150759,0.005102,a5a4115605afff87bfd3000000000000,a5a4115605afff878ad5000000000000,0x50dc
SHA-3-256,24,21,0,0x68f41e,yes,461,402,461,863,3913,5133.5747,9.753217,0.16810898,0.004688,b1da9d73263c85839f3a8f0000000000,b1da9d73263c858375f5c00000000000,0x1894b1
SHA-3-256,24,9,0,0xb522ec,yes,822,778,411,1189,6400,5133.5747,10.215533,0.23161249,0.009205,01f6a5b7ec9eda438a0aca0000000000,01f6a5b7ec9eda439259800000000000,0x73a6b2
SHA-3-256,24,12,0,0x450dfc,yes,1883,1557,1883,3440,15643,5133.5747,11.748193,0.67009836,0.011452,710b6535e8e14ff000bdb00000000000,710b6535e8e14ff0167faa0000000000,0x11a610
SHA-3-256,24,3,0,0x01c566,yes,1881,479,1881,2360,11321,5133.5747,11.204571,0.45971864,0.012107,5d56f04db625f89c02fe3f0000000000,5d56f04db625f89c40ea610000000000,0x6e22f0
SHA-3-256,24,10,0,0xedae56,yes,2016,1988,96,2084,14192,5133.5747,11.025140,0.40595494,0.012518,2311113d69ee2d1db1b2140000000000,2311113d69ee2d1df077d80000000000,0x03e4ec
SHA-3-256,24,30,0,0x26f1c7,yes,2291,2276,79,2355,16135,5133.5747,11.201511,0.45874466,0.012236,1d7dce4ba77130dcf105a10000000000,1d7dce4ba77130dcd32bc10000000000,0x6c9c6a
SHA-3-256,24,28,0,0x54c6bb,yes,3033,2058,1011,3069,19353,5133.5747,11.583553,0.59782903,0.014571,c60b836a457a3dd48373040000000000,c60b836a457a3dd42f11f40000000000,0x82e0e9
SHA-3-256,24,45,0,0x101ea5,yes,2157,769,2157,2926,13861,5133.5747,11.514714,0.56997320,0.013934,db036be70ed4c43accfeaa0000000000,db036be70ed4c43a6c61c10000000000,0x0c7c7d
SHA-3-256,24,13,0,0xc0a0c6,yes,2070,2012,90,2102,14438,5133.5747,11.037547,0.40946127,0.016271,810644bfda17c783d569a00000000000,810644bfda17c7831a79690000000000,0xdb70b5
SHA-3-256,24,46,0,0x4c954e,yes,1938,1922,19,1941,13540,5133.5747,10.922584,0.37809910,0.016148,245b0b6b4f58e04ac8216b0000000000,245b0b6b4f58e04a2a3a070000000000,0x1ced47
SHA-3-256,24,43,0,0xa1b0f3,yes,2166,2142,57,2199,15180,5133.5747,11.102632,0.42835648,0.016808,d80f14b6ddc5f6d362ff630000000000,d80f14b6ddc5f6d3a239200000000000,0xeb9d0f
SHA-3-256,24,11,0,0xeeb4d8,yes,3861,3782,351,4133,27413,5133.5747,12.012974,0.80509201,0.020107,751ca01f993ac685d2f9e80000000000,751ca01f993ac6858e2fb70000000000,0x3cb6b5
SHA-3-256,24,31,0,0xdeb9c1,yes,5285,15,5285,5300,26485,5133.5747,12.371777,1.03241899,0.019310,63bc6c0940b4bf92d31df10000000000,63bc6c0940b4bf92d599460000000000,0x3b92e2
SHA-3-256,24,7,0,0xcebf49,yes,3360,3306,3360,6666,30024,5133.5747,12.702606,1.29851037,0.020575,c1d0932aaaf447fc0448b80000000000,c1d0932aaaf447fc0edb900000000000,0x1958cb
SHA-3-256,24,35,0,0xa1c405,yes,2191,2136,313,2449,15743,5133.5747,11.257977,0.47705549,0.020542,0eabd90b7e25211f9ffd0a0000000000,0eabd90b7e25211fbc8a0d0000000000,0x979172
SHA-3-256,24,26,0,0xcde487,yes,4653,3460,1551,5011,30901,5133.5747,12.290883,0.97612293,0.022422,d4d0ad5abac6da8b9ca06b0000000000,d4d0ad5abac6da8b5275250000000000,0xf107e9
SHA-3-256,24,22,0,0x097ce6,yes,3983,1734,3983,5717,26851,5133.5747,12.481043,1.11364893,0.025284,d9ff152d33f511c745d8380000000000,d9ff152d33f511c7b3ee3e0000000000,0xb51ff7
SHA-3-256,24,41,0,0x828e2f,yes,3236,1127,3236,4363,20688,5133.5747,12.091105,0.84989510,0.024621,1093f9f7d6489df2dd82f40000000000,1093f9f7d6489df266d5500000000000,0x16412f
SHA-3-256,24,16,0,0x1583ac,yes,5071,2168,5071,7239,34027,5133.5747,12.821575,1.41012850,0.025844,00bcde1a0cc746334a0c9e0000000000,00bcde1a0cc7463309e2180000000000,0xd6329c
SHA-3-256,24,24,0,0xf092db,yes,2941,1177,2941,4118,19413,5133.5747,12.007728,0.80217007,0.026383,8f42303b00d98de4ce049c0000000000,8f42303b00d98de443656d0000000000,0xab8575
SHA-3-256,24,8,0,0x0e81f3,yes,3360,3030,840,3870,23880,5133.5747,11.918118,0.75386066,0.027125,06fed7d07a49703f42b50f0000000000,06fed7d07a49703fd3cfbe0000000000,0x77e434
SHA-3-256,24,42,0,0x38aaba,yes,3801,798,3801,4599,22197,5133.5747,12.167104,0.89586697,0.026419,890ba22dcfbd7a5aeb7a0e0000000000,890ba22dcfbd7a5a20cc8b0000000000,0x2362a0
SHA-3-256,24,2,0,0xeefafc,yes,4256,1129,4256,5385,25796,5133.5747,12.394731,1.04897665,0.028326,158a1deadc5af4f9fc030c0000000000,158a1deadc5af4f909176a0000000000,0x7c436a
SHA-3-256,24,14,0,0xe7a52d,yes,4935,4840,1645,6485,37455,5133.5747,12.662891,1.26325229,0.028142,876e909222efc0b735eb350000000000,876e909222efc0b7f01c350000000000,0x47343b
SHA-3-256,24,19,0,0x998662,yes,4072,3198,1018,4216,27044,5133.5747,12.041659,0.82126009,0.028991,f6afbf24c1707856a8efb20000000000,f6afbf24c1707856df0a230000000000,0x46349d
SHA-3-256,24,29,0,0x543045,yes,3929,1796,3929,5725,26829,5133.5747,12.483060,1.11520730,0.029483,ebcb3acc6dc8c0cbfc6e000000000000,ebcb3acc6dc8c0cb4de21f0000000000,0xb61bb4
SHA-3-256,24,40,0,0x057917,yes,3367,3356,91,3447,23707,5133.5747,11.751126,0.67146193,0.028998,be8661fcbaf4bbe8f268b40000000000,be8661fcbaf4bbe876fe890000000000,0x651841
SHA-3-256,24,18,0,0x67cded,yes,4968,226,4968,5194,25744,5133.5747,12.342630,1.01177061,0.030538,0f21b2507bcbb38859b6c00000000000,0f21b2507bcbb38868114d0000000000,0xc1f5f4
SHA-3-256,24,5,0,0x7ace09,yes,3678,2322,3678,6000,27678,5133.5747,12.550747,1.16877621,0.031917,a97e5df622bbb180fc7dae0000000000,a97e5df622bbb180b5e6da0000000000,0xf0cd06
SHA-3-256,24,27,0,0x8d012b,yes,3323,2681,3323,6004,27339,5133.5747,12.551708,1.16955540,0.031707,5aaef466ef8f194dea0d730000000000,5aaef466ef8f194d839d510000000000,0x00b5b5
SHA-3-256,24,0,0,0x97ec2e,yes,4752,4487,432,4919,33068,5133.5747,12.264149,0.95820170,0.033892,7410eee6a1fc269e3b8a960000000000,7410eee6a1fc269ec935b30000000000,0xe88270
SHA-3-256,24,34,0,0x9d9fa0,yes,4172,3684,1043,4727,29338,5133.5747,12.206709,0.92080086,0.033029,d58f93688d95c871fa09080000000000,d58f93688d95c8713c05b40000000000,0xcd0212
SHA-3-256,24,1,0,0x1ae1b6,yes,4667,4333,359,4692,32051,5133.5747,12.195987,0.91398300,0.037253,6d5571b76e88335c95f27e0000000000,6d5571b76e88335c397fbc0000000000,0x3a462b
SHA-3-256,24,44,0,0x689720,yes,4940,2800,2470,5270,30960,5133.5747,12.363587,1.02657511,0.036845,03ee32024c43a1e2050f5c0000000000,03ee32024c43a1e2772f9f0000000000,0x260c51
SHA-3-256,24,4,0,0x6b6bb5,yes,7743,4492,7743,12235,56683,5133.5747,13.578726,2.38332949,0.039416,fdb5eb07e5d47e4f1228ca0000000000,fdb5eb07e5d47e4fffb4de0000000000,0xb84e60
SHA-3-256,24,38,0,0xf58c54,yes,6180,1421,6180,7601,36584,5133.5747,12.891974,1.48064466,0.038009,0a147dbdc34cb86e3aa5850000000000,0a147dbdc34cb86e574ae90000000000,0x63bd38
SHA-3-256,24,37,0,0x9e418c,yes,6292,6234,242,6476,44296,5133.5747,12.660887,1.26149912,0.038321,87a0fa4463cccd34eeaee10000000000,87a0fa4463cccd346f7fed0000000000,0x50a890
SHA-3-256,24,23,0,0x3c6459,yes,3899,3215,3899,7114,32355,5133.5747,12.796445,1.38577900,0.039233,d3cbacf1bf7e26f8fb11290000000000,d3cbacf1bf7e26f8b96f200000000000,0x25d977
SHA-3-256,24,36,0,0x1d7461,yes,7473,5710,2491,8201,50241,5133.5747,13.001584,1.59752229,0.038811,5a64dfc8a0e3201fb363e90000000000,5a64dfc8a0e3201f559c9a0000000000,0x2eb559
SHA-3-256,24,39,0,0x3df0c0,yes,5004,4143,1251,5394,34086,5133.5747,12.397140,1.05072981,0.040151,7576d8c6968b307c283f490000000000,7576d8c6968b307c40ac1c0000000000,0x4d856b
SHA-3-256,24,48,0,0x6ed03e,yes,5744,3654,5744,9398,43336,5133.5747,13.198138,1.83069314,0.040401,425ccae674b5a0c24292ed0000000000,425ccae674b5a0c29187e60000000000,0x3bc740
SHA-3-256,24,17,0,0x0e3482,yes,8643,4149,8643,12792,59811,5133.5747,13.642954,2.49183088,0.042745,807b93d0a48622a2a78db80000000000,807b93d0a48622a2e9d4550000000000,0xf50476
SHA-3-256,24,15,0,0x779932,yes,4666,2848,4666,7514,34722,5133.5747,12.875365,1.46369741,0.043610,85f029f89e8f458c7927100000000000,85f029f89e8f458cd157910000000000,0x669444
SHA-3-256,24,33,0,0x37f8ff,yes,7982,654,7982,8636,42526,5133.5747,13.076148,1.68225856,0.044466,e61f8b91de4174ff6b84d10000000000,e61f8b91de4174ffef3ea30000000000,0x97d3ff
SHA-3-256,24,6,0,0x1eed62,yes,6826,1243,6826,8069,39102,5133.5747,12.978174,1.57180921,0.046209,da5fd79b7c30992828b65c0000000000,da5fd79b7c309928acb32a0000000000,0xc54686
SHA-3-256,24,47,0,0x8fcd71,yes,5150,4974,2575,7549,40496,5133.5747,12.882070,1.47051527,0.046696,fe8dcd68bd5ee526c2ebd30000000000,fe8dcd68bd5ee5260198e70000000000,0x8a4ec1
SHA-3-256,24,25,0,0x2b9daf,yes,9308,1088,9308,10396,50892,5133.5747,13.343741,2.02509958,0.050558,53b7526715dd7984ba07510000000000,53b7526715dd7984ea43600000000000,0x49de3e
SHA-3-256,24,32,0,0xed70d6,yes,6498,6330,1083,7413,46980,5133.5747,12.855842,1.44402301,0.051652,665db64fb265eadfda7e5d0000000000,665db64fb265eadff989d90000000000,0x89ebcd
SHA-3-256,24,20,0,0xc3150c,yes,10052,8748,2513,11261,70174,5133.5747,13.459047,2.19359815,0.052176,b22aef30b503e5a2a194c50000000000,b22aef30b503e5a2a6814d0000000000,0x0dcae9
SHA-3-256,24,49,0,0x1e08c9,yes,7760,7337,1940,9277,56508,5133.5747,13.179443,1.80712282,0.051754,21585cd3636e8f8be5f6330000000000,21585cd3636e8f8b1091910000000000,0x3ef758
SHA-3-256,32,5,0,0x0d7eb900,yes,12067,9767,12067,21834,99403,82137.1953,14.414289,0.26582354,0.068199,b50703fab5387861dc01f76000000000,b50703fab538786110431ef600000000,0x58e03aa3
SHA-3-256,32,26,0,0x95fd3161,yes,13792,7184,13792,20976,97696,82137.1953,14.356452,0.25537760,0.067317,e50a2f682914a75e17f4f0cf00000000,e50a2f682914a75e63e171f700000000,0xafcfcf43
SHA-3-256,32,7,0,0x414bde21,yes,15013,829,15013,15842,78381,82137.1953,13.951467,0.19287242,0.095418,c38aeee1023401a31525905200000000,c38aeee1023401a31a0cf42f00000000,0x7b18ae2e
SHA-3-256,32,24,0,0xb16e9707,yes,24491,9231,24491,33722,159379,82137.1953,15.041402,0.41055699,0.191931,20ec1f19e9393c3aac9311ab00000000,20ec1f19e9393c3a081415d300000000,0x975bc8ba
SHA-3-256,32,17,0,0x462c40f4,yes,22680,21961,2835,24796,161554,82137.1953,14.597820,0.30188516,0.195411,bf9f3e45c64f0f4e653623e400000000,bf9f3e45c64f0f4e5fef2bb200000000,0x089f45e9
SHA-3-256,32,45,0,0x8f0e1581,yes,34958,21768,34958,56726,261862,82137.1953,15.791723,0.69062499,0.225240,c4c72ba33b3210521de9e57b00000000,c4c72ba33b321052a85eeaca00000000,0x29bcb351
SHA-3-256,32,8,0,0x43ed61ec,yes,48200,42711,9640,52351,334724,82137.1953,15.675929,0.63736045,0.251645,3f695c36a9ee291cc104da9300000000,3f695c36a9ee291ce64b0af200000000,0xc30e5b6e
SHA-3-256,32,15,0,0x736dbf4a,yes,36869,12725,36869,49594,235245,82137.1953,15.597878,0.60379466,0.253032,0c71f5aa2e0b201c4ecc021c00000000,0c71f5aa2e0b201ce9638d3200000000,0xa576ee8e
SHA-3-256,32,18,0,0xa71f1604,yes,58919,18227,58919,77146,367503,82137.1953,16.235304,0.93923343,0.254572,0c7fecf8f474eaa706f414eb00000000,0c7fecf8f474eaa7159f55a800000000,0x9c683c41
SHA-3-256,32,4,0,0xc3d9212f,yes,52202,13971,52202,66173,316894,82137.1953,16.013955,0.80563988,0.263361,706a31a8010e57e69e30d84300000000,706a31a8010e57e669a41b1100000000,0xf2df3911
SHA-3-256,32,12,0,0xa4224754,yes,58494,40148,29247,69395,394568,82137.1953,16.082544,0.84486693,0.271477,b890618291ed6002ed833e9300000000,b890618291ed60025db0cf0d00000000,0x8d52e8d8
SHA-3-256,32,11,0,0xd7759875,yes,64301,18804,64301,83105,396721,82137.1953,16.342648,1.01178278,0.274627,1091ffaf3f91106b888acc0b00000000,1091ffaf3f91106bdfead1a900000000,0x156b19f9
SHA-3-256,32,39,0,0x627a4b5e,yes,47146,16988,47146,64134,303682,82137.1953,15.968802,0.78081556,0.279431,1967797a312321926d9efa5f00000000,1967797a3123219280fc854500000000,0xfbda0345
SHA-3-256,32,41,0,0x85df892c,yes,55464,2915,55464,58379,288980,82137.1953,15.833162,0.71074986,0.281794,03f1ef0e94f6066ac97ac31b00000000,03f1ef0e94f6066ada6633ba00000000,0xebdbf9fe
SHA-3-256,32,28,0,0xd896c609,yes,48009,603,48009,48612,242457,82137.1953,15.569025,0.59183905,0.292114,872f99ed079b1debf04dc75900000000,872f99ed079b1deb15453e8d00000000,0xf0bc8a87
SHA-3-256,32,31,0,0xa36be9d8,yes,63014,27177,63014,90191,423778,82137.1953,16.460696,1.09805308,0.293920,e29e9fec1c19ed1873bc3a6900000000,e29e9fec1c19ed182aa5b53c00000000,0xbc5fd437
SHA-3-256,32,14,0,0x0c7303be,yes,62393,34380,62393,96773,449485,82137.1953,16.562317,1.17818730,0.309464,4e6457c017696256b92fd4c000000000,4e6457c0176962569373719200000000,0x4e5972f0
SHA-3-256,32,0,0,0xa86c41f7,yes,65902,47670,32951,80621,454288,82137.1953,16.298868,0.98154070,0.311693,d7bee8631c824966db85de6f00000000,d7bee8631c824966c9ce47b400000000,0x8b30611c
SHA-3-256,32,23,0,0x795977c0,yes,74535,49826,24845,74671,472599,82137.1953,16.188260,0.90910092,0.326284,345318fd7b7a540eb23d7f8100000000,345318fd7b7a540e7b6339ca00000000,0x48db94d9
SHA-3-256,32,10,0,0xbb9b72e0,yes,44816,31691,22408,54099,306028,82137.1953,15.723314,0.65864192,0.344096,f3af82cfec14cda56423ae0c00000000,f3af82cfec14cda5239cba8500000000,0x350b2e6f
SHA-3-256,32,22,0,0xfc11fab1,yes,87953,17855,87953,105808,511185,82137.1953,16.691089,1.28818618,0.351661,4953b17389503be3b0fef94600000000,4953b17389503be3323bd74200000000,0xb37e3776
SHA-3-256,32,13,0,0x89a95e60,yes,53940,45613,10788,56401,365848,82137.1953,15.783433,0.68666820,0.364310,83e15e0dd2445d33e569c4a900000000,83e15e0dd2445d33b16bcdf300000000,0xcde81084
SHA-3-256,32,20,0,0x86c144cd,yes,48137,28623,48137,76760,355177,82137.1953,16.228067,0.93453398,0.370979,0e255b6064a1534ce2afc2ef00000000,0e255b6064a1534cebcac1fa00000000,0xa1212639
SHA-3-256,32,29,0,0xa0961c4c,yes,88258,25565,88258,113823,543550,82137.1953,16.796433,1.38576682,0.372581,5545491aa5538129385a633100000000,5545491aa55381297427c8ca00000000,0xad9eee6c
SHA-3-256,32,35,0,0xde8a4af0,yes,50470,48795,25235,74030,397060,82137.1953,16.175822,0.90129691,0.384850,aeedd5b971f9e0b23f783d0e00000000,aeedd5b971f9e0b2c2ad07c500000000,0x9abcc6d1
SHA-3-256,32,46,0,0x73642247,yes,50805,43652,10161,53813,347345,82137.1953,15.715667,0.65515994,0.386300,8aeeeb6599b2ee1b980d451000000000,8aeeeb6599b2ee1be3bbbc3c00000000,0x77d19d37
SHA-3-256,32,27,0,0x00ba38d7,yes,83608,78087,11944,90031,587060,82137.1953,16.458134,1.09610512,0.401426,2d76762f45ccd353cc3d4ae400000000,2d76762f45ccd3537bf3db5300000000,0x284dc63e
SHA-3-256,32,19,0,0x9e1c2910,yes,57760,40541,28880,69421,393204,82137.1953,16.083085,0.84518347,0.406915,a72fc09b25b743ff84e3f0f700000000,a72fc09b25b743ff20c826a800000000,0x3fad4709
SHA-3-256,32,25,0,0x71444d31,yes,56406,37033,28203,65236,373756,82137.1953,15.993381,0.79423214,0.421190,b3c795d82963e8a6a063c30500000000,b3c795d82963e8a69ced43ed00000000,0x57ab7750
SHA-3-256,32,32,0,0x1010e2b5,yes,52373,43625,52373,95998,436365,82137.1953,16.550717,1.16875186,0.422219,14d6c87231f189a8092ccde100000000,14d6c87231f189a8e36c7c3600000000,0x9202dea3
SHA-3-256,32,21,0,0xce9c8f5d,yes,83970,76262,13995,90257,584948,82137.1953,16.461751,1.09885661,0.446428,ef0cc5b5c4cf5dfa32aa3d2700000000,ef0cc5b5c4cf5dfa2cc5383300000000,0x801820e3
SHA-3-256,32,16,0,0xeda05f31,yes,72010,42006,36005,78011,456064,82137.1953,16.251390,0.94976459,0.452366,3840b664422b16b40b3732a900000000,3840b664422b16b4f5a440c600000000,0xf3180330
SHA-3-256,32,6,0,0x5bd23f48,yes,69008,41709,34504,76213,442868,82137.1953,16.217749,0.92787439,0.468264,4c54d4704102b4f2d6f9324f00000000,4c54d4704102b4f26bf030bf00000000,0x37810c43
SHA-3-256,32,42,0,0x624a9d11,yes,73878,55229,24626,79855,491802,82137.1953,16.285095,0.97221484,0.466933,01c07a25e9f2d9284dc9862b00000000,01c07a25e9f2d9285b556f8700000000,0x3a096b75
SHA-3-256,32,43,0,0x546ac480,yes,95245,78052,19049,97101,636041,82137.1953,16.567199,1.18218061,0.479089,811d1aed13141ab7984803cc00000000,811d1aed13141ab763a832e200000000,0x66954ae0
SHA-3-256,32,47,0,0xca6fa3f5,yes,90289,22640,90289,112929,542005,82137.1953,16.785056,1.37488259,0.489651,991f44629f8acb2c9eb6f2d100000000,991f44629f8acb2cbc7298f700000000,0xf43ec3f8
SHA-3-256,32,36,0,0x7a894a25,yes,60895,53158,60895,114053,517107,82137.1953,16.799345,1.38856701,0.499899,5f8776b25dfabb353e3964b500000000,5f8776b25dfabb353ad40bcf00000000,0x702d5dca
SHA-3-256,32,38,0,0xb890fc1d,yes,75756,47849,37878,85727,494420,82137.1953,16.387462,1.04370498,0.504156,d13eb0f26db0127dad7dfb5700000000,d13eb0f26db0127d53b5f51100000000,0x5e24a9d6
SHA-3-256,32,40,0,0x4768e6fe,yes,100728,54498,50364,104862,620904,82137.1953,16.678132,1.27666887,0.506310,1a976eeba9badfb30e268f5a00000000,1a976eeba9badfb34b1cf95300000000,0xbc077d1e
SHA-3-256,32,48,0,0x8cde5ada,yes,79915,76689,15983,92672,578467,82137.1953,16.499846,1.12825864,0.519756,5a944c7e672747333921a49100000000,5a944c7e672747330c479f9100000000,0x9c05adfe
SHA-3-256,32,9,0,0xdb10825c,yes,110700,61148,110700,171848,798092,82137.1953,17.390774,2.09220682,0.549886,cae602954a2618543268483e00000000,cae602954a2618549729232200000000,0xe231b555
SHA-3-256,32,33,0,0x43cec31c,yes,89076,81219,29692,110911,651488,82137.1953,16.759043,1.35031394,0.558072,75f1b02691cc4d13e8d9171000000000,75f1b02691cc4d13388a902c00000000,0xab78f44d
SHA-3-256,32,44,0,0x41887049,yes,105862,31182,105862,137044,654038,82137.1953,17.064280,1.66847674,0.586332,6508727c4f421cd5e850dc6400000000,6508727c4f421cd5ff81ef9500000000,0x911e4d82
SHA-3-256,32,34,0,0x062a91c7,yes,100726,75025,50363,125388,703004,82137.1953,16.936040,1.52656783,0.607648,0d67f0f8d57203fc38dd828600000000,0d67f0f8d57203fc223c0dc100000000,0x97bc44d5
SHA-3-256,32,2,0,0xba0d7e15,yes,131744,83533,65872,149405,861108,82137.1953,17.188869,1.81896885,0.700799,85a972804c1eb5bad00bf6a100000000,85a972804c1eb5baebd11c2a00000000,0xaf728ac6
SHA-3-256,32,30,0,0xdac78252,yes,128742,89425,42914,132339,829754,82137.1953,17.013879,1.61119453,0.715082,dee5ea47f9e4f0eddba12e8100000000,dee5ea47f9e4f0ed7214b16800000000,0xfc58e000
SHA-3-256,32,1,0,0xa67fbd96,yes,128434,82437,64217,146654,843484,82137.1953,17.162057,1.78547611,0.717570,e416ca14d6f1adecd34e7ec400000000,e416ca14d6f1adecbc9cd6c300000000,0x56b1a2de
SHA-3-256,32,49,0,0x484f272b,yes,115452,106201,38484,144685,848128,82137.1953,17.142556,1.76150402,0.748650,508313044d5b4878db28112900000000,508313044d5b487829675e3b00000000,0x986294d9
SHA-3-256,32,3,0,0x30880045,yes,132780,99668,44260,143928,885532,82137.1953,17.134988,1.75228774,0.780838,95840d944cd98e500828986c00000000,95840d944cd98e50da3e06ee00000000,0x22786dcc
SHA-3-256,32,37,0,0x117194e2,yes,148100,144085,7405,151490,1035450,82137.1953,17.208863,1.84435321,0.884961,94c60caae2810ffa4b854bd100000000,94c60caae2810ffa35ba21ec00000000,0x072ac059
SHA-3-256,40,9,0,0x336eb8194e,yes,195352,148101,48838,196939,1276136,1314195.1248,17.587389,0.14985522,0.869807,c2331761dd063ec67df238a502000000,c2331761dd063ec6040eee3051000000,0x3b3d3b02b7
SHA-3-256,40,29,0,0xa149bbc794,yes,229100,181879,114550,296429,1643916,1314195.1248,18.177327,0.22555935,1.127094,849f63ca04b7b8f7345cd78591000000,849f63ca04b7b8f7f044155b48000000,0xe213567bb6
SHA-3-256,40,4,0,0xdabf65253a,yes,412415,289717,412415,702132,3220943,1314195.1248,19.421383,0.53426769,2.195566,710f702e3bb5e0c23ebb495215000000,710f702e3bb5e0c2c86b9b25b0000000,0xb7c7791c77
SHA-3-256,40,10,0,0x78669c9eca,yes,483995,427502,96799,524301,3355591,1314195.1248,19.000036,0.39895217,2.287204,cba2210f2069d00bdcff5eac0b000000,cba2210f2069d00b03bbe6db69000000,0x8cc3061998
SHA-3-256,40,3,0,0xeeaec2c9e9,yes,613528,600425,153382,753807,4549048,1314195.1248,19.523836,0.57358834,3.091614,26b495542f049c43ea41970d20000000,26b495542f049c4375063e908f000000,0x2cd94dcba7
SHA-3-256,40,0,0,0x518da257a4,yes,902302,4484,902302,906786,4529446,1314195.1248,19.790403,0.68999343,3.093309,1aefd81c3a635c5d6e7aa2e8aa000000,1aefd81c3a635c5d615814eae8000000,0xdcd30a6845
SHA-3-256,40,22,0,0x031a2c9c2b,yes,881964,114737,881964,996701,4868768,1314195.1248,19.926801,0.75841173,3.314501,8311225db01e42a1ef65905b7f000000,8311225db01e42a1098b971d58000000,0xf4befe9bbf
SHA-3-256,40,18,0,0xea8aed16f3,yes,703612,560170,351806,911976,5055128,1314195.1248,19.798636,0.69394261,3.439598,4f4e169f0ae1171b455e50ae79000000,4f4e169f0ae1171bafff1a3cf1000000,0x8b82c65300
SHA-3-256,40,17,0,0xcc32deafd0,yes,739323,586747,246441,833188,5057839,1314195.1248,19.668283,0.63399109,3.502959,715ec0ff9aec415eaa5a4858f5000000,715ec0ff9aec415e1f027c4915000000,0x7f5e1a3576
SHA-3-256,40,14,0,0x337ee83f6a,yes,859774,300343,859774,1160117,5500242,1314195.1248,20.145839,0.88275856,3.753057,13ce3e54e010de3a22737352c7000000,13ce3e54e010de3a40fcd23c2c000000,0xb0d41b09d4
SHA-3-256,40,7,0,0x588f75ad4d,yes,785941,395261,785941,1181202,5510749,1314195.1248,20.171824,0.89880260,3.755429,441d48bebbddc8dba28ce39eef000000,441d48bebbddc8dbfe2942a5fb000000,0x9c0dbc48d4
SHA-3-256,40,13,0,0x6b4c28ef0c,yes,698747,510088,698747,1208835,5534087,1314195.1248,20.205186,0.91982916,3.767198,d2c8be6512f70d878cc9f2eede000000,d2c8be6512f70d874fcac51106000000,0xd8970c6b4f
SHA-3-256,40,21,0,0xe642aa18dc,yes,1138884,114787,1138884,1253671,6153568,1314195.1248,20.257727,0.95394586,4.189554,707c44311812ee8f25e77ede93000000,707c44311812ee8f32218a1536000000,0x165b774ad4
SHA-3-256,40,1,0,0x0c57c97c27,yes,788049,769437,262683,1032120,5967261,1314195.1248,19.977179,0.78536283,4.230509,847ca66e788bf2e31b5870958b000000,847ca66e788bf2e3ffb816a46d000000,0x47efce7404
SHA-3-256,40,20,0,0x629460851c,yes,816546,748129,408273,1156402,6258700,1314195.1248,20.141212,0.87993174,4.261520,b1e7a268bdef81df8b31384a5a000000,b1e7a268bdef81df5e7fcd2f25000000,0x2e915de8f6
SHA-3-256,40,15,0,0x8e8fba7737,yes,911100,695198,455550,1150748,6425192,1314195.1248,20.134141,0.87562948,4.389721,a1e2835c45391cea2c69b6d78e000000,a1e2835c45391ceaaf4041e2c5000000,0x1c8e1cd81e
SHA-3-256,40,19,0,0x7ed227ae20,yes,1365561,135829,1365561,1501390,7371121,1314195.1248,20.517867,1.14244070,5.076510,70247e9ec464898681f7982b3f000000,70247e9ec46489865f3b5185b9000000,0x59cf5e4bd2
SHA-3-256,40,8,0,0xc4a18096ea,yes,1456397,217701,1456397,1674098,8152789,1314195.1248,20.674953,1.27385802,5.555877,0fc121ea38a314985cddbaaa77000000,0fc121ea38a314987a5868aa51000000,0xb35c889841
SHA-3-256,40,26,0,0x29174397d9,yes,1337791,415938,1337791,1753729,8352707,1314195.1248,20.741994,1.33445100,5.678260,4e02158e29ced56aca306f28be000000,4e02158e29ced56ac2e3cb3008000000,0xb453a9d5a9
SHA-3-256,40,25,0,0xb966b77d4e,yes,1424129,389018,1424129,1813147,8676717,1314195.1248,20.790064,1.37966347,5.905630,bcd57869ddc74bf99b8e185786000000,bcd57869ddc74bf95093812217000000,0x9710f48eda
SHA-3-256,40,11,0,0x13a0a9cf67,yes,1327320,781604,1327320,2108924,9763016,1314195.1248,21.008076,1.60472670,6.649283,43693173b8988761862eb588ee000000,43693173b8988761e3bc1bea5d000000,0x882fd4e92d
SHA-3-256,40,6,0,0x7f37f53c4c,yes,1305973,925229,1305973,2231202,10230781,1314195.1248,21.089390,1.69777072,6.963755,68ec8810fb3e1605d5aa37ef91000000,68ec8810fb3e1605fe86f9b932000000,0x4060751eb3
SHA-3-256,40,28,0,0xa90662f673,yes,1716049,528706,1716049,2244755,10695069,1314195.1248,21.098127,1.70808349,7.282228,6e64537332285d9eb634561534000000,6e64537332285d9ead6a5ca711000000,0x729cb6eb01
SHA-3-256,40,23,0,0x8b753c2473,yes,1380248,945406,1380248,2325654,10682864,1314195.1248,21.149205,1.76964132,7.297438,dbeb6de2a941a3ee4720485875000000,dbeb6de2a941a3eea5db98b0e1000000,0x21029f1b10
SHA-3-256,40,5,0,0x82d5676dea,yes,2162932,57630,2162932,2220562,11045180,1314195.1248,21.082493,1.68967451,7.515101,a09296cefb9e78e92bebc2493e000000,a09296cefb9e78e92d1658249f000000,0x3e97bf34d1
SHA-3-256,40,24,0,0x604d822a32,yes,1896618,423674,1896618,2320292,11177786,1314195.1248,21.145875,1.76556126,7.630186,be640191f9efa69ba8fafac5ff000000,be640191f9efa69bf7d9971899000000,0x36b18473e7
SHA-3-256,40,16,0,0xf4f2c10c2e,yes,1702211,1679507,34739,1714246,11894139,1314195.1248,20.709143,1.30440752,8.100642,b83092a9327945d4ccebdd04b5000000,b83092a9327945d4d135c9a3b2000000,0xe206593613
SHA-3-256,40,12,0,0xf7e4a5c297,yes,1787098,1369461,893549,2263010,12626236,1314195.1248,21.109812,1.72197412,8.591696,ee21b37b0ba722f898a9fd5781000000,ee21b37b0ba722f8dd201cb0c2000000,0xfc14272a22
SHA-3-256,40,27,0,0x12e9d476f2,yes,1808148,1802949,150679,1953628,12937598,1314195.1248,20.897724,1.48655855,8.893538,fcdeae4fc1ac43760aa096b26e000000,fcdeae4fc1ac4376b9e4f9149d000000,0x96b9f460ea
SHA-3-256,40,2,0,0x3d7526e779,yes,2239580,2187232,223958,2411190,15915584,1314195.1248,21.201314,1.83472755,10.821447,ad1bf5ef1ee0b46d512a94ca3f000000,ad1bf5ef1ee0b46d6f1715187c000000,0x71b425d281
SHA-3-256,48,4,0,0x9caac76bfb88,yes,5805697,140750,5805697,5946447,29591485,21027121.9976,22.503596,0.28279890,20.132320,1eaf4daf646ac546082f1138b7140000,1eaf4daf646ac546b1832f5976020000,0xf0e5f952a8eb
SHA-3-256,48,3,0,0xa2bd8a35d839,yes,7444891,5438281,7444891,12883172,58977579,21027121.9976,23.618985,0.61269307,40.128007,de5c89ccc644da0662816e6efddb0000,de5c89ccc644da060f86fdd6e8de0000,0xb62857dc06c8
SHA-3-256,48,5,0,0x1544d4cf27f1,yes,12323526,9662912,4107842,13770754,83837910,21027121.9976,23.715104,0.65490437,57.020384,d392fdad87fa9246b9f9a991f7180000,d392fdad87fa92467341a0522dc80000,0x769eb22e1ff1
SHA-3-256,48,2,0,0xf3f2c3582fc3,yes,14100528,2527378,14100528,16627906,80612152,21027121.9976,23.987103,0.79078373,58.283651,412ab69d4cb24125028fb2c8f7600000,412ab69d4cb241257f59872504090000,0xdd3d4e657537
SHA-3-256,48,6,0,0x8f6034b60ded,yes,14609560,12326538,7304780,19631318,107744392,21027121.9976,24.226654,0.93361888,73.229772,4999717fd7eb672de63461fc9b5a0000,4999717fd7eb672db2bad93f4e570000,0x5e610792d28c
SHA-3-256,48,0,0,0x202eabbd3530,yes,15541288,13837213,15541288,29378501,133055292,21027121.9976,24.808257,1.39717176,90.834706,d1cce5eb49817c9d38eafc31525c0000,d1cce5eb49817c9d65ce3d3682c70000,0x9e25d4bb64a0
SHA-3-256,48,1,0,0x8d5079aa5fe8,yes,21892553,21636389,465799,22102188,153154813,21027121.9976,24.397686,1.05112759,103.969701,5788fb6fb4d46d74a60983c0a59c0000,5788fb6fb4d46d745324cf13c0280000,0xa8140d6278d6
SHA-3-256,48,8,0,0xfc0dc1103642,yes,31750975,918209,31750975,32669184,162427711,21027121.9976,24.961427,1.55366883,110.298161,e34afe01d9ed179404101b607f430000,e34afe01d9ed17941704cfac2dba0000,0xd23439d5fd5c
SHA-3-256,48,9,0,0x569138121a84,yes,24653608,21677958,3521944,25199902,167716544,21027121.9976,24.586915,1.19844751,114.075547,a0ae2c3771c37e1cd5b21b92de260000,a0ae2c3771c37e1cb29dbf55c3f80000,0x71c75c9d9a66
SHA-3-256,48,7,0,0xcc9d25b3f68c,yes,29816868,28371817,4969478,33341295,212876828,21027121.9976,24.990807,1.58563283,144.793328,63d0e345b5a1311066f6f56f65960000,63d0e345b5a1311051de721bc5bb0000,0xd8984dbd7772
SHA-3-256,56,0,0,0x0ec1ee55539026,yes,40293826,3476522,40293826,43770348,215375218,336433951.9615,25.383451,0.13010086,146.482426,c096f586c95cc4bb72061208bbd1a000,c096f586c95cc4bb96296e8f0278c000,0x2891ff6147c31c
SHA-3-256,56,4,0,0x86d90e7938d376,yes,86534018,45230944,43267009,88497953,527059848,336433951.9615,26.399141,0.26304703,358.345863,d4346ec97e7e41db1b2eb8b1a319e800,d4346ec97e7e41db797c4cf6976d0700,0xd053eeba9dd0ab
SHA-3-256,56,2,0,0xf6cd1851d9ab01,yes,123743558,73867879,123743558,197611437,914189306,336433951.9615,27.558091,0.58737067,623.246002,a5e979261b68cac932b29c2608cbfc00,a5e979261b68cac928d07115c809c100,0x877937542dad0d
SHA-3-256,56,1,0,0x5c2df2a4b391bf,yes,233868331,178169528,233868331,412037859,1882019767,336433951.9615,28.618202,1.22472140,1290.401036,5b63f8bf32f6d1d5c3a361d92dbc1400,5b63f8bf32f6d1d5eb05d4ce4f989500,0xecf635602bcabb
SHA-3-256,56,3,0,0x19a2f8c0382999,yes,309763815,254560800,61952763,316513563,2071440171,336433951.9615,28.237692,0.94078960,1413.827356,3f459fb7cb7e38af55bcd0bdf554df00,3f459fb7cb7e38afd6584d62cbbb0100,0x7b6676355b7bff
