algorithm,trunc_bits,repetition,seed_attempt,seed_state_hex,message_salt_hex,projection,message_format,found,rho_meet_steps,mu,lambda,collision_index,hash_evaluations,expected_collision_steps,log2_collision_index,ratio_to_expected,seconds,input_a_hex,input_b_hex,collision_trunc_hex
SpVSH-320,16,34,0,0xac39,0x40565ca8c6d7a7a6,rightmost_mod_2t,LE64_salt_concat_LE64_state,yes,20,9,20,29,136,320.848419,4.857981,0.09038536,0.000821,a6a7d7c6a85c56400f5c000000000000,a6a7d7c6a85c56409c30000000000000,0xae4a
SpVSH-320,16,48,0,0x50dd,0x668591c9092d6408,rightmost_mod_2t,LE64_salt_concat_LE64_state,yes,16,1,16,17,84,320.848419,4.087463,0.05298452,0.000572,08642d09c9918566dd50000000000000,08642d09c9918566a85f000000000000,0x3ea6
SpVSH-320,16,16,0,0x9cd2,0xe59cf5c6c6ad5299,rightmost_mod_2t,LE64_salt_concat_LE64_state,yes,84,11,84,95,464,320.848419,6.569856,0.29608997,0.001602,9952adc6c6f59ce5bed7000000000000,9952adc6c6f59ce5bafd000000000000,0xb713
SpVSH-320,16,7,0,0x5ae6,0x8025e0295f179796,rightmost_mod_2t,LE64_salt_concat_LE64_state,yes,104,54,52,106,632,320.848419,6.727920,0.33037408,0.002053,9697175f29e0258083dc000000000000,9697175f29e02580051d000000000000,0x7fe3
SpVSH-320,16,40,0,0x4e69,0x29005a11c54bbbaf,rightmost_mod_2t,LE64_salt_concat_LE64_state,yes,26,22,26,48,218,320.848419,5.584963,0.14960336,0.001051,afbb4bc5115a00291784000000000000,afbb4bc5115a0029bdec000000000000,0xaa5d
SpVSH-320,16,0,0,0xb35c,0x08830a87b9fb3c0a,rightmost_mod_2t,LE64_salt_concat_LE64_state,yes,107,60,107,167,775,320.848419,7.383704,0.52049501,0.002513,0a3cfbb9870a830863e4000000000000,0a3cfbb9870a83083927000000000000,0x42c4
SpVSH-320,16,6,0,0x0844,0x2e974bf09527ec2d,rightmost_mod_2t,LE64_salt_concat_LE64_state,yes,212,126,106,232,1352,320.848419,7.857981,0.72308288,0.002382,2dec2795f04b972efdf3000000000000,2dec2795f04b972e62bc000000000000,0xe166
SpVSH-320,16,11,0,0x6515,0x91de4514825b23b4,rightmost_mod_2t,LE64_salt_concat_LE64_state,yes,66,64,22,86,498,320.848419,6.426265,0.26803934,0.002376,b4235b821445de91ffb4000000000000,b4235b821445de91096c000000000000,0x3a51
SpVSH-320,16,31,0,0x3d04,0xafde2d833a28d09e,rightmost_mod_2t,LE64_salt_concat_LE64_state,yes,191,84,191,275,1291,320.848419,8.103288,0.85710256,0.001852,9ed0283a832ddeafeb05000000000000,9ed0283a832ddeaf7003000000000000,0xd559
SpVSH-320,16,8,0,0x5076,0xf56794258efa6c60,rightmost_mod_2t,LE64_salt_concat_LE64_state,yes,74,45,74,119,550,320.848419,6.894818,0.37089165,0.002688,606cfa8e259467f59020000000000000,606cfa8e259467f59133000000000000,0x2489
SpVSH-320,16,13,0,0x84a7,0x15274173d70811c3,rightmost_mod_2t,LE64_salt_concat_LE64_state,yes,111,60,111,171,795,320.848419,7.417853,0.53296195,0.003009,c31108d7734127155243000000000000,c31108d7734127155305000000000000,0x8cd0
SpVSH-320,16,28,0,0xad36,0x5cefc3b4e5afb679,rightmost_mod_2t,LE64_salt_concat_LE64_state,yes,128,24,128,152,736,320.848419,7.247928,0.47374396,0.002598,79b6afe5b4c3ef5c5ea1000000000000,79b6afe5b4c3ef5c8d29000000000000,0x4d30
SpVSH-320,16,29,0,0xcc0d,0x038a21e80c6a1537,rightmost_mod_2t,LE64_salt_concat_LE64_state,yes,108,86,54,140,776,320.848419,7.129283,0.43634312,0.002655,37156a0ce8218a03e5d6000000000000,37156a0ce8218a03d199000000000000,0xe492
SpVSH-320,16,2,0,0x87a7,0xc42dfd883bce85a1,rightmost_mod_2t,LE64_salt_concat_LE64_state,yes,211,40,211,251,1215,320.848419,7.971544,0.78230088,0.003658,a185ce3b88fd2dc4a7c5000000000000,a185ce3b88fd2dc43861000000000000,0x6218
SpVSH-320,16,12,0,0xfeb4,0xc3e7a39a5c11f003,rightmost_mod_2t,LE64_salt_concat_LE64_state,yes,88,85,11,96,626,320.848419,6.584963,0.29920671,0.003316,03f0115c9aa3e7c36bf7000000000000,03f0115c9aa3e7c33401000000000000,0xe06a
SpVSH-320,16,1,0,0x1f06,0x5f0ccaf45efde61a,rightmost_mod_2t,LE64_salt_concat_LE64_state,yes,175,156,25,181,1199,320.848419,7.499846,0.56412932,0.003880,1ae6fd5ef4ca0c5f1765000000000000,1ae6fd5ef4ca0c5f4617000000000000,0x9954
SpVSH-320,16,3,0,0xff0d,0xaa691ff37fbd7e55,rightmost_mod_2t,LE64_salt_concat_LE64_state,yes,256,224,64,288,1792,320.848419,8.169925,0.89762013,0.004527,557ebd7ff31f69aa6073000000000000,557ebd7ff31f69aac921000000000000,0x163f
SpVSH-320,16,5,0,0x5487,0x4379acb0cf3aa123,rightmost_mod_2t,LE64_salt_concat_LE64_state,yes,442,9,442,451,2246,320.848419,8.816984,1.40564819,0.004650,23a13acfb0ac79435bc6000000000000,23a13acfb0ac7943b49e000000000000,0x9be8
SpVSH-320,16,35,0,0x7040,0x7285430a999f72b6,rightmost_mod_2t,LE64_salt_concat_LE64_state,yes,215,61,215,276,1319,320.848419,8.108524,0.86021929,0.003719,b6729f990a4385720c54000000000000,b6729f990a4385728cc6000000000000,0x57b1
SpVSH-320,16,26,0,0x530d,0x69eace2cccadc6cb,rightmost_mod_2t,LE64_salt_concat_LE64_state,yes,198,154,66,220,1342,320.848419,7.781360,0.68568204,0.004252,cbc6adcc2cceea69b70a000000000000,cbc6adcc2cceea69bf40000000000000,0x9d84
SpVSH-320,16,45,0,0x0e4c,0x5b124cfdbfce8f8f,rightmost_mod_2t,LE64_salt_concat_LE64_state,yes,328,18,328,346,1712,320.848419,8.434628,1.07839085,0.003730,8f8fcebffd4c125bc9f4000000000000,8f8fcebffd4c125bdbf8000000000000,0xd282
SpVSH-320,16,33,0,0xad50,0x9915e0e7e4df0562,rightmost_mod_2t,LE64_salt_concat_LE64_state,yes,180,8,180,188,932,320.848419,7.554589,0.58594647,0.004300,6205dfe4e7e01599a7b5000000000000,6205dfe4e7e015994dff000000000000,0x8ccc
SpVSH-320,16,14,0,0x1704,0xf0b11cb2c42f88b0,rightmost_mod_2t,LE64_salt_concat_LE64_state,yes,168,68,168,236,1112,320.848419,7.882643,0.73554983,0.004953,b0882fc4b21cb1f0fb64000000000000,b0882fc4b21cb1f0d670000000000000,0x2981
SpVSH-320,16,27,0,0xad5d,0x419a5214b7109991,rightmost_mod_2t,LE64_salt_concat_LE64_state,yes,275,14,275,289,1431,320.848419,8.174926,0.90073687,0.004778,919910b714529a41e8b7000000000000,919910b714529a41c57f000000000000,0x9738
SpVSH-320,16,10,0,0x48bf,0x818169553821b355,rightmost_mod_2t,LE64_salt_concat_LE64_state,yes,253,65,253,318,1525,320.848419,8.312883,0.99112223,0.005444,55b321385569818175f5000000000000,55b32138556981819462000000000000,0x9378
SpVSH-320,16,17,0,0x92a7,0x53f250e64b94764c,rightmost_mod_2t,LE64_salt_concat_LE64_state,yes,148,124,148,272,1236,320.848419,8.087463,0.84775235,0.005267,4c76944be650f253e7f8000000000000,4c76944be650f253490b000000000000,0x3247
SpVSH-320,16,39,0,0xc3c5,0xc6e8f7dcf2712950,rightmost_mod_2t,LE64_salt_concat_LE64_state,yes,188,66,188,254,1204,320.848419,7.988685,0.79165109,0.004635,502971f2dcf7e8c67549000000000000,502971f2dcf7e8c60514000000000000,0x6895
SpVSH-320,16,25,0,0xb543,0xd0bb9b2dee764473,rightmost_mod_2t,LE64_salt_concat_LE64_state,yes,276,72,276,348,1668,320.848419,8.442943,1.08462432,0.005236,734476ee2d9bbbd0b08b000000000000,734476ee2d9bbbd0bc55000000000000,0x74a0
SpVSH-320,16,9,0,0x2d38,0x3e1ec646a09f9df5,rightmost_mod_2t,LE64_salt_concat_LE64_state,yes,355,101,355,456,2179,320.848419,8.832890,1.42123187,0.005838,f59d9fa046c61e3e0688000000000000,f59d9fa046c61e3e509c000000000000,0xb9fb
SpVSH-320,16,43,0,0x4702,0xbfe29b8a4b18834c,rightmost_mod_2t,LE64_salt_concat_LE64_state,yes,214,30,214,244,1190,320.848419,7.930737,0.76048372,0.004691,4c83184b8a9be2bf242f000000000000,4c83184b8a9be2bf0eda000000000000,0x79d5
SpVSH-320,16,22,0,0xcfae,0xe91aafe6d99e8d7b,rightmost_mod_2t,LE64_salt_concat_LE64_state,yes,450,24,450,474,2346,320.848419,8.888743,1.47733313,0.005503,7b8d9ed9e6af1ae98cc0000000000000,7b8d9ed9e6af1ae99118000000000000,0x37f1
SpVSH-320,16,32,0,0x714f,0x854c16140d4388fb,rightmost_mod_2t,LE64_salt_concat_LE64_state,yes,163,32,163,195,943,320.848419,7.607330,0.60776363,0.005215,fb88430d14164c855985000000000000,fb88430d14164c85abd8000000000000,0x105a
SpVSH-320,16,44,0,0x5a61,0x837552da13c62f35,rightmost_mod_2t,LE64_salt_concat_LE64_state,yes,308,194,154,348,2008,320.848419,8.442943,1.08462432,0.004838,352fc613da52758338c1000000000000,352fc613da5275831dae000000000000,0xaa30
SpVSH-320,16,21,0,0x7594,0x4f302dfe267335eb,rightmost_mod_2t,LE64_salt_concat_LE64_state,yes,247,37,247,284,1383,320.848419,8.149747,0.88515318,0.005909,eb357326fe2d304f215f000000000000,eb357326fe2d304fc752000000000000,0xd63c
SpVSH-320,16,37,0,0x219e,0x62fb1154eb307154,rightmost_mod_2t,LE64_salt_concat_LE64_state,yes,211,85,211,296,1395,320.848419,8.209453,0.92255402,0.005577,547130eb5411fb62cf46000000000000,547130eb5411fb62b059000000000000,0x7737
SpVSH-320,16,47,0,0x6d0c,0xda32249af54e71b1,rightmost_mod_2t,LE64_salt_concat_LE64_state,yes,199,63,199,262,1247,320.848419,8.033423,0.81658498,0.005486,b1714ef59a2432daac19000000000000,b1714ef59a2432daee78000000000000,0x6784
SpVSH-320,16,46,0,0xe007,0x6055b67b0bf8c1ec,rightmost_mod_2t,LE64_salt_concat_LE64_state,yes,162,109,54,163,1030,320.848419,7.348728,0.50802806,0.005601,ecc1f80b7bb65560d53f000000000000,ecc1f80b7bb65560aa39000000000000,0x2732
SpVSH-320,16,15,0,0x604c,0x72c33819823e3ee1,rightmost_mod_2t,LE64_salt_concat_LE64_state,yes,256,254,64,318,1912,320.848419,8.312883,0.99112223,0.006831,e13e3e821938c372627d000000000000,e13e3e821938c3729e4e000000000000,0xd5a4
SpVSH-320,16,23,0,0xd6ee,0xa5fa6362630995ff,rightmost_mod_2t,LE64_salt_concat_LE64_state,yes,284,147,284,431,2008,320.848419,8.751544,1.34331346,0.007019,ff9509636263faa5b145000000000000,ff9509636263faa5b672000000000000,0xdc1a
SpVSH-320,16,30,0,0x9372,0x743779b5babc814e,rightmost_mod_2t,LE64_salt_concat_LE64_state,yes,243,148,243,391,1807,320.848419,8.611025,1.21864400,0.006922,4e81bcbab5793774af7d000000000000,4e81bcbab5793774afd3000000000000,0xde33
SpVSH-320,16,18,0,0x7675,0xad2a155594d12e91,rightmost_mod_2t,LE64_salt_concat_LE64_state,yes,400,398,16,414,2824,320.848419,8.693487,1.29032894,0.007877,912ed19455152aadf888000000000000,912ed19455152aadf26a000000000000,0xe771
SpVSH-320,16,42,0,0x4643,0x16613305fd7f7d75,rightmost_mod_2t,LE64_salt_concat_LE64_state,yes,294,172,294,466,2158,320.848419,8.864186,1.45239924,0.007077,757d7ffd05336116c95f000000000000,757d7ffd05336116b46e000000000000,0x7884
SpVSH-320,16,38,0,0xbd1d,0x0d3506abbde879cf,rightmost_mod_2t,LE64_salt_concat_LE64_state,yes,435,433,3,436,3043,320.848419,8.768184,1.35889714,0.007784,cf79e8bdab06350db0e2000000000000,cf79e8bdab06350d31f7000000000000,0xbf17
SpVSH-320,16,49,0,0x0d39,0x97b265e68b2d19bf,rightmost_mod_2t,LE64_salt_concat_LE64_state,yes,246,160,246,406,1870,320.848419,8.665336,1.26539505,0.007513,bf192d8be665b2971562000000000000,bf192d8be665b297cb93000000000000,0x0877
SpVSH-320,16,24,0,0xe226,0x14351a1114e0decf,rightmost_mod_2t,LE64_salt_concat_LE64_state,yes,420,368,84,452,2900,320.848419,8.820179,1.40876493,0.008466,cfdee014111a35141df3000000000000,cfdee014111a351477c8000000000000,0x78a3
SpVSH-320,16,4,0,0x9f3b,0x16a32345101327a7,rightmost_mod_2t,LE64_salt_concat_LE64_state,yes,361,140,361,501,2365,320.848419,8.968667,1.56148502,0.009203,a72713104523a316f290000000000000,a72713104523a316053a000000000000,0x1623
SpVSH-320,16,41,0,0xd621,0x6571f2cae6415418,rightmost_mod_2t,LE64_salt_concat_LE64_state,yes,356,216,178,394,2288,320.848419,8.622052,1.22799421,0.008339,185441e6caf271659fb6000000000000,185441e6caf27165cd4c000000000000,0xec25
SpVSH-320,16,20,0,0xf7cb,0x6a4c6d456673f8d1,rightmost_mod_2t,LE64_salt_concat_LE64_state,yes,389,219,389,608,2821,320.848419,9.247928,1.89497583,0.009369,d1f87366456d4c6ab4f2000000000000,d1f87366456d4c6ada03000000000000,0x9664
SpVSH-320,16,19,0,0xc5c1,0x65316020da3296a8,rightmost_mod_2t,LE64_salt_concat_LE64_state,yes,436,387,218,605,3292,320.848419,9.240791,1.88562562,0.010433,a89632da20603165a37a000000000000,a89632da2060316536a4000000000000,0x9f71
SpVSH-320,16,36,0,0x0392,0x8cda3bfb01dba9a8,rightmost_mod_2t,LE64_salt_concat_LE64_state,yes,582,109,582,691,3346,320.848419,9.432542,2.15366497,0.010002,a8a9db01fb3bda8c540c000000000000,a8a9db01fb3bda8cbbd0000000000000,0x698a
SpVSH-320,24,11,0,0xce5a49,0x27eba0b7f58cf3af,rightmost_mod_2t,LE64_salt_concat_LE64_state,yes,504,442,126,568,3532,5133.574706,9.149747,0.11064415,0.005239,aff38cf5b7a0eb2797bdc40000000000,aff38cf5b7a0eb27f4d1dd0000000000,0x6c8590
SpVSH-320,24,10,0,0x11d32f,0x52145a6cfc3844d8,rightmost_mod_2t,LE64_salt_concat_LE64_state,yes,972,603,486,1089,6300,5133.574706,10.088788,0.21213288,0.009827,d84438fc6c5a1452a1edf10000000000,d84438fc6c5a14523e3c450000000000,0x6790f4
SpVSH-320,24,5,0,0x7471c5,0xaee1f0cb64bb184b,rightmost_mod_2t,LE64_salt_concat_LE64_state,yes,1182,837,591,1428,8076,5133.574706,10.479780,0.27816874,0.019052,4b18bb64cbf0e1ae28289d0000000000,4b18bb64cbf0e1aefa58790000000000,0x16921f
SpVSH-320,24,34,0,0xecd973,0x944c18603dcdab91,rightmost_mod_2t,LE64_salt_concat_LE64_state,yes,1090,832,545,1377,7688,5133.574706,10.427313,0.26823414,0.019474,91abcd3d60184c94630a5b0000000000,91abcd3d60184c94b265020000000000,0x5e82ba
SpVSH-320,24,45,0,0xd782f5,0xc31ee465800cbb5f,rightmost_mod_2t,LE64_salt_concat_LE64_state,yes,1243,652,1243,1895,8823,5133.574706,10.887982,0.36913849,0.019110,5fbb0c8065e41ec35d9b1a0000000000,5fbb0c8065e41ec3d4aa8c0000000000,0x0a81d2
SpVSH-320,24,44,0,0x077a47,0x1cefef44fc2be008,rightmost_mod_2t,LE64_salt_concat_LE64_state,yes,1664,12,1664,1676,8368,5133.574706,10.710806,0.32647816,0.019341,08e02bfc44efef1cb9d17a0000000000,08e02bfc44efef1c96ba7a0000000000,0x99d74e
SpVSH-320,24,22,0,0x052a60,0xd5b0e96031756202,rightmost_mod_2t,LE64_salt_concat_LE64_state,yes,1583,159,1583,1742,8551,5133.574706,10.766529,0.33933469,0.021674,0262753160e9b0d5249f2c0000000000,0262753160e9b0d5010d5a0000000000,0x0cf53f
SpVSH-320,24,38,0,0xd1a8ce,0x0836269342a134a3,rightmost_mod_2t,LE64_salt_concat_LE64_state,yes,1281,1186,427,1613,9441,5133.574706,10.655531,0.31420601,0.021559,a334a14293263608db6ff50000000000,a334a142932636089c6ab10000000000,0x6aa5a4
SpVSH-320,24,14,0,0x89adcb,0x7e7d85fd1c043f09,rightmost_mod_2t,LE64_salt_concat_LE64_state,yes,1548,1541,12,1553,10832,5133.574706,10.600842,0.30251824,0.024006,093f041cfd857d7e7c25970000000000,093f041cfd857d7e6fbc430000000000,0xceacee
SpVSH-320,24,19,0,0x6a3191,0x6dbfabc2f468a0e0,rightmost_mod_2t,LE64_salt_concat_LE64_state,yes,3125,248,3125,3373,16617,5133.574706,11.719817,0.65704703,0.024454,e0a068f4c2abbf6d8027be0000000000,e0a068f4c2abbf6d2531a60000000000,0x9a1364
SpVSH-320,24,2,0,0xb2eaa0,0x5e4e118a81a3fa43,rightmost_mod_2t,LE64_salt_concat_LE64_state,yes,2849,2847,259,3106,20453,5133.574706,11.600842,0.60503649,0.025960,43faa3818a114e5e95c82b0000000000,43faa3818a114e5ea938220000000000,0x4f2e18
SpVSH-320,24,15,0,0xf7540c,0xff2621c1e4a842cf,rightmost_mod_2t,LE64_salt_concat_LE64_state,yes,2834,1532,2834,4366,20298,5133.574706,12.092096,0.85047949,0.025551,cf42a8e4c12126ff407d520000000000,cf42a8e4c12126fff1e6f80000000000,0x5987e6
SpVSH-320,24,13,0,0xffae13,0x67ff6996fb9f1e7c,rightmost_mod_2t,LE64_salt_concat_LE64_state,yes,2316,1889,2316,4205,19136,5133.574706,12.037890,0.81911733,0.027846,7c1e9ffb9669ff672166290000000000,7c1e9ffb9669ff67325bb10000000000,0xe608c1
SpVSH-320,24,4,0,0x0360cf,0x6b53f3880b354ba8,rightmost_mod_2t,LE64_salt_concat_LE64_state,yes,1893,820,1893,2713,12745,5133.574706,11.405673,0.52848164,0.028544,a84b350b88f3536b785a780000000000,a84b350b88f3536b684c580000000000,0xd9efa4
SpVSH-320,24,0,0,0x556751,0xbc61a5a56e089416,rightmost_mod_2t,LE64_salt_concat_LE64_state,yes,2716,626,2716,3342,16084,5133.574706,11.706496,0.65100835,0.030066,1694086ea5a561bcb47b280000000000,1694086ea5a561bc7c71e00000000000,0x4b98d6
SpVSH-320,24,20,0,0xb3bfcc,0xedccdc2f500171a3,rightmost_mod_2t,LE64_salt_concat_LE64_state,yes,2625,2117,525,2642,17393,5133.574706,11.367415,0.51465113,0.030563,a37101502fdccced135e560000000000,a37101502fdcccedc47c810000000000,0x415db1
SpVSH-320,24,32,0,0x5f3de6,0xb022dcf6a0b00c3d,rightmost_mod_2t,LE64_salt_concat_LE64_state,yes,1616,1408,1616,3024,13712,5133.574706,11.562242,0.58906321,0.032069,3d0cb0a0f6dc22b05208810000000000,3d0cb0a0f6dc22b0c150e70000000000,0x5c8869
SpVSH-320,24,3,0,0x1b98a9,0x34d1c7ca284b41c1,rightmost_mod_2t,LE64_salt_concat_LE64_state,yes,2882,347,2882,3229,15798,5133.574706,11.656872,0.62899640,0.038169,c1414b28cac7d13435fdf30000000000,c1414b28cac7d134e1215a0000000000,0x11fea2
SpVSH-320,24,18,0,0x564490,0x114bc3f16f00fe65,rightmost_mod_2t,LE64_salt_concat_LE64_state,yes,2000,1987,1000,2987,15948,5133.574706,11.544482,0.58185576,0.039240,65fe006ff1c34b11923a350000000000,65fe006ff1c34b11a9f70f0000000000,0xf06d5e
SpVSH-320,24,25,0,0x744dfa,0x5200925b6bb2fa10,rightmost_mod_2t,LE64_salt_concat_LE64_state,yes,4234,4108,146,4254,29426,5133.574706,12.054604,0.82866233,0.039451,10fab26b5b920052e194940000000000,10fab26b5b9200520226680000000000,0x39b289
SpVSH-320,24,26,0,0x4b4a64,0xfd672befc32ccb92,rightmost_mod_2t,LE64_salt_concat_LE64_state,yes,3468,5,3468,3473,17360,5133.574706,11.761967,0.67652663,0.041257,92cb2cc3ef2b67fd6fa2370000000000,92cb2cc3ef2b67fd9f45340000000000,0xf23485
SpVSH-320,24,21,0,0xfc2e28,0x837b8e091abaf6ea,rightmost_mod_2t,LE64_salt_concat_LE64_state,yes,5200,1842,5200,7042,33368,5133.574706,12.781770,1.37175368,0.045118,eaf6ba1a098e7b8362b6920000000000,eaf6ba1a098e7b8370478a0000000000,0x5a63ce
SpVSH-320,24,36,0,0xe35b0a,0xb646e4bdadd8d70c,rightmost_mod_2t,LE64_salt_concat_LE64_state,yes,3800,3214,950,4164,26156,5133.574706,12.023754,0.81113069,0.045702,0cd7d8adbde446b605e7da0000000000,0cd7d8adbde446b6b8902b0000000000,0x7ed39b
SpVSH-320,24,49,0,0xc2460e,0xa213e3b9705cc764,rightmost_mod_2t,LE64_salt_concat_LE64_state,yes,4047,298,4047,4345,21427,5133.574706,12.085140,0.84638877,0.045614,64c75c70b9e313a2a96c690000000000,64c75c70b9e313a26a72870000000000,0x5e013d
SpVSH-320,24,12,0,0x47e6c1,0x46284e883be4f241,rightmost_mod_2t,LE64_salt_concat_LE64_state,yes,4914,3023,4914,7937,36662,5133.574706,12.954378,1.54609613,0.048284,41f2e43b884e2846e1a96a0000000000,41f2e43b884e28461587a30000000000,0xaa33fc
SpVSH-320,24,42,0,0x4c0a8b,0xf06ed49abe4b23cc,rightmost_mod_2t,LE64_salt_concat_LE64_state,yes,3086,1220,3086,4306,20310,5133.574706,12.072133,0.83879173,0.048762,cc234bbe9ad46ef06f26570000000000,cc234bbe9ad46ef0176af30000000000,0x50b851
SpVSH-320,24,48,0,0x0ab44e,0xb6b47bfefb5d28bb,rightmost_mod_2t,LE64_salt_concat_LE64_state,yes,5181,4877,471,5348,35993,5133.574706,12.384784,1.04176920,0.056885,bb285dfbfe7bb4b69911f20000000000,bb285dfbfe7bb4b6e1bcde0000000000,0x23daae
SpVSH-320,24,46,0,0x5b314a,0x55813d67fdf2519a,rightmost_mod_2t,LE64_salt_concat_LE64_state,yes,3731,3647,91,3738,25963,5133.574706,11.868051,0.72814758,0.060412,9a51f2fd673d815535789d0000000000,9a51f2fd673d81552ebafa0000000000,0x10ff38
SpVSH-320,24,33,0,0x49e977,0x889b6ba173883166,rightmost_mod_2t,LE64_salt_concat_LE64_state,yes,4716,4021,2358,6379,34948,5133.574706,12.639115,1.24260391,0.061476,66318873a16b9b88d5de230000000000,66318873a16b9b88b0be530000000000,0x0bdac6
SpVSH-320,24,9,0,0x41f54d,0xd61375f0479dcf8a,rightmost_mod_2t,LE64_salt_concat_LE64_state,yes,3792,2985,1896,4881,27108,5133.574706,12.252961,0.95079945,0.064342,8acf9d47f07513d6d51ed10000000000,8acf9d47f07513d69f56320000000000,0xd21dd9
SpVSH-320,24,28,0,0xc4d8dd,0x8b6aaea8f303fda6,rightmost_mod_2t,LE64_salt_concat_LE64_state,yes,7047,6848,783,7631,50099,5133.574706,12.897656,1.48648855,0.064065,a6fd03f3a8ae6a8b2043f20000000000,a6fd03f3a8ae6a8b69099c0000000000,0x52afa1
SpVSH-320,24,40,0,0x9fbbd5,0xc979aed05165ecde,rightmost_mod_2t,LE64_salt_concat_LE64_state,yes,5514,4936,919,5855,38124,5133.574706,12.515453,1.14053079,0.064611,deec6551d0ae79c97ea8dd0000000000,deec6551d0ae79c900bbeb0000000000,0xa01749
SpVSH-320,24,30,0,0xa6969e,0x1bd9feac01953858,rightmost_mod_2t,LE64_salt_concat_LE64_state,yes,7280,6667,1040,7707,50588,5133.574706,12.911954,1.50129304,0.067633,58389501acfed91b4771ca0000000000,58389501acfed91b14b26e0000000000,0x4b8029
SpVSH-320,24,8,0,0x1f316f,0xe6b40a22830f3fc9,rightmost_mod_2t,LE64_salt_concat_LE64_state,yes,7946,7821,137,7958,55396,5133.574706,12.958190,1.55018685,0.073013,c93f0f83220ab4e68c2efb0000000000,c93f0f83220ab4e642eae90000000000,0xc0649d
SpVSH-320,24,35,0,0x2b6877,0xcf37cfcc7b82ebe2,rightmost_mod_2t,LE64_salt_concat_LE64_state,yes,6007,352,6007,6359,31443,5133.574706,12.634584,1.23870799,0.072517,e2eb827bcccf37cf3dfb280000000000,e2eb827bcccf37cfca6bcb0000000000,0x980134
SpVSH-320,24,41,0,0x6a4369,0x2a815c7e5bdc33a7,rightmost_mod_2t,LE64_salt_concat_LE64_state,yes,6330,5089,2110,7199,43566,5133.574706,12.813581,1.40233666,0.073888,a733dc5b7e5c812a5d4b4c0000000000,a733dc5b7e5c812ad1315e0000000000,0x8aada1
SpVSH-320,24,47,0,0xd93ee3,0xc88cce81b75e46ca,rightmost_mod_2t,LE64_salt_concat_LE64_state,yes,6308,775,6308,7083,34640,5133.574706,12.790145,1.37974032,0.075303,ca465eb781ce8cc8e32a470000000000,ca465eb781ce8cc84962e40000000000,0x08f155
SpVSH-320,24,17,0,0x47ea2c,0x5d67af4cbf7d3daa,rightmost_mod_2t,LE64_salt_concat_LE64_state,yes,6769,769,6769,7538,36921,5133.574706,12.879966,1.46837251,0.076845,aa3d7dbf4caf675d21b5040000000000,aa3d7dbf4caf675d2563980000000000,0x6e9c23
SpVSH-320,24,23,0,0x7d6170,0xc1fa4cc20562dd9a,rightmost_mod_2t,LE64_salt_concat_LE64_state,yes,6084,3401,3042,6443,37940,5133.574706,12.653517,1.25507086,0.077366,9add6205c24cfac18ec8380000000000,9add6205c24cfac1d5740e0000000000,0xb88103
SpVSH-320,24,39,0,0x77f8f6,0xda8b6e79f0e3f099,rightmost_mod_2t,LE64_salt_concat_LE64_state,yes,4156,3322,4156,7478,34068,5133.574706,12.868437,1.45668475,0.077742,99f0e3f0796e8bda95764c0000000000,99f0e3f0796e8bda55f62f0000000000,0xdac13f
SpVSH-320,24,7,0,0x31556e,0x4d7a282d55994c59,rightmost_mod_2t,LE64_salt_concat_LE64_state,yes,5291,5265,143,5408,37219,5133.574706,12.400879,1.05345696,0.080541,594c99552d287a4da1c3700000000000,594c99552d287a4d0765570000000000,0xe06e04
SpVSH-320,24,43,0,0x05d48d,0x371fd75313ba3238,rightmost_mod_2t,LE64_salt_concat_LE64_state,yes,6273,2335,6273,8608,40705,5133.574706,13.071462,1.67680427,0.081138,3832ba1353d71f37b181390000000000,3832ba1353d71f37ea02840000000000,0xf87613
SpVSH-320,24,29,0,0xec17e9,0x023e671ecea64796,rightmost_mod_2t,LE64_salt_concat_LE64_state,yes,6122,5497,3061,8558,46476,5133.574706,13.063058,1.66706447,0.086907,9647a6ce1e673e026d1d1a0000000000,9647a6ce1e673e024b70e90000000000,0xe799b9
SpVSH-320,24,37,0,0x543cd0,0xdb7a2d659ac611ae,rightmost_mod_2t,LE64_salt_concat_LE64_state,yes,5352,4098,5352,9450,43152,5133.574706,13.206099,1.84082253,0.087147,ae11c69a652d7adb37b6a20000000000,ae11c69a652d7adb6c96310000000000,0x502c00
SpVSH-320,24,31,0,0x328986,0x613f79ad3bf97fe5,rightmost_mod_2t,LE64_salt_concat_LE64_state,yes,10030,9502,1003,10505,70104,5133.574706,13.358789,2.04633235,0.090359,e57ff93bad793f61bb458f0000000000,e57ff93bad793f618b05fa0000000000,0x069cde
SpVSH-320,24,27,0,0x071350,0xf0279cbbe64bfdde,rightmost_mod_2t,LE64_salt_concat_LE64_state,yes,8286,7186,1381,8567,56364,5133.574706,13.064574,1.66881763,0.095075,defd4be6bb9c27f09eddea0000000000,defd4be6bb9c27f0fca22f0000000000,0xf8aaca
SpVSH-320,24,1,0,0x3618e7,0x4316654087160922,rightmost_mod_2t,LE64_salt_concat_LE64_state,yes,9756,6789,4878,11667,66180,5133.574706,13.510146,2.27268534,0.096369,2209168740651643dbba950000000000,22091687406516431fbf1a0000000000,0x742770
SpVSH-320,24,24,0,0x119487,0x9e37d9912a702c29,rightmost_mod_2t,LE64_salt_concat_LE64_state,yes,10674,9899,1186,11085,73990,5133.574706,13.436321,2.15931405,0.100107,292c702a91d9379e473cb00000000000,292c702a91d9379eeb7bbe0000000000,0xb08aab
SpVSH-320,24,6,0,0x882063,0x76646b2a63383165,rightmost_mod_2t,LE64_salt_concat_LE64_state,yes,11968,2801,11968,14769,71044,5133.574706,13.850285,2.87694265,0.104431,653138632a6b647691641b0000000000,653138632a6b647605d8ce0000000000,0x36e3e9
SpVSH-320,24,16,0,0x0a3dd3,0x5c54c65da49ff734,rightmost_mod_2t,LE64_salt_concat_LE64_state,yes,9468,8458,1052,9510,64340,5133.574706,13.215230,1.85251030,0.110184,34f79fa45dc6545c7dbc550000000000,34f79fa45dc6545c48ed860000000000,0x10b8c6
SpVSH-320,32,12,0,0x5a54b2c9,0x16dd1f74abc004ef,rightmost_mod_2t,LE64_salt_concat_LE64_state,yes,1995,1995,57,2052,14079,82137.195303,11.002815,0.02498259,0.032183,ef04c0ab741fdd16a0ab73ad00000000,ef04c0ab741fdd1668b3faa000000000,0x953a7a25
SpVSH-320,32,15,0,0xb4856371,0xea358559280d3535,rightmost_mod_2t,LE64_salt_concat_LE64_state,yes,18711,18550,693,19243,131719,82137.195303,14.232046,0.23427876,0.166330,35350d28598535ea022bf0bc00000000,35350d28598535eae7bbb98b00000000,0x461bf8b2
SpVSH-320,32,2,0,0xe827f87b,0xd9df6bc228f054be,rightmost_mod_2t,LE64_salt_concat_LE64_state,yes,10710,9555,1530,11085,73410,82137.195303,13.436321,0.13495713,0.174795,be54f028c26bdfd9e939ac7d00000000,be54f028c26bdfd968e8bf4400000000,0x31c3970d
SpVSH-320,32,42,0,0xe2df3c66,0x3afc4ba891c0b495,rightmost_mod_2t,LE64_salt_concat_LE64_state,yes,12762,11009,6381,17390,95084,82137.195303,14.085970,0.21171894,0.220907,95b4c091a84bfc3a0ba4bf3200000000,95b4c091a84bfc3aba4a3dc900000000,0xad160377
SpVSH-320,32,43,0,0x6e1a069d,0x37c0c32a74f6bd78,rightmost_mod_2t,LE64_salt_concat_LE64_state,yes,12482,8690,12482,21172,97170,82137.195303,14.369870,0.25776385,0.222735,78bdf6742ac3c037aedfdc4f00000000,78bdf6742ac3c037ec2c51ce00000000,0x4250c363
SpVSH-320,32,0,0,0xd8fb04ad,0x67ff382468f04825,rightmost_mod_2t,LE64_salt_concat_LE64_state,yes,32111,15116,32111,47227,221019,82137.195303,15.527324,0.57497702,0.292429,2548f0682438ff671422f2ab00000000,2548f0682438ff67344a05ca00000000,0xda266fc5
SpVSH-320,32,47,0,0x75b9be0d,0xb96e364640124d07,rightmost_mod_2t,LE64_salt_concat_LE64_state,yes,26488,25986,616,26602,184640,82137.195303,14.699247,0.32387276,0.328556,074d124046366eb9bd107d6800000000,074d124046366eb9b1d1a5dd00000000,0xc56c7d87
SpVSH-320,32,23,0,0x729bbd4e,0xb7a3f98bbb1acef2,rightmost_mod_2t,LE64_salt_concat_LE64_state,yes,27132,23688,13566,37254,203280,82137.195303,15.185108,0.45355822,0.355201,f2ce1abb8bf9a3b79a33940800000000,f2ce1abb8bf9a3b70445e63f00000000,0xaee3a0ea
SpVSH-320,32,28,0,0x9c77d345,0xbd0dc0181174ef8d,rightmost_mod_2t,LE64_salt_concat_LE64_state,yes,19966,19587,9983,29570,158212,82137.195303,14.851847,0.36000742,0.367505,8def741118c00dbdb5cfe9d600000000,8def741118c00dbd8e07e41400000000,0xb5b55d26
SpVSH-320,32,40,0,0x5e563bc7,0x0c09861c8f546c22,rightmost_mod_2t,LE64_salt_concat_LE64_state,yes,35775,26712,11925,38637,238023,82137.195303,15.237695,0.47039590,0.382291,226c548f1c86090c7933a22600000000,226c548f1c86090c5ecb3f4700000000,0x5874470e
SpVSH-320,32,34,0,0x6b7dee70,0xf201dfdbad0b3b09,rightmost_mod_2t,LE64_salt_concat_LE64_state,yes,24458,23075,1747,24822,169168,82137.195303,14.599332,0.30220170,0.392369,093b0baddbdf01f20d5ecfa600000000,093b0baddbdf01f2025f280e00000000,0xa546a217
SpVSH-320,32,7,0,0xa55476d3,0xcc54441c839b6982,rightmost_mod_2t,LE64_salt_concat_LE64_state,yes,35196,6907,35196,42103,203608,82137.195303,15.361635,0.51259359,0.415425,82699b831c4454cc7b95219100000000,82699b831c4454cc41c84e3d00000000,0x941bf939
SpVSH-320,32,26,0,0xfd8a82df,0x221baf12814f6a59,rightmost_mod_2t,LE64_salt_concat_LE64_state,yes,55680,30610,27840,58450,345160,82137.195303,15.834915,0.71161427,0.444570,596a4f8112af1b2212708d5100000000,596a4f8112af1b22e98d295c00000000,0x52504983
SpVSH-320,32,6,0,0x2336d58a,0x93a91cce4c217da5,rightmost_mod_2t,LE64_salt_concat_LE64_state,yes,68929,527,68929,69456,346753,82137.195303,16.083812,0.84560959,0.449647,a57d214cce1ca993ee618a1a00000000,a57d214cce1ca9939da18d2800000000,0x1dfbdef7
SpVSH-320,32,39,0,0xd8226a2d,0x9d03a9d3c72cc219,rightmost_mod_2t,LE64_salt_concat_LE64_state,yes,39516,8750,39516,48266,232580,82137.195303,15.558720,0.58762659,0.456168,19c22cc7d3a9039dbd983c7d00000000,19c22cc7d3a9039d8b51121e00000000,0x17357cdc
SpVSH-320,32,41,0,0x89e85d0d,0x4e7850af582e310a,rightmost_mod_2t,LE64_salt_concat_LE64_state,yes,43634,3814,43634,47448,233426,82137.195303,15.534060,0.57766764,0.458777,0a312e58af50784e7d0e333100000000,0a312e58af50784e4b0f215d00000000,0xa253c701
SpVSH-320,32,27,0,0x80c82db8,0xe36052d139de2895,rightmost_mod_2t,LE64_salt_concat_LE64_state,yes,36847,4048,36847,40895,200427,82137.195303,15.319637,0.49788649,0.459740,9528de39d15260e388e9416500000000,9528de39d15260e386c64f5d00000000,0xdae0a3df
SpVSH-320,32,16,0,0x92dbfc86,0x894b42033dcc71dc,rightmost_mod_2t,LE64_salt_concat_LE64_state,yes,38705,31872,7741,39613,259085,82137.195303,15.273686,0.48227846,0.471312,dc71cc3d03424b89dc4636c000000000,dc71cc3d03424b8921ea26a000000000,0x51cf5099
SpVSH-320,32,10,0,0x203a2a36,0xd4cf15c1d04caa36,rightmost_mod_2t,LE64_salt_concat_LE64_state,yes,28896,21868,28896,50764,231952,82137.195303,15.631518,0.61803912,0.482653,36aa4cd0c115cfd45c04d43e00000000,36aa4cd0c115cfd4291c41f600000000,0xed71ece6
SpVSH-320,32,11,0,0xfdf581ef,0xd1c8b971f23b9942,rightmost_mod_2t,LE64_salt_concat_LE64_state,yes,50137,13183,50137,63320,303417,82137.195303,15.950374,0.77090531,0.529428,42993bf271b9c8d14fe2374100000000,42993bf271b9c8d1a1f7a10f00000000,0xc6402077
SpVSH-320,32,29,0,0x5bd2e739,0xfcbf4b0a56c6d3f6,rightmost_mod_2t,LE64_salt_concat_LE64_state,yes,57826,57826,997,58823,406776,82137.195303,15.844093,0.71615545,0.534797,f6d3c6560a4bbffc05f6c44d00000000,f6d3c6560a4bbffc0abfdeea00000000,0x4ea0dd02
SpVSH-320,32,35,0,0xbd96c585,0x57c9975002a7512e,rightmost_mod_2t,LE64_salt_concat_LE64_state,yes,39286,26139,19643,45782,261700,82137.195303,15.482493,0.55738451,0.544279,2e51a7025097c957f334383200000000,2e51a7025097c957f787731900000000,0xefd5b2b3
SpVSH-320,32,20,0,0x1110ddfb,0xb4f244ce0f7fcfed,rightmost_mod_2t,LE64_salt_concat_LE64_state,yes,58935,58101,11787,69888,432783,82137.195303,16.092757,0.85086908,0.560982,edcf7f0fce44f2b454d74e1900000000,edcf7f0fce44f2b4cc8c82ee00000000,0xd1a9fd8b
SpVSH-320,32,14,0,0x346afbd5,0x0d85bde75e3c70a6,rightmost_mod_2t,LE64_salt_concat_LE64_state,yes,35398,26396,17699,44095,247176,82137.195303,15.428327,0.53684570,0.562917,a6703c5ee7bd850d29ce2a8500000000,a6703c5ee7bd850d468750c400000000,0x2ef81ca1
SpVSH-320,32,49,0,0xa22f2b7e,0xca62e173e217a9fa,rightmost_mod_2t,LE64_salt_concat_LE64_state,yes,49820,2285,49820,52105,258240,82137.195303,15.669134,0.63436546,0.582594,faa917e273e162ca954b97e500000000,faa917e273e162caa16b848e00000000,0xa7f14df7
SpVSH-320,32,45,0,0xfd3771e6,0xeb1fb2a66c372399,rightmost_mod_2t,LE64_salt_concat_LE64_state,yes,48186,9081,48186,57267,277254,82137.195303,15.805416,0.69721153,0.585629,9923376ca6b21feb9bb8fb1400000000,9923376ca6b21feb1057af6600000000,0x750c926b
SpVSH-320,32,5,0,0xdd3db7b9,0xbcb11d79b5c2d230,rightmost_mod_2t,LE64_salt_concat_LE64_state,yes,41472,38782,3456,42238,286456,82137.195303,15.366254,0.51423718,0.621288,30d2c2b5791db1bc1f994b8c00000000,30d2c2b5791db1bc066efe7800000000,0xe4db935d
SpVSH-320,32,21,0,0x788a3fa8,0x945ae3dea35865a7,rightmost_mod_2t,LE64_salt_concat_LE64_state,yes,67990,64768,5230,69998,473502,82137.195303,16.095026,0.85220831,0.622456,a76558a3dee35a942a03770e00000000,a76558a3dee35a948a5de57f00000000,0x3e1e4016
SpVSH-320,32,46,0,0xbef3d83d,0xe94feda36236d51b,rightmost_mod_2t,LE64_salt_concat_LE64_state,yes,47742,40796,7957,48753,322324,82137.195303,15.573203,0.59355569,0.654828,1bd53662a3ed4fe9b25b99ac00000000,1bd53662a3ed4fe920d6732a00000000,0xfa85ba2f
SpVSH-320,32,19,0,0x1e5a81fb,0x63c67ce06ace6fae,rightmost_mod_2t,LE64_salt_concat_LE64_state,yes,87258,18516,87258,105774,510354,82137.195303,16.690626,1.28777224,0.661258,ae6fce6ae07cc66342d6780b00000000,ae6fce6ae07cc6631a7c978a00000000,0xff22e90b
SpVSH-320,32,9,0,0xa3d15165,0x15d2a0fc3cae2e67,rightmost_mod_2t,LE64_salt_concat_LE64_state,yes,66388,64154,16597,80751,488974,82137.195303,16.301193,0.98312342,0.688847,672eae3cfca0d2155568f4e100000000,672eae3cfca0d215cb6486d700000000,0x9149fe2c
SpVSH-320,32,33,0,0xcc63ebd6,0xb54ad69a5660bbcb,rightmost_mod_2t,LE64_salt_concat_LE64_state,yes,75526,56954,37763,94717,529920,82137.195303,16.531336,1.15315601,0.692956,cbbb60569ad64ab54d5f623e00000000,cbbb60569ad64ab5128bad2a00000000,0x4830c673
SpVSH-320,32,1,0,0xfe4962c6,0xc7cb71a2d20702ea,rightmost_mod_2t,LE64_salt_concat_LE64_state,yes,55728,37182,55728,92910,427368,82137.195303,16.503546,1.13115623,0.727356,ea0207d2a271cbc7678e3f7a00000000,ea0207d2a271cbc73110dc7e00000000,0xf9d44237
SpVSH-320,32,3,0,0x64f863e3,0x0a9acbd887ddcb02,rightmost_mod_2t,LE64_salt_concat_LE64_state,yes,51753,45673,17251,62924,372453,82137.195303,15.941323,0.76608411,0.748742,02cbdd87d8cb9a0a6404399400000000,02cbdd87d8cb9a0aaf91efab00000000,0x51be1c56
SpVSH-320,32,24,0,0x58c95135,0x75a8d72e9062968f,rightmost_mod_2t,LE64_salt_concat_LE64_state,yes,59690,57107,11938,69045,431374,82137.195303,16.075249,0.84060577,0.776626,8f9662902ed7a875d0730e1400000000,8f9662902ed7a8750c4d0dd300000000,0xcd207001
SpVSH-320,32,18,0,0x51c3bcc6,0x0a78d488d9cd67ec,rightmost_mod_2t,LE64_salt_concat_LE64_state,yes,82576,43298,41288,84586,503496,82137.195303,16.368131,1.02981359,0.857152,ec67cdd988d4780ab550735400000000,ec67cdd988d4780ad2d89dbe00000000,0x56741e95
SpVSH-320,32,36,0,0x98bdcc65,0x647bd99329769ad4,rightmost_mod_2t,LE64_salt_concat_LE64_state,yes,70145,34136,70145,104281,487269,82137.195303,16.670117,1.26959534,0.882382,d49a762993d97b6450d76f4900000000,d49a762993d97b6469b0c46000000000,0x6fa9f97c
SpVSH-320,32,22,0,0xdcc33a14,0x97bc5a1cdccf984c,rightmost_mod_2t,LE64_salt_concat_LE64_state,yes,77004,71222,6417,77639,528734,82137.195303,16.244494,0.94523559,0.892044,4c98cfdc1c5abc976f9309e400000000,4c98cfdc1c5abc971a9d1cab00000000,0x48feb6f5
SpVSH-320,32,13,0,0x46aca693,0xbe4f2cda60b73dc4,rightmost_mod_2t,LE64_salt_concat_LE64_state,yes,88005,8056,88005,96061,472249,82137.195303,16.551663,1.16951887,0.899051,c43db760da2c4fbed63b66e300000000,c43db760da2c4fbe474a87ad00000000,0x44d74bb7
SpVSH-320,32,48,0,0x183c4091,0x4d80bce69808e6b6,rightmost_mod_2t,LE64_salt_concat_LE64_state,yes,75600,75041,2520,77561,532004,82137.195303,16.243044,0.94428596,0.900475,b6e60898e6bc804de7b3305500000000,b6e60898e6bc804d231c541700000000,0x55e486cf
SpVSH-320,32,30,0,0x2dcb5c21,0xdee132dc57d9f9cd,rightmost_mod_2t,LE64_salt_concat_LE64_state,yes,98024,94574,12253,106827,696874,82137.195303,16.704917,1.30059225,0.904181,cdf9d957dc32e1de3d16445700000000,cdf9d957dc32e1de1c20a1f700000000,0x0e3458da
SpVSH-320,32,4,0,0x74e41e0e,0xfc22910243287828,rightmost_mod_2t,LE64_salt_concat_LE64_state,yes,105835,101084,21167,122251,764175,82137.195303,16.899487,1.48837563,0.986643,28782843029122fc0b93f0dc00000000,28782843029122fcee8a5dd400000000,0x2169226a
SpVSH-320,32,17,0,0x63d26850,0xb1c57a50c9ca7a0b,rightmost_mod_2t,LE64_salt_concat_LE64_state,yes,124950,99874,41650,141524,857646,82137.195303,17.110687,1.72301963,1.110782,0b7acac9507ac5b1d624fbc700000000,0b7acac9507ac5b153f2b30e00000000,0x12fca1ad
SpVSH-320,32,38,0,0x1409027f,0x50fb313d997541ec,rightmost_mod_2t,LE64_salt_concat_LE64_state,yes,98330,97790,9833,107623,705816,82137.195303,16.715627,1.31028336,1.114468,ec4175993d31fb50a63b196300000000,ec4175993d31fb50f633f32400000000,0xc7462746
SpVSH-320,32,25,0,0x832e905d,0x6c91dfd07539467c,rightmost_mod_2t,LE64_salt_concat_LE64_state,yes,102678,100735,51339,152074,813652,82137.195303,17.214414,1.85146327,1.133810,7c463975d0df916c1a92cc5200000000,7c463975d0df916cf95e476a00000000,0x342e4114
SpVSH-320,32,44,0,0x53e7bee8,0xc9cba6ef5a2cda37,rightmost_mod_2t,LE64_salt_concat_LE64_state,yes,106676,79971,53338,133309,746588,82137.195303,17.024415,1.62300404,1.249302,37da2c5aefa6cbc9de9b306e00000000,37da2c5aefa6cbc9233452b900000000,0x9d983568
SpVSH-320,32,32,0,0x5af3d8b7,0xf75dee7108d1f742,rightmost_mod_2t,LE64_salt_concat_LE64_state,yes,124614,81746,62307,144053,825440,82137.195303,17.136240,1.75380958,1.250776,42f7d10871ee5df7bf64c47700000000,42f7d10871ee5df71c671e3d00000000,0xd9fc5468
SpVSH-320,32,37,0,0xb6215b39,0x64499862011bb220,rightmost_mod_2t,LE64_salt_concat_LE64_state,yes,126824,115371,31706,147077,905368,82137.195303,17.166212,1.79062603,1.341103,20b21b0162984964278cef6300000000,20b21b0162984964ac6fb39500000000,0x1a9c3787
SpVSH-320,32,31,0,0x307de1ef,0x244b9698add84c79,rightmost_mod_2t,LE64_salt_concat_LE64_state,yes,231389,14042,231389,245431,1213113,82137.195303,17.904958,2.98806161,1.578334,794cd8ad98964b241b2a6e8900000000,794cd8ad98964b240e68d6c200000000,0x2fbdf474
SpVSH-320,32,8,0,0x3dae17b0,0x8d804333a79b9474,rightmost_mod_2t,LE64_salt_concat_LE64_state,yes,210600,200751,23400,224151,1481604,82137.195303,17.774111,2.72898288,1.910880,74949ba73343808dd386f84800000000,74949ba73343808d3dada7f900000000,0xeb2d1832
SpVSH-320,40,5,0,0x82f887dbf8,0x4a93d619c9104a42,rightmost_mod_2t,LE64_salt_concat_LE64_state,yes,287652,160195,287652,447847,2079040,1314195.124850,18.772646,0.34077664,2.699726,424a10c919d6934ab16d5a5fa6000000,424a10c919d6934a5825148e04000000,0x79c4d57e53
SpVSH-320,40,3,0,0xf8246d8f39,0x56dcf2e62ff30a63,rightmost_mod_2t,LE64_salt_concat_LE64_state,yes,298215,292002,6345,298347,2075343,1314195.124850,18.186632,0.22701880,2.711466,630af32fe6f2dc56333bc544db000000,630af32fe6f2dc56d2faf8d7d1000000,0xcf018675c4
SpVSH-320,40,2,0,0xbbb132dac0,0x1cfb100bda8170a2,rightmost_mod_2t,LE64_salt_concat_LE64_state,yes,405390,273418,135130,408548,2580102,1314195.124850,18.640146,0.31087317,3.314184,a27081da0b10fb1cefa9f0aa7a000000,a27081da0b10fb1cfb2cc878ee000000,0x6b6ac05ed0
SpVSH-320,40,14,0,0xba0b521c73,0xf992e566e9942de1,rightmost_mod_2t,LE64_salt_concat_LE64_state,yes,392521,165209,392521,557730,2623441,1314195.124850,19.089207,0.42438903,3.388203,e12d94e966e592f9173efde984000000,e12d94e966e592f9fc11324f3e000000,0xedf4742448
SpVSH-320,40,25,0,0x7e93174003,0x6e721268d67e5af9,rightmost_mod_2t,LE64_salt_concat_LE64_state,yes,476047,459408,43277,502685,3352327,1314195.124850,18.939295,0.38250408,4.325361,f95a7ed66812726eead61268a8000000,f95a7ed66812726ef1535de7e2000000,0xf992219312
SpVSH-320,40,10,0,0x4f272825c2,0x0e03f5397e8f3e98,rightmost_mod_2t,LE64_salt_concat_LE64_state,yes,514599,473116,171533,644649,3779327,1314195.124850,19.298154,0.49052761,4.874098,983e8f7e39f5030e46ed03f9b4000000,983e8f7e39f5030ed1528c9a42000000,0x5a0f70f19d
SpVSH-320,40,8,0,0x5328b9922a,0xb54adbe2e99fa44a,rightmost_mod_2t,LE64_salt_concat_LE64_state,yes,741119,116517,741119,857636,4171663,1314195.124850,19.710006,0.65259411,5.356253,4aa49fe9e2db4ab55637e35043000000,4aa49fe9e2db4ab56dd63988d6000000,0x959eb13fb7
SpVSH-320,40,29,0,0x877068665c,0x7d7d1c7ad536c0de,rightmost_mod_2t,LE64_salt_concat_LE64_state,yes,794384,609699,198596,808295,5219140,1314195.124850,19.624522,0.61504946,6.706920,dec036d57a1c7d7dadee3df8ad000000,dec036d57a1c7d7d4935321ddf000000,0x5e96854fc0
SpVSH-320,40,19,0,0x5a76917093,0xa6196a6a192f0e9d,rightmost_mod_2t,LE64_salt_concat_LE64_state,yes,857268,446099,428634,874733,5213468,1314195.124850,19.738483,0.66560360,6.792907,9d0e2f196a6a19a6975f6f888d000000,9d0e2f196a6a19a617b3f602b1000000,0xe749202bab
SpVSH-320,40,1,0,0xbd3bcd3e5f,0x24d6552a8418d2a5,rightmost_mod_2t,LE64_salt_concat_LE64_state,yes,908838,256795,908838,1165633,5571370,1314195.124850,20.152682,0.88695581,7.257058,a5d218842a55d6245d894558cf000000,a5d218842a55d6245eaa58cbec000000,0xaedc609735
SpVSH-320,40,26,0,0xc62a21ff84,0x22f7679cdb5e6599,rightmost_mod_2t,LE64_salt_concat_LE64_state,yes,922180,530369,461090,991459,5810196,1314195.124850,19.919194,0.75442298,7.496676,99655edb9c67f72282d8a5789d000000,99655edb9c67f7226c8154505b000000,0x3d7bfe50cb
SpVSH-320,40,11,0,0xd95bfd3a5b,0xdcf7697b4ff9629b,rightmost_mod_2t,LE64_salt_concat_LE64_state,yes,877518,403840,877518,1281358,6002950,1314195.124850,20.289242,0.97501351,7.643359,9b62f94f7b69f7dc56be58708f000000,9b62f94f7b69f7dc5b19ace02f000000,0xc4656d0f85
SpVSH-320,40,28,0,0xaebc82fed6,0xd2be3af7efeb5e42,rightmost_mod_2t,LE64_salt_concat_LE64_state,yes,751287,525818,751287,1277105,5859707,1314195.124850,20.284446,0.97177731,7.788831,425eebeff73abed2536f701391000000,425eebeff73abed29379e4818a000000,0xbe57907512
SpVSH-320,40,20,0,0x7533ad8b6b,0x63fb114c9809857f,rightmost_mod_2t,LE64_salt_concat_LE64_state,yes,838206,508492,838206,1346698,6224998,1314195.124850,20.360995,1.02473215,7.951819,7f8509984c11fb63f775a31965000000,7f8509984c11fb63505e7d1e08000000,0x8e02770e1d
SpVSH-320,40,17,0,0x13226eb6db,0x8e9e2f402def0c86,rightmost_mod_2t,LE64_salt_concat_LE64_state,yes,1051853,307454,1051853,1359307,6489081,1314195.124850,20.374440,1.03432662,8.458961,860cef2d402f9e8eea49873d54000000,860cef2d402f9e8e6062e88a2c000000,0xbe06243a24
SpVSH-320,40,22,0,0x82a36557a7,0x236a1fed75b9c2e8,rightmost_mod_2t,LE64_salt_concat_LE64_state,yes,1092568,443676,1092568,1536244,7237544,1314195.124850,20.550976,1.16896188,9.125534,e8c2b975ed1f6a233900e2f038000000,e8c2b975ed1f6a23cd5c539be4000000,0xc2f040fae9
SpVSH-320,40,13,0,0x49ea199862,0x60736f40b58b8a69,rightmost_mod_2t,LE64_salt_concat_LE64_state,yes,1268084,313400,1268084,1581484,7594020,1314195.124850,20.592848,1.20338599,9.696133,698a8bb5406f7360e1123ffd85000000,698a8bb5406f73600ec39e2687000000,0x1bcc37a683
SpVSH-320,40,15,0,0x00170f77d0,0xbe1f2c9b69446c24,rightmost_mod_2t,LE64_salt_concat_LE64_state,yes,1122765,1098475,66045,1164520,7894285,1314195.124850,20.151304,0.88610890,10.225201,246c44699b2c1fbe818d5c76c7000000,246c44699b2c1fbe55e1ef22aa000000,0x35c8ed52ce
SpVSH-320,40,23,0,0x8ba78eefcb,0xd1ba23403ee8c8a3,rightmost_mod_2t,LE64_salt_concat_LE64_state,yes,1272329,410916,1272329,1683245,8005309,1314195.124850,20.682814,1.28081817,10.439239,a3c8e83e4023bad12bacbc3b30000000,a3c8e83e4023bad1ea460703d8000000,0xf73bcad182
SpVSH-320,40,18,0,0x5e18433ee1,0x265e740cde35b2b8,rightmost_mod_2t,LE64_salt_concat_LE64_state,yes,1126194,927808,563097,1490905,8216008,1314195.124850,20.507757,1.13446243,10.597964,b8b235de0c745e267114b27a47000000,b8b235de0c745e26677060e811000000,0x1e08f440d9
SpVSH-320,40,27,0,0x1a11c92304,0xd3e8bce427d8556b,rightmost_mod_2t,LE64_salt_concat_LE64_state,yes,1330730,1257527,133073,1390600,9288444,1314195.124850,20.407276,1.05813815,11.939201,6b55d827e4bce8d324939fe7a2000000,6b55d827e4bce8d32c64e60920000000,0x42df6304c1
SpVSH-320,40,0,0,0x4d6aa8d85d,0x4154cf04c7b26838,rightmost_mod_2t,LE64_salt_concat_LE64_state,yes,1607760,346215,1607760,1953975,9423660,1314195.124850,20.897981,1.48682259,12.079354,3868b2c704cf5441a1eb47f5a3000000,3868b2c704cf54410a6bbc2145000000,0x42e5a872cd
SpVSH-320,40,7,0,0xaf2e94508e,0x5b8af169018a8ecc,rightmost_mod_2t,LE64_salt_concat_LE64_state,yes,1608410,345306,1608410,1953716,9423274,1314195.124850,20.897789,1.48662551,12.153531,cc8e8a0169f18a5b1dd0b14deb000000,cc8e8a0169f18a5b165ad90acf000000,0xbff6e68714
SpVSH-320,40,4,0,0x7cce451940,0xf89f6909c018d8c0,rightmost_mod_2t,LE64_salt_concat_LE64_state,yes,1199681,931493,1199681,2131174,9724377,1314195.124850,21.023217,1.62165721,12.667708,c0d818c009699ff80eac5a4e58000000,c0d818c009699ff837a947909c000000,0x4e96724756
SpVSH-320,40,9,0,0x2f77b591bb,0x2a61a48009fcdd0b,rightmost_mod_2t,LE64_salt_concat_LE64_state,yes,1795298,1092859,897649,1990508,11552628,1314195.124850,20.924705,1.51462135,14.873458,0bddfc0980a4612ae81161c0cc000000,0bddfc0980a4612a546de049c3000000,0x5dd1d2dc6e
SpVSH-320,40,24,0,0x271562e6f5,0xf58d6dfb59b85f6f,rightmost_mod_2t,LE64_salt_concat_LE64_state,yes,2258690,1281005,1129345,2410350,14158780,1314195.124850,21.200811,1.83408837,18.127064,6f5fb859fb6d8df517e5f693bc000000,6f5fb859fb6d8df573c534eded000000,0x1ee4fe3fd3
SpVSH-320,40,12,0,0x01e55e04e8,0xa26b1a3bb40f5cc2,rightmost_mod_2t,LE64_salt_concat_LE64_state,yes,2083404,2035268,347234,2382502,15085752,1314195.124850,21.184046,1.81289822,19.417024,c25c0fb43b1a6ba225bd4655ab000000,c25c0fb43b1a6ba298daeb488a000000,0xeac5d5c3b9
SpVSH-320,40,21,0,0x5cc7ffe1cd,0x41c856ea1a13b01c,rightmost_mod_2t,LE64_salt_concat_LE64_state,yes,2404792,1881098,601198,2482296,15941164,1314195.124850,21.243244,1.88883367,20.767925,1cb0131aea56c841149fe975e1000000,1cb0131aea56c8410bdafdcecf000000,0xa0a10706e4
SpVSH-320,40,16,0,0xe18e9d19c7,0xe8c58319371ec345,rightmost_mod_2t,LE64_salt_concat_LE64_state,yes,2344468,2189124,586117,2775241,16962134,1314195.124850,21.404182,2.11174197,21.626396,45c31e371983c5e811265224d0000000,45c31e371983c5e86835a5cd4c000000,0x355565438e
SpVSH-320,40,6,0,0xc17aada7ca,0xb107a444c8636f84,rightmost_mod_2t,LE64_salt_concat_LE64_state,yes,2923278,2555382,487213,3042595,19965788,1314195.124850,21.536871,2.31517751,25.922412,846f63c844a407b18656c100d6000000,846f63c844a407b17857b337bf000000,0x6b6e5d6fa1
SpVSH-320,48,4,0,0xf8fa23cb46fb,0xdf775737cc4a617e,rightmost_mod_2t,LE64_salt_concat_LE64_state,yes,1978500,447586,1978500,2426086,11682844,21027121.997596,21.210199,0.11537889,15.008614,7e614acc375777dff5ba8701f8aa0000,7e614acc375777df8fe726320e9e0000,0xd3c187d0d198
SpVSH-320,48,7,0,0xe961e6791f49,0x55e37200f1ae4480,rightmost_mod_2t,LE64_salt_concat_LE64_state,yes,7704555,3815667,7704555,11520222,53785443,21027121.997596,23.457665,0.54787441,69.074382,8044aef10072e355d4bce7b6ee060000,8044aef10072e35563bb1a04bc090000,0x45aef1bc240f
SpVSH-320,48,8,0,0x01b4d0799258,0x6b66d39aeb6cb8ba,rightmost_mod_2t,LE64_salt_concat_LE64_state,yes,16149080,3417699,16149080,19566779,94416196,21027121.997596,24.221903,0.93054955,121.710776,bab86ceb9ad3666b1f5a278cc7510000,bab86ceb9ad3666bfac39ce072f80000,0x91b6f5477410
SpVSH-320,48,2,0,0xef04d2a09986,0xae67022d3c28f898,rightmost_mod_2t,LE64_salt_concat_LE64_state,yes,16296140,13229377,4074035,17303412,109953998,21027121.997596,24.044553,0.82290919,139.440005,98f8283c2d0267ae298c74288ea70000,98f8283c2d0267ae9e61a82e2d8a0000,0xfb3245c7c48a
SpVSH-320,48,1,0,0x2f1323204b3e,0x8b4935b39a39029c,rightmost_mod_2t,LE64_salt_concat_LE64_state,yes,19588443,3017516,19588443,22605959,110012279,21027121.997596,24.430200,1.07508574,139.974812,9c02399ab335498b330baa1c91070000,9c02399ab335498b95e1b11ea1780000,0xf542fd54b8fb
SpVSH-320,48,5,0,0x5f0483ef95de,0xd927fc04cd64d414,rightmost_mod_2t,LE64_salt_concat_LE64_state,yes,18367446,11765055,9183723,20948778,120530004,21027121.997596,24.320363,0.99627415,154.771185,14d464cd04fc27d9049f0dbdd6e00000,14d464cd04fc27d9f48e5b7b651e0000,0xc52d39a588da
SpVSH-320,48,0,0,0x047da1f97c4c,0xb8a2b00929c2570f,rightmost_mod_2t,LE64_salt_concat_LE64_state,yes,18001760,17264480,1125110,18389590,125313420,21027121.997596,24.132386,0.87456524,161.518039,0f57c22909b0a2b827910ff0a5180000,0f57c22909b0a2b874340168d12e0000,0xedc8c7e6d7a2
SpVSH-320,48,3,0,0xed070366e3f0,0x471331319cb7d6e2,rightmost_mod_2t,LE64_salt_concat_LE64_state,yes,22207754,15469788,22207754,37677542,172917922,21027121.997596,25.167202,1.79185444,220.503878,e2d6b79c313113475d19709ad81e0000,e2d6b79c3131134773ff802aa4540000,0x199664c09cd7
SpVSH-320,48,9,0,0xa7e8059e58d0,0x9bdae7e50ab918aa,rightmost_mod_2t,LE64_salt_concat_LE64_state,yes,29695050,29637953,128550,29766503,207894062,21027121.997596,24.827186,1.41562421,267.558225,aa18b90ae5e7da9bd89431b1b4e20000,aa18b90ae5e7da9b5f60a63438620000,0xe0066da9939f
SpVSH-320,48,6,0,0x7a48e4e27591,0x96e0d65314e7da16,rightmost_mod_2t,LE64_salt_concat_LE64_state,yes,39394512,37836904,1641438,39478342,272814028,21027121.997596,25.234558,1.87749622,356.180626,16dae71453d6e09605420b5970e80000,16dae71453d6e096e5e80e83188d0000,0x4fa4f907a9f6
SpVSH-320,56,1,0,0x052aeb7c193fbe,0x14966d94446264d5,rightmost_mod_2t,LE64_salt_concat_LE64_state,yes,82565988,71100185,13760998,84861183,559620700,336433951.961533,26.338601,0.25223727,709.913369,d5646244946d96141d443342889b8100,d5646244946d96146d5823c93d3f1e00,0x3ff9be4fec6aa2
SpVSH-320,56,4,0,0xc1cf1885d1bdcc,0x1bdfdaeb9b2be324,rightmost_mod_2t,LE64_salt_concat_LE64_state,yes,301145027,22852771,301145027,323997798,1597136219,336433951.961533,28.271409,0.96303538,2064.217109,24e32b9bebdadf1ba7b9f29b37df0800,24e32b9bebdadf1bf4591f3bd8792400,0x4f764410a9a1d0
SpVSH-320,56,2,0,0xf905044743b008,0x77ea703e0121e7c0,rightmost_mod_2t,LE64_salt_concat_LE64_state,yes,411802947,121409172,411802947,533212119,2544651423,336433951.961533,28.990134,1.58489390,3235.724296,c0e721013e70ea777b77176e3437d900,c0e721013e70ea77031c479530103800,0x7619d0527cf57f
SpVSH-320,56,0,0,0x60dbec4db2ba92,0xa4ac0aa2ce283de4,rightmost_mod_2t,LE64_salt_concat_LE64_state,yes,368454624,170642120,368454624,539096744,2524841600,336433951.961533,29.005969,1.60238508,3262.428700,e43d28cea20aaca41844a39b856d7000,e43d28cea20aaca4cb7e756dd7400000,0x58865af8cba3fd
SpVSH-320,56,3,0,0x28109a61868ce1,0x89a5b84c51da3c15,rightmost_mod_2t,LE64_salt_concat_LE64_state,yes,540839219,4316989,540839219,545156208,2721464051,336433951.961533,29.022094,1.62039593,3474.274883,153cda514cb8a5895fc51d4931c11500,153cda514cb8a58975b48f04a44ca500,0xa8a1a80a92fb7a
