algorithm,trunc_bits,repetition,seed_attempt,seed_state_hex,message_salt_hex,projection,message_format,found,rho_meet_steps,mu,lambda,collision_index,hash_evaluations,expected_collision_steps,log2_collision_index,ratio_to_expected,seconds,input_a_hex,input_b_hex,collision_trunc_hex,failure_reason
VSH-256,16,3,0,0x0fd2,0xaa691ff37fbd7e55,rightmost_mod_2t,LE64_salt_concat_LE64_state,yes,44,33,22,55,308,320.8484,5.781360,0.17142051,0.001434,557ebd7ff31f69aacc63000000000000,557ebd7ff31f69aac7e8000000000000,0x15ff,
VSH-256,16,31,0,0x218e,0xafde2d833a28d09e,rightmost_mod_2t,LE64_salt_concat_LE64_state,yes,25,11,25,36,169,320.8484,5.169925,0.11220252,0.000489,9ed0283a832ddeaf4c3d000000000000,9ed0283a832ddeaf3035000000000000,0xabb8,
VSH-256,16,8,0,0x237b,0xf56794258efa6c60,rightmost_mod_2t,LE64_salt_concat_LE64_state,yes,95,57,95,152,703,320.8484,7.247928,0.47374396,0.002284,606cfa8e259467f5d044000000000000,606cfa8e259467f5af7f000000000000,0xab0c,
VSH-256,16,1,0,0xa63c,0x5f0ccaf45efde61a,rightmost_mod_2t,LE64_salt_concat_LE64_state,yes,217,48,217,265,1277,320.8484,8.049849,0.82593519,0.003698,1ae6fd5ef4ca0c5f17c6000000000000,1ae6fd5ef4ca0c5f9146000000000000,0x52f4,
VSH-256,16,14,0,0x823d,0xf0b11cb2c42f88b0,rightmost_mod_2t,LE64_salt_concat_LE64_state,yes,114,90,114,204,930,320.8484,7.672425,0.63581426,0.002731,b0882fc4b21cb1f08278000000000000,b0882fc4b21cb1f0a301000000000000,0x082e,
VSH-256,16,27,0,0x034e,0x419a5214b7109991,rightmost_mod_2t,LE64_salt_concat_LE64_state,yes,76,58,76,134,612,320.8484,7.066089,0.41764270,0.001888,919910b714529a41b439000000000000,919910b714529a411779000000000000,0x9b25,
VSH-256,16,22,0,0x2a2c,0xe91aafe6d99e8d7b,rightmost_mod_2t,LE64_salt_concat_LE64_state,yes,98,60,49,109,632,320.8484,6.768184,0.33972429,0.002389,7b8d9ed9e6af1ae975af000000000000,7b8d9ed9e6af1ae92812000000000000,0x9a23,
VSH-256,16,11,0,0x147c,0x91de4514825b23b4,rightmost_mod_2t,LE64_salt_concat_LE64_state,yes,308,75,308,383,1840,320.8484,8.581201,1.19371010,0.003956,b4235b821445de9167aa000000000000,b4235b821445de9124eb000000000000,0x4a6c,
VSH-256,16,37,0,0xbdb0,0x62fb1154eb307154,rightmost_mod_2t,LE64_salt_concat_LE64_state,yes,176,64,176,240,1136,320.8484,7.906891,0.74801678,0.001678,547130eb5411fb6285b7000000000000,547130eb5411fb62c209000000000000,0xf251,
VSH-256,16,25,0,0xcf54,0xd0bb9b2dee764473,rightmost_mod_2t,LE64_salt_concat_LE64_state,yes,114,112,6,118,802,320.8484,6.882643,0.36777491,0.002681,734476ee2d9bbbd057b5000000000000,734476ee2d9bbbd04920000000000000,0x8b10,
VSH-256,16,34,0,0x4bf5,0x40565ca8c6d7a7a6,rightmost_mod_2t,LE64_salt_concat_LE64_state,yes,86,44,86,130,606,320.8484,7.022368,0.40517575,0.001957,a6a7d7c6a85c56400c6d000000000000,a6a7d7c6a85c5640dc47000000000000,0xbbf9,
VSH-256,16,4,0,0x8e96,0x16a32345101327a7,rightmost_mod_2t,LE64_salt_concat_LE64_state,yes,352,276,176,452,2512,320.8484,8.820179,1.40876493,0.004861,a72713104523a3166153000000000000,a72713104523a316274c000000000000,0x4932,
VSH-256,16,47,0,0xa5b1,0xda32249af54e71b1,rightmost_mod_2t,LE64_salt_concat_LE64_state,yes,64,23,64,87,412,320.8484,6.442943,0.27115608,0.000997,b1714ef59a2432da82b6000000000000,b1714ef59a2432da0437000000000000,0x8b6a,
VSH-256,16,5,0,0xf0c7,0x4379acb0cf3aa123,rightmost_mod_2t,LE64_salt_concat_LE64_state,yes,296,212,148,360,2032,320.8484,8.491853,1.12202516,0.004771,23a13acfb0ac7943cc2c000000000000,23a13acfb0ac7943904d000000000000,0x0459,
VSH-256,16,46,0,0xf370,0x6055b67b0bf8c1ec,rightmost_mod_2t,LE64_salt_concat_LE64_state,yes,61,4,61,65,321,320.8484,6.022368,0.20258788,0.001196,ecc1f80b7bb6556089eb000000000000,ecc1f80b7bb655604b3e000000000000,0x8586,
VSH-256,16,44,0,0xb2f5,0x837552da13c62f35,rightmost_mod_2t,LE64_salt_concat_LE64_state,yes,165,118,165,283,1297,320.8484,8.144658,0.88203645,0.001594,352fc613da5275834e6a000000000000,352fc613da527583920f000000000000,0xea50,
VSH-256,16,23,0,0x46d6,0xa5fa6362630995ff,rightmost_mod_2t,LE64_salt_concat_LE64_state,yes,142,57,142,199,938,320.8484,7.636625,0.62023058,0.003516,ff9509636263faa57c92000000000000,ff9509636263faa548e4000000000000,0x8496,
VSH-256,16,48,0,0x3066,0x668591c9092d6408,rightmost_mod_2t,LE64_salt_concat_LE64_state,yes,121,118,11,129,857,320.8484,7.011227,0.40205902,0.001411,08642d09c99185662b44000000000000,08642d09c9918566f4e3000000000000,0xc6be,
VSH-256,16,2,0,0xd1c7,0xc42dfd883bce85a1,rightmost_mod_2t,LE64_salt_concat_LE64_state,yes,408,93,408,501,2412,320.8484,8.968667,1.56148502,0.005482,a185ce3b88fd2dc481a2000000000000,a185ce3b88fd2dc458af000000000000,0x7868,
VSH-256,16,49,0,0x92c4,0x97b265e68b2d19bf,rightmost_mod_2t,LE64_salt_concat_LE64_state,yes,88,76,22,98,612,320.8484,6.614710,0.30544018,0.001510,bf192d8be665b2975a8b000000000000,bf192d8be665b2979d71000000000000,0x4c4b,
VSH-256,16,35,0,0x7ac0,0x7285430a999f72b6,rightmost_mod_2t,LE64_salt_concat_LE64_state,yes,168,165,56,221,1276,320.8484,7.787903,0.68879878,0.002649,b6729f990a4385727a9d000000000000,b6729f990a4385725c87000000000000,0x84fb,
VSH-256,16,28,0,0xbd8f,0x5cefc3b4e5afb679,rightmost_mod_2t,LE64_salt_concat_LE64_state,yes,212,140,106,246,1408,320.8484,7.942515,0.76671720,0.003442,79b6afe5b4c3ef5cff1c000000000000,79b6afe5b4c3ef5c354d000000000000,0x68f6,
VSH-256,16,20,0,0x31a3,0x6a4c6d456673f8d1,rightmost_mod_2t,LE64_salt_concat_LE64_state,yes,434,93,434,527,2542,320.8484,9.041659,1.64252017,0.004031,d1f87366456d4c6ab306000000000000,d1f87366456d4c6a1db1000000000000,0x6920,
VSH-256,16,12,0,0xe8ac,0xc3e7a39a5c11f003,rightmost_mod_2t,LE64_salt_concat_LE64_state,yes,316,289,316,605,2736,320.8484,9.240791,1.88562562,0.005045,03f0115c9aa3e7c3f70c000000000000,03f0115c9aa3e7c3f085000000000000,0x6654,
VSH-256,16,26,0,0x067d,0x69eace2cccadc6cb,rightmost_mod_2t,LE64_salt_concat_LE64_state,yes,199,29,199,228,1111,320.8484,7.832890,0.71061594,0.003782,cbc6adcc2cceea69b10c000000000000,cbc6adcc2cceea69b165000000000000,0xfdfa,
VSH-256,16,30,0,0x3a0d,0x743779b5babc814e,rightmost_mod_2t,LE64_salt_concat_LE64_state,yes,179,57,179,236,1123,320.8484,7.882643,0.73554983,0.003483,4e81bcbab57937741003000000000000,4e81bcbab57937745ce2000000000000,0x7525,
VSH-256,16,40,0,0xdbbc,0x29005a11c54bbbaf,rightmost_mod_2t,LE64_salt_concat_LE64_state,yes,110,12,110,122,598,320.8484,6.930737,0.38024186,0.002664,afbb4bc5115a0029752c000000000000,afbb4bc5115a00299d40000000000000,0x0071,
VSH-256,16,33,0,0x7ca3,0x9915e0e7e4df0562,rightmost_mod_2t,LE64_salt_concat_LE64_state,yes,173,28,173,201,977,320.8484,7.651052,0.62646405,0.003413,6205dfe4e7e015999abb000000000000,6205dfe4e7e015995824000000000000,0xa711,
VSH-256,16,19,0,0x515e,0x65316020da3296a8,rightmost_mod_2t,LE64_salt_concat_LE64_state,yes,260,179,130,309,1756,320.8484,8.271463,0.96307160,0.004465,a89632da20603165fdc8000000000000,a89632da206031653ac3000000000000,0xe059,
VSH-256,16,9,0,0x975d,0x3e1ec646a09f9df5,rightmost_mod_2t,LE64_salt_concat_LE64_state,yes,503,45,503,548,2695,320.8484,9.098032,1.70797164,0.005496,f59d9fa046c61e3e00a4000000000000,f59d9fa046c61e3ec10f000000000000,0x71ca,
VSH-256,16,0,0,0x66da,0x08830a87b9fb3c0a,rightmost_mod_2t,LE64_salt_concat_LE64_state,yes,375,334,125,459,2711,320.8484,8.842350,1.43058208,0.006378,0a3cfbb9870a83083543000000000000,0a3cfbb9870a83086ff1000000000000,0x3e1f,
VSH-256,16,6,0,0xea92,0x2e974bf09527ec2d,rightmost_mod_2t,LE64_salt_concat_LE64_state,yes,458,243,229,472,2804,320.8484,8.882643,1.47109966,0.005962,2dec2795f04b972e5a8b000000000000,2dec2795f04b972ebbee000000000000,0x1bfa,
VSH-256,16,7,0,0xd929,0x8025e0295f179796,rightmost_mod_2t,LE64_salt_concat_LE64_state,yes,246,235,246,481,2170,320.8484,8.909893,1.49915029,0.005789,9697175f29e025801701000000000000,9697175f29e025800f95000000000000,0x9228,
VSH-256,16,13,0,0xef38,0x15274173d70811c3,rightmost_mod_2t,LE64_salt_concat_LE64_state,yes,331,2,331,333,1663,320.8484,8.379378,1.03787328,0.005308,c31108d7734127156dae000000000000,c31108d7734127154127000000000000,0xc22e,
VSH-256,16,18,0,0xdd39,0xad2a155594d12e91,rightmost_mod_2t,LE64_salt_concat_LE64_state,yes,348,256,116,372,2300,320.8484,8.539159,1.15942600,0.005159,912ed19455152aad864f000000000000,912ed19455152aad7cac000000000000,0x9d15,
VSH-256,16,24,0,0x33d9,0x14351a1114e0decf,rightmost_mod_2t,LE64_salt_concat_LE64_state,yes,280,74,280,354,1696,320.8484,8.467606,1.10332474,0.004912,cfdee014111a35148b7c000000000000,cfdee014111a35145b15000000000000,0x5a2d,
VSH-256,16,15,0,0x930e,0x72c33819823e3ee1,rightmost_mod_2t,LE64_salt_concat_LE64_state,yes,504,104,504,608,2936,320.8484,9.247928,1.89497583,0.005648,e13e3e821938c372f512000000000000,e13e3e821938c3722645000000000000,0xd10e,
VSH-256,16,32,0,0xfbb2,0x854c16140d4388fb,rightmost_mod_2t,LE64_salt_concat_LE64_state,yes,366,139,366,505,2386,320.8484,8.980140,1.57395197,0.004669,fb88430d14164c853be2000000000000,fb88430d14164c85b636000000000000,0x19f9,
VSH-256,16,10,0,0x0c7d,0x818169553821b355,rightmost_mod_2t,LE64_salt_concat_LE64_state,yes,412,412,2,414,2888,320.8484,8.693487,1.29032894,0.006805,55b3213855698181b2e3000000000000,55b3213855698181523b000000000000,0x36b4,
VSH-256,16,38,0,0x281f,0x0d3506abbde879cf,rightmost_mod_2t,LE64_salt_concat_LE64_state,yes,281,126,281,407,1909,320.8484,8.668885,1.26851178,0.004416,cf79e8bdab06350d6c44000000000000,cf79e8bdab06350d7144000000000000,0x372d,
VSH-256,16,17,1,0x2863,0x53f250e64b94764c,rightmost_mod_2t,LE64_salt_concat_LE64_state,yes,325,142,325,467,3493,320.8484,8.867279,1.45551598,0.006244,4c76944be650f253316b000000000000,4c76944be650f25362d6000000000000,0xbe57,
VSH-256,16,16,0,0x05cc,0xe59cf5c6c6ad5299,rightmost_mod_2t,LE64_salt_concat_LE64_state,yes,387,21,387,408,2019,320.8484,8.672425,1.27162852,0.006694,9952adc6c6f59ce5a4c3000000000000,9952adc6c6f59ce5cadc000000000000,0xe8fe,
VSH-256,16,36,0,0x14a1,0x8cda3bfb01dba9a8,rightmost_mod_2t,LE64_salt_concat_LE64_state,yes,379,173,379,552,2587,320.8484,9.108524,1.72043858,0.005076,a8a9db01fb3bda8c745f000000000000,a8a9db01fb3bda8c6d3f000000000000,0x2846,
VSH-256,16,45,0,0xa099,0x5b124cfdbfce8f8f,rightmost_mod_2t,LE64_salt_concat_LE64_state,yes,375,361,125,486,2819,320.8484,8.924813,1.51473397,0.004351,8f8fcebffd4c125bea3e000000000000,8f8fcebffd4c125beaff000000000000,0xec83,
VSH-256,16,21,0,0x8273,0x4f302dfe267335eb,rightmost_mod_2t,LE64_salt_concat_LE64_state,yes,159,158,159,317,1427,320.8484,8.308339,0.98800549,0.006613,eb357326fe2d304fbd10000000000000,eb357326fe2d304fd757000000000000,0xbe8f,
VSH-256,16,39,0,0xfdd9,0xc6e8f7dcf2712950,rightmost_mod_2t,LE64_salt_concat_LE64_state,yes,397,64,397,461,2241,320.8484,8.848623,1.43681556,0.005729,502971f2dcf7e8c697ad000000000000,502971f2dcf7e8c620a9000000000000,0x9c8b,
VSH-256,16,42,0,0x5393,0x16613305fd7f7d75,rightmost_mod_2t,LE64_salt_concat_LE64_state,yes,435,197,435,632,2963,320.8484,9.303781,1.96977751,0.005274,757d7ffd05336116e4a4000000000000,757d7ffd053361163c20000000000000,0x52d9,
VSH-256,16,43,0,0x9f64,0xbfe29b8a4b18834c,rightmost_mod_2t,LE64_salt_concat_LE64_state,yes,183,165,183,348,1575,320.8484,8.442943,1.08462432,0.005818,4c83184b8a9be2bfba4e000000000000,4c83184b8a9be2bfd5f5000000000000,0xa688,
VSH-256,16,29,0,0x0363,0x038a21e80c6a1537,rightmost_mod_2t,LE64_salt_concat_LE64_state,yes,360,341,90,431,2624,320.8484,8.751544,1.34331346,0.007332,37156a0ce8218a032d52000000000000,37156a0ce8218a03c256000000000000,0xe790,
VSH-256,16,41,0,0x70ea,0x6571f2cae6415418,rightmost_mod_2t,LE64_salt_concat_LE64_state,yes,863,52,863,915,4523,320.8484,9.837628,2.85181396,0.006776,185441e6caf271654642000000000000,185441e6caf2716511a6000000000000,0x90ad,
VSH-256,24,22,0,0x758334,0xd5b0e96031756202,rightmost_mod_2t,LE64_salt_concat_LE64_state,yes,762,433,381,814,4780,5133.5747,9.668885,0.15856397,0.008363,0262753160e9b0d5f87a380000000000,0262753160e9b0d54c99140000000000,0xed179e,
VSH-256,24,47,0,0x0a0d3f,0xc88cce81b75e46ca,rightmost_mod_2t,LE64_salt_concat_LE64_state,yes,782,100,782,882,4310,5133.5747,9.784635,0.17181010,0.009023,ca465eb781ce8cc827332d0000000000,ca465eb781ce8cc855bace0000000000,0xba2088,
VSH-256,24,13,0,0xe1f5e9,0x67ff6996fb9f1e7c,rightmost_mod_2t,LE64_salt_concat_LE64_state,yes,487,436,487,923,4179,5133.5747,9.850187,0.17979674,0.010445,7c1e9ffb9669ff670f72bc0000000000,7c1e9ffb9669ff6759149b0000000000,0x376ffe,
VSH-256,24,19,0,0x26e8f1,0x6dbfabc2f468a0e0,rightmost_mod_2t,LE64_salt_concat_LE64_state,yes,1360,1328,340,1668,10072,5133.5747,10.703904,0.32491979,0.012573,e0a068f4c2abbf6db1c27e0000000000,e0a068f4c2abbf6d51be850000000000,0x27afdb,
VSH-256,24,8,0,0x63d331,0xe6b40a22830f3fc9,rightmost_mod_2t,LE64_salt_concat_LE64_state,yes,2128,581,2128,2709,12964,5133.5747,11.403545,0.52770246,0.015941,c93f0f83220ab4e662dd570000000000,c93f0f83220ab4e6696eab0000000000,0x63a693,
VSH-256,24,49,0,0x80613f,0xa213e3b9705cc764,rightmost_mod_2t,LE64_salt_concat_LE64_state,yes,1040,958,130,1088,7212,5133.5747,10.087463,0.21193809,0.016385,64c75c70b9e313a2e1637d0000000000,64c75c70b9e313a25a627a0000000000,0x751725,
VSH-256,24,34,0,0x42e0a5,0x944c18603dcdab91,rightmost_mod_2t,LE64_salt_concat_LE64_state,yes,1096,791,1096,1887,8644,5133.5747,10.881879,0.36758012,0.018839,91abcd3d60184c941e415a0000000000,91abcd3d60184c94cc57e70000000000,0xbbf565,
VSH-256,24,44,0,0x04a584,0x1cefef44fc2be008,rightmost_mod_2t,LE64_salt_concat_LE64_state,yes,1241,1177,1241,2418,10913,5133.5747,11.239599,0.47101681,0.023364,08e02bfc44efef1c4d631e0000000000,08e02bfc44efef1c0ec23b0000000000,0x067d66,
VSH-256,24,14,0,0xd6824c,0x7e7d85fd1c043f09,rightmost_mod_2t,LE64_salt_concat_LE64_state,yes,1569,1351,523,1874,11157,5133.5747,10.871905,0.36504777,0.025693,093f041cfd857d7e9d1b020000000000,093f041cfd857d7ec3605b0000000000,0xcfd6d8,
VSH-256,24,30,0,0x035942,0x1bd9feac01953858,rightmost_mod_2t,LE64_salt_concat_LE64_state,yes,2013,525,2013,2538,12165,5133.5747,11.309476,0.49439234,0.025980,58389501acfed91bc9da4d0000000000,58389501acfed91be14bf30000000000,0x9a0ec6,
VSH-256,24,10,0,0xe0e694,0x52145a6cfc3844d8,rightmost_mod_2t,LE64_salt_concat_LE64_state,yes,2874,2799,958,3757,21734,5133.5747,11.875365,0.73184870,0.027343,d84438fc6c5a145267c93f0000000000,d84438fc6c5a1452e318430000000000,0xd59b43,
VSH-256,24,2,0,0x2dd7c5,0x5e4e118a81a3fa43,rightmost_mod_2t,LE64_salt_concat_LE64_state,yes,2849,2258,2849,5107,23277,5133.5747,12.318260,0.99482335,0.028696,43faa3818a114e5eda02a50000000000,43faa3818a114e5eabe96e0000000000,0x1a91a8,
VSH-256,24,31,0,0x4a58d4,0x613f79ad3bf97fe5,rightmost_mod_2t,LE64_salt_concat_LE64_state,yes,2921,617,2921,3538,17073,5133.5747,11.788718,0.68918837,0.028125,e57ff93bad793f6192d0f90000000000,e57ff93bad793f61014e650000000000,0xa0c472,
VSH-256,24,4,0,0xabb27e,0x6b53f3880b354ba8,rightmost_mod_2t,LE64_salt_concat_LE64_state,yes,2469,1761,823,2584,16097,5133.5747,11.335390,0.50335296,0.033013,a84b350b88f3536b8f27c20000000000,a84b350b88f3536b2fd0fd0000000000,0x4d8b46,
VSH-256,24,38,0,0x1887e6,0x0836269342a134a3,rightmost_mod_2t,LE64_salt_concat_LE64_state,yes,3208,34,3208,3242,16176,5133.5747,11.662668,0.63152875,0.032068,a334a142932636080dc0fa0000000000,a334a14293263608cab3980000000000,0x304aa7,
VSH-256,24,24,0,0xc893d8,0x9e37d9912a702c29,rightmost_mod_2t,LE64_salt_concat_LE64_state,yes,3883,30,3883,3913,19535,5133.5747,11.934059,0.76223689,0.033650,292c702a91d9379ee3ce450000000000,292c702a91d9379ea24c650000000000,0x69f129,
VSH-256,24,20,0,0xd004b2,0xedccdc2f500171a3,rightmost_mod_2t,LE64_salt_concat_LE64_state,yes,3885,3517,777,4294,27277,5133.5747,12.068106,0.83645418,0.034200,a37101502fdccceda0eb9b0000000000,a37101502fdcccedb67a100000000000,0x5aed81,
VSH-256,24,16,0,0xbf8dba,0x5c54c65da49ff734,rightmost_mod_2t,LE64_salt_concat_LE64_state,yes,3804,2918,1268,4186,25620,5133.5747,12.031357,0.81541620,0.034534,34f79fa45dc6545cd4fe5f0000000000,34f79fa45dc6545c7bb48b0000000000,0x6eda23,
VSH-256,24,5,0,0xbb7613,0xaee1f0cb64bb184b,rightmost_mod_2t,LE64_salt_concat_LE64_state,yes,4908,1071,4908,5979,28824,5133.5747,12.545688,1.16468550,0.039082,4b18bb64cbf0e1aea4c5720000000000,4b18bb64cbf0e1ae6304850000000000,0xad32fd,
VSH-256,24,15,0,0xeee2a2,0xff2621c1e4a842cf,rightmost_mod_2t,LE64_salt_concat_LE64_state,yes,4460,3390,2230,5620,31400,5133.5747,12.456354,1.09475372,0.039017,cf42a8e4c12126ff2fa4b30000000000,cf42a8e4c12126ff5945700000000000,0x00fe33,
VSH-256,24,11,0,0xceb40f,0x27eba0b7f58cf3af,rightmost_mod_2t,LE64_salt_concat_LE64_state,yes,4419,1804,4419,6223,29311,5133.5747,12.603395,1.21221573,0.040763,aff38cf5b7a0eb27f36f070000000000,aff38cf5b7a0eb2757c3230000000000,0x6c327a,
VSH-256,24,7,0,0x225072,0x4d7a282d55994c59,rightmost_mod_2t,LE64_salt_concat_LE64_state,yes,5095,1340,5095,6435,30835,5133.5747,12.651724,1.25351249,0.041727,594c99552d287a4d4e7a750000000000,594c99552d287a4dd9b20d0000000000,0x4adb46,
VSH-256,24,1,0,0xb61f47,0x4316654087160922,rightmost_mod_2t,LE64_salt_concat_LE64_state,yes,4096,986,4096,5082,24424,5133.5747,12.311181,0.98995345,0.049771,220916874065164358dbae0000000000,220916874065164335c1e50000000000,0x0382e8,
VSH-256,24,40,0,0xdaeeb7,0xc979aed05165ecde,rightmost_mod_2t,LE64_salt_concat_LE64_state,yes,3861,3665,1287,4952,28817,5133.5747,12.273796,0.96462997,0.049224,deec6551d0ae79c9e3473e0000000000,deec6551d0ae79c90a259a0000000000,0xa92ad8,
VSH-256,24,33,0,0x31df12,0x889b6ba173883166,rightmost_mod_2t,LE64_salt_concat_LE64_state,yes,4644,176,4644,4820,23924,5133.5747,12.234817,0.93891689,0.049831,66318873a16b9b887af8810000000000,66318873a16b9b887090d00000000000,0x569ad9,
VSH-256,24,37,0,0x426011,0xdb7a2d659ac611ae,rightmost_mod_2t,LE64_salt_concat_LE64_state,yes,5945,1519,5945,7464,35801,5133.5747,12.865733,1.45395761,0.049746,ae11c69a652d7adbebf16e0000000000,ae11c69a652d7adbac22c30000000000,0xfbcf71,
VSH-256,24,6,0,0x4caa22,0x76646b2a63383165,rightmost_mod_2t,LE64_salt_concat_LE64_state,yes,5726,5362,818,6180,40262,5133.5747,12.593391,1.20383950,0.051904,653138632a6b64768be9bb0000000000,653138632a6b64769322090000000000,0xc94e15,
VSH-256,24,27,0,0x26c181,0xf0279cbbe64bfdde,rightmost_mod_2t,LE64_salt_concat_LE64_state,yes,3159,2977,243,3220,21871,5133.5747,11.652845,0.62724323,0.051390,defd4be6bb9c27f045bb5b0000000000,defd4be6bb9c27f03348490000000000,0xc7420c,
VSH-256,24,35,0,0xf1290b,0xcf37cfcc7b82ebe2,rightmost_mod_2t,LE64_salt_concat_LE64_state,yes,3108,2823,777,3600,22170,5133.5747,11.813781,0.70126573,0.051744,e2eb827bcccf37cff2975b0000000000,e2eb827bcccf37cf36cdca0000000000,0x077e30,
VSH-256,24,23,0,0x2164d7,0xc1fa4cc20562dd9a,rightmost_mod_2t,LE64_salt_concat_LE64_state,yes,2867,2851,2867,5718,25739,5133.5747,12.481295,1.11384373,0.054632,9add6205c24cfac17473c90000000000,9add6205c24cfac1412b2a0000000000,0xfc70cc,
VSH-256,24,17,0,0x45ddda,0x5d67af4cbf7d3daa,rightmost_mod_2t,LE64_salt_concat_LE64_state,yes,5548,3088,5548,8636,40092,5133.5747,13.076148,1.68225856,0.055892,aa3d7dbf4caf675d2c85440000000000,aa3d7dbf4caf675d3981080000000000,0xf61a35,
VSH-256,24,9,0,0x225863,0xd61375f0479dcf8a,rightmost_mod_2t,LE64_salt_concat_LE64_state,yes,3304,2128,3304,5432,25032,5133.5747,12.407268,1.05813206,0.056898,8acf9d47f07513d60928040000000000,8acf9d47f07513d64c1c7c0000000000,0xe02f63,
VSH-256,24,3,0,0x5f2214,0x34d1c7ca284b41c1,rightmost_mod_2t,LE64_salt_concat_LE64_state,yes,4496,2135,4496,6631,31020,5133.5747,12.695011,1.29169251,0.058868,c1414b28cac7d134189c0a0000000000,c1414b28cac7d134a0166f0000000000,0xfbf1c7,
VSH-256,24,21,0,0xe74e60,0x837b8e091abaf6ea,rightmost_mod_2t,LE64_salt_concat_LE64_state,yes,7110,6118,1422,7540,48646,5133.5747,12.880349,1.46876211,0.060759,eaf6ba1a098e7b8391ca160000000000,eaf6ba1a098e7b8302fcb90000000000,0xa0cc5a,
VSH-256,24,41,0,0x0cc43c,0x2a815c7e5bdc33a7,rightmost_mod_2t,LE64_salt_concat_LE64_state,yes,3800,2414,3800,6214,28656,5133.5747,12.601307,1.21046256,0.064756,a733dc5b7e5c812a9a205e0000000000,a733dc5b7e5c812a497b280000000000,0xe6c078,
VSH-256,24,18,0,0x82c59b,0x114bc3f16f00fe65,rightmost_mod_2t,LE64_salt_concat_LE64_state,yes,6144,5694,1536,7230,44280,5133.5747,12.819780,1.40837534,0.066254,65fe006ff1c34b116669640000000000,65fe006ff1c34b110200960000000000,0x79ebbd,
VSH-256,24,43,0,0xca6669,0x371fd75313ba3238,rightmost_mod_2t,LE64_salt_concat_LE64_state,yes,5020,2674,5020,7694,35796,5133.5747,12.909518,1.49876070,0.066103,3832ba1353d71f37273a420000000000,3832ba1353d71f37cb21550000000000,0x644b58,
VSH-256,24,36,0,0x4c38eb,0xb646e4bdadd8d70c,rightmost_mod_2t,LE64_salt_concat_LE64_state,yes,3686,2339,3686,6025,27786,5133.5747,12.556746,1.17364611,0.066648,0cd7d8adbde446b654a59f0000000000,0cd7d8adbde446b6edeed50000000000,0xd1c1ef,
VSH-256,24,46,0,0xe2f59c,0x55813d67fdf2519a,rightmost_mod_2t,LE64_salt_concat_LE64_state,yes,5868,5798,652,6450,42100,5133.5747,12.655083,1.25643443,0.067055,9a51f2fd673d81556424480000000000,9a51f2fd673d8155a0a9a30000000000,0x4ce87e,
VSH-256,24,42,0,0x7f12cc,0xf06ed49abe4b23cc,rightmost_mod_2t,LE64_salt_concat_LE64_state,yes,5283,447,5283,5730,28203,5133.5747,12.484319,1.11618128,0.067410,cc234bbe9ad46ef0f2cd070000000000,cc234bbe9ad46ef03a0ab80000000000,0x5164e9,
VSH-256,24,48,0,0x5c17a6,0xb6b47bfefb5d28bb,rightmost_mod_2t,LE64_salt_concat_LE64_state,yes,5252,1534,5252,6786,32396,5133.5747,12.728346,1.32188590,0.068540,bb285dfbfe7bb4b6f2fba30000000000,bb285dfbfe7bb4b686efe80000000000,0x5c0aad,
VSH-256,24,12,0,0x8ba1cb,0x46284e883be4f241,rightmost_mod_2t,LE64_salt_concat_LE64_state,yes,4836,4062,2418,6480,35592,5133.5747,12.661778,1.26227831,0.072091,41f2e43b884e2846affa910000000000,41f2e43b884e2846ec511d0000000000,0x0f07d9,
VSH-256,24,25,0,0x7e96ae,0x5200925b6bb2fa10,rightmost_mod_2t,LE64_salt_concat_LE64_state,yes,6870,6592,1145,7737,49268,5133.5747,12.917559,1.50713693,0.072892,10fab26b5b9200527aede40000000000,10fab26b5b9200522634990000000000,0x269eec,
VSH-256,24,32,0,0x6c68a1,0xb022dcf6a0b00c3d,rightmost_mod_2t,LE64_salt_concat_LE64_state,yes,6476,909,6476,7385,36016,5133.5747,12.850382,1.43856872,0.072771,3d0cb0a0f6dc22b06db4870000000000,3d0cb0a0f6dc22b0bb14040000000000,0x186a81,
VSH-256,24,45,0,0xaac676,0xc31ee465800cbb5f,rightmost_mod_2t,LE64_salt_concat_LE64_state,yes,5598,3709,2799,6508,37228,5133.5747,12.667999,1.26773260,0.074711,5fbb0c8065e41ec360a81d0000000000,5fbb0c8065e41ec302d8cf0000000000,0xbe800f,
VSH-256,24,29,0,0x93bd0c,0x023e671ecea64796,rightmost_mod_2t,LE64_salt_concat_LE64_state,yes,4890,4540,815,5355,34460,5133.5747,12.386671,1.04313277,0.079300,9647a6ce1e673e0258212f0000000000,9647a6ce1e673e02808ab10000000000,0xd35778,
VSH-256,24,0,0,0x48515e,0xbc61a5a56e089416,rightmost_mod_2t,LE64_salt_concat_LE64_state,yes,6365,6353,1273,7626,47053,5133.5747,12.896711,1.48551457,0.083767,1694086ea5a561bcfdf8e00000000000,1694086ea5a561bc0671e80000000000,0x526669,
VSH-256,24,26,0,0x42c85c,0xfd672befc32ccb92,rightmost_mod_2t,LE64_salt_concat_LE64_state,yes,5842,4995,2921,7916,43348,5133.5747,12.950556,1.54200542,0.086562,92cb2cc3ef2b67fd4a4df40000000000,92cb2cc3ef2b67fd5372df0000000000,0x746d81,
VSH-256,24,28,0,0x7c294e,0x8b6aaea8f303fda6,rightmost_mod_2t,LE64_salt_concat_LE64_state,yes,6443,2401,6443,8844,41819,5133.5747,13.110483,1.72277614,0.092580,a6fd03f3a8ae6a8b9225fd0000000000,a6fd03f3a8ae6a8beab2a00000000000,0x3070af,
VSH-256,24,39,0,0x98d6cf,0xda8b6e79f0e3f099,rightmost_mod_2t,LE64_salt_concat_LE64_state,yes,8360,8052,380,8432,58048,5133.5747,13.041659,1.64252017,0.101124,99f0e3f0796e8bda15b0c90000000000,99f0e3f0796e8bdafc37ec0000000000,0x7026fa,
VSH-256,32,23,0,0xf578c663,0xb7a3f98bbb1acef2,rightmost_mod_2t,LE64_salt_concat_LE64_state,yes,24122,4196,24122,28318,137394,82137.1953,14.789432,0.34476463,0.198581,f2ce1abb8bf9a3b7bc2e385400000000,f2ce1abb8bf9a3b7ccab2f5100000000,0xa65961b1,
VSH-256,32,33,0,0x522963c2,0xb54ad69a5660bbcb,rightmost_mod_2t,LE64_salt_concat_LE64_state,yes,15820,2620,15820,18440,89580,82137.1953,14.170551,0.22450243,0.210449,cbbb60569ad64ab52f151efa00000000,cbbb60569ad64ab51592f6bd00000000,0x47a54df3,
VSH-256,32,41,0,0x4b9db872,0x4e7850af582e310a,rightmost_mod_2t,LE64_salt_concat_LE64_state,yes,12523,12054,12523,24577,110831,82137.1953,14.585021,0.29921889,0.239167,0a312e58af50784e83da9f7e00000000,0a312e58af50784e473e304700000000,0x542ae36f,
VSH-256,32,39,0,0x85fb382a,0x9d03a9d3c72cc219,rightmost_mod_2t,LE64_salt_concat_LE64_state,yes,22064,7279,22064,29343,139436,82137.1953,14.840729,0.35724375,0.290901,19c22cc7d3a9039d18ddaf2a00000000,19c22cc7d3a9039d1358ae9a00000000,0x28fe4fd8,
VSH-256,32,11,0,0xa2e474a6,0xd1c8b971f23b9942,rightmost_mod_2t,LE64_salt_concat_LE64_state,yes,27314,432,27314,27746,138298,82137.1953,14.759992,0.33780067,0.321373,42993bf271b9c8d146eafb1800000000,42993bf271b9c8d1ac6a44d700000000,0xfc51e752,
VSH-256,32,19,0,0x9084fcf9,0x63c67ce06ace6fae,rightmost_mod_2t,LE64_salt_concat_LE64_state,yes,38674,18523,38674,57197,267462,82137.1953,15.803652,0.69635930,0.381235,ae6fce6ae07cc663ba9d709200000000,ae6fce6ae07cc6631e20a05e00000000,0x52c93009,
VSH-256,32,9,0,0x063e87b8,0x15d2a0fc3cae2e67,rightmost_mod_2t,LE64_salt_concat_LE64_state,yes,38551,8813,38551,47364,228007,82137.1953,15.531503,0.57664496,0.386100,672eae3cfca0d215c0dc372700000000,672eae3cfca0d215433521aa00000000,0x4f1f8bc4,
VSH-256,32,38,0,0x454e7f69,0x50fb313d997541ec,rightmost_mod_2t,LE64_salt_concat_LE64_state,yes,28909,13611,28909,42520,198989,82137.1953,15.375854,0.51767046,0.435158,ec4175993d31fb505918edb500000000,ec4175993d31fb50f93193e100000000,0x37054390,
VSH-256,32,27,0,0x112f6fba,0xe36052d139de2895,rightmost_mod_2t,LE64_salt_concat_LE64_state,yes,39797,2300,39797,42097,208185,82137.1953,15.361430,0.51252054,0.437876,9528de39d15260e309adb5db00000000,9528de39d15260e32e26bb6900000000,0xbc3b917e,
VSH-256,32,24,0,0x8cde9985,0x75a8d72e9062968f,rightmost_mod_2t,LE64_salt_concat_LE64_state,yes,43896,43834,21948,65782,350920,82137.1953,16.005405,0.80087955,0.450771,8f9662902ed7a875398d22f200000000,8f9662902ed7a87573f5b0e300000000,0xc943c531,
VSH-256,32,17,0,0xfe6b826f,0xb1c57a50c9ca7a0b,rightmost_mod_2t,LE64_salt_concat_LE64_state,yes,39636,36056,39636,75692,342404,82137.1953,16.207853,0.92153134,0.485150,0b7acac9507ac5b18858253900000000,0b7acac9507ac5b11179189100000000,0x665a9839,
VSH-256,32,44,0,0x975997b3,0xc9cba6ef5a2cda37,rightmost_mod_2t,LE64_salt_concat_LE64_state,yes,30910,20349,15455,35804,205036,82137.1953,15.127833,0.43590483,0.488812,37da2c5aefa6cbc90e70a7b500000000,37da2c5aefa6cbc92db1986a00000000,0xbb83444e,
VSH-256,32,25,0,0xe4822759,0x6c91dfd07539467c,rightmost_mod_2t,LE64_salt_concat_LE64_state,yes,59806,1162,59806,60968,303678,82137.1953,15.895765,0.74227029,0.490265,7c463975d0df916c1cb1682400000000,7c463975d0df916c73f0cffa00000000,0x328bc5ea,
VSH-256,32,47,0,0x184d5668,0xb96e364640124d07,rightmost_mod_2t,LE64_salt_concat_LE64_state,yes,42668,19412,42668,62080,290988,82137.1953,15.921841,0.75580862,0.496818,074d124046366eb9d292a12000000000,074d124046366eb9922877e400000000,0x1c701671,
VSH-256,32,5,0,0x152e4e87,0xbcb11d79b5c2d230,rightmost_mod_2t,LE64_salt_concat_LE64_state,yes,42939,30352,42939,73291,336103,82137.1953,16.161348,0.89229976,0.499507,30d2c2b5791db1bcca11149d00000000,30d2c2b5791db1bc62b83c4000000000,0x6e49aaf1,
VSH-256,32,36,0,0x038a701f,0x647bd99329769ad4,rightmost_mod_2t,LE64_salt_concat_LE64_state,yes,39897,37058,13299,50357,294521,82137.1953,15.619905,0.61308400,0.499228,d49a762993d97b6416bcf66500000000,d49a762993d97b64c005850400000000,0xae3ff31c,
VSH-256,32,20,0,0x1e174a4d,0xb4f244ce0f7fcfed,rightmost_mod_2t,LE64_salt_concat_LE64_state,yes,51491,50950,4681,55631,367635,82137.1953,15.763601,0.67729364,0.529880,edcf7f0fce44f2b4dd237d9500000000,edcf7f0fce44f2b420b0e61100000000,0x77e13855,
VSH-256,32,4,0,0x2481874b,0xfc22910243287828,rightmost_mod_2t,LE64_salt_concat_LE64_state,yes,52082,17124,52082,69206,328906,82137.1953,16.078610,0.84256590,0.575985,28782843029122fc79c6a52300000000,28782843029122fc748015a800000000,0x346a26ba,
VSH-256,32,18,0,0x80746455,0x0a78d488d9cd67ec,rightmost_mod_2t,LE64_salt_concat_LE64_state,yes,57101,37260,57101,94361,434545,82137.1953,16.525903,1.14882179,0.599653,ec67cdd988d4780aed90fcc100000000,ec67cdd988d4780ab1f5f3f800000000,0x87c17030,
VSH-256,32,3,0,0x976e2506,0x0a9acbd887ddcb02,rightmost_mod_2t,LE64_salt_concat_LE64_state,yes,42812,42128,6116,48244,309180,82137.1953,15.558062,0.58735875,0.631672,02cbdd87d8cb9a0a6c68215f00000000,02cbdd87d8cb9a0aaa7af3e500000000,0xeee434b1,
VSH-256,32,49,0,0x2a27441a,0xca62e173e217a9fa,rightmost_mod_2t,LE64_salt_concat_LE64_state,yes,38340,37987,1420,39407,269808,82137.1953,15.266164,0.47977046,0.632636,faa917e273e162ca429e602c00000000,faa917e273e162ca805a22ff00000000,0x5db64967,
VSH-256,32,10,0,0xdf553b8e,0xd4cf15c1d04caa36,rightmost_mod_2t,LE64_salt_concat_LE64_state,yes,34155,32170,34155,66325,299455,82137.1953,16.017265,0.80749044,0.637987,36aa4cd0c115cfd496d1358e00000000,36aa4cd0c115cfd44fdde61300000000,0x24c4e049,
VSH-256,32,15,0,0x6e102101,0xea358559280d3535,rightmost_mod_2t,LE64_salt_concat_LE64_state,yes,59510,24597,59510,84107,395938,82137.1953,16.359938,1.02398188,0.638819,35350d28598535ea23ce669800000000,35350d28598535ea0de36ecc00000000,0x7e87a791,
VSH-256,32,40,0,0x61930d63,0x0c09861c8f546c22,rightmost_mod_2t,LE64_salt_concat_LE64_state,yes,51346,13361,51346,64707,310174,82137.1953,15.981634,0.78779169,0.647905,226c548f1c86090c70b8467c00000000,226c548f1c86090c614552f600000000,0x5bf057dd,
VSH-256,32,1,0,0x55730420,0xc7cb71a2d20702ea,rightmost_mod_2t,LE64_salt_concat_LE64_state,yes,70608,22051,70608,92659,441244,82137.1953,16.499643,1.12810036,0.650884,ea0207d2a271cbc741074a7500000000,ea0207d2a271cbc7f0307d5f00000000,0xd90524be,
VSH-256,32,32,0,0x514aac79,0xf75dee7108d1f742,rightmost_mod_2t,LE64_salt_concat_LE64_state,yes,62435,9434,62435,71869,349911,82137.1953,16.133082,0.87498727,0.659866,42f7d10871ee5df7da74f58d00000000,42f7d10871ee5df79177dd7f00000000,0x6f104a13,
VSH-256,32,29,0,0xe0c1f1d2,0xfcbf4b0a56c6d3f6,rightmost_mod_2t,LE64_salt_concat_LE64_state,yes,64294,10673,64294,74967,364162,82137.1953,16.193968,0.91270465,0.669360,f6d3c6560a4bbffce40bb59f00000000,f6d3c6560a4bbffc8074044d00000000,0xf9152f46,
VSH-256,32,45,0,0xacc3a24c,0xeb1fb2a66c372399,rightmost_mod_2t,LE64_salt_concat_LE64_state,yes,43488,18887,43488,62375,292988,82137.1953,15.928680,0.75940017,0.691479,9923376ca6b21feb468b91e600000000,9923376ca6b21febb522ad7000000000,0x1be87b86,
VSH-256,32,31,0,0xb7ebcb4c,0x244b9698add84c79,rightmost_mod_2t,LE64_salt_concat_LE64_state,yes,77001,39734,77001,116735,543941,82137.1953,16.832878,1.42121970,0.692940,794cd8ad98964b243254677000000000,794cd8ad98964b246f94ed0a00000000,0x0fdf5445,
VSH-256,32,30,0,0xc1df9d02,0xdee132dc57d9f9cd,rightmost_mod_2t,LE64_salt_concat_LE64_state,yes,72535,5610,72535,78145,385115,82137.1953,16.253866,0.95139601,0.698324,cdf9d957dc32e1def05d8b9b00000000,cdf9d957dc32e1de7a400c3100000000,0x38d7aad1,
VSH-256,32,12,0,0x967380ca,0x16dd1f74abc004ef,rightmost_mod_2t,LE64_salt_concat_LE64_state,yes,59878,38378,29939,68317,393024,82137.1953,16.059957,0.83174255,0.705013,ef04c0ab741fdd1683a1c02300000000,ef04c0ab741fdd1658d82ba400000000,0x1e6fc071,
VSH-256,32,16,0,0xc9daf5c5,0x894b42033dcc71dc,rightmost_mod_2t,LE64_salt_concat_LE64_state,yes,58221,50755,19407,70162,416497,82137.1953,16.098402,0.85420496,0.727650,dc71cc3d03424b895c485c5400000000,dc71cc3d03424b89d1f13c4200000000,0xd5797280,
VSH-256,32,43,0,0x9cbdfb8e,0x37c0c32a74f6bd78,rightmost_mod_2t,LE64_salt_concat_LE64_state,yes,83638,3242,83638,86880,431158,82137.1953,16.406736,1.05774247,0.736656,78bdf6742ac3c037f6b4a85d00000000,78bdf6742ac3c03755f15bc300000000,0x1e7a1b21,
VSH-256,32,13,0,0xffff57d4,0xbe4f2cda60b73dc4,rightmost_mod_2t,LE64_salt_concat_LE64_state,yes,80400,74279,13400,87679,565116,82137.1953,16.419944,1.06747010,0.746547,c43db760da2c4fbe5b71cc9300000000,c43db760da2c4fbe3e9dd9aa00000000,0x2a8b374c,
VSH-256,32,22,0,0xe12800af,0x97bc5a1cdccf984c,rightmost_mod_2t,LE64_salt_concat_LE64_state,yes,77643,46272,77643,123915,573303,82137.1953,16.918991,1.50863442,0.751166,4c98cfdc1c5abc970b7b125400000000,4c98cfdc1c5abc97db97165500000000,0xecdfc0c7,
VSH-256,32,6,0,0x90ac0adc,0x93a91cce4c217da5,rightmost_mod_2t,LE64_salt_concat_LE64_state,yes,51935,47947,3995,51942,355583,82137.1953,15.664614,0.63238098,0.754669,a57d214cce1ca99306dafb3900000000,a57d214cce1ca99357d77c0e00000000,0x6e80ade0,
VSH-256,32,35,0,0x331ad69d,0x57c9975002a7512e,rightmost_mod_2t,LE64_salt_concat_LE64_state,yes,72899,21993,72899,94892,452467,82137.1953,16.533999,1.15528659,0.766055,2e51a7025097c9577ff2bd2300000000,2e51a7025097c95744c6026900000000,0xd4850488,
VSH-256,32,26,0,0xfb8a9857,0x221baf12814f6a59,rightmost_mod_2t,LE64_salt_concat_LE64_state,yes,51346,49887,25673,75560,404932,82137.1953,16.205335,0.91992428,0.772804,596a4f8112af1b2256254dac00000000,596a4f8112af1b2229d546c900000000,0xa7561ad0,
VSH-256,32,42,0,0xc78ec934,0x3afc4ba891c0b495,rightmost_mod_2t,LE64_salt_concat_LE64_state,yes,60240,58674,6024,64698,427464,82137.1953,15.981433,0.78768212,0.801101,95b4c091a84bfc3a796c9e4100000000,95b4c091a84bfc3aa3132d1b00000000,0x70aae37e,
VSH-256,32,7,0,0x8ad3608f,0xcc54441c839b6982,rightmost_mod_2t,LE64_salt_concat_LE64_state,yes,85668,60406,42834,103240,584296,82137.1953,16.655643,1.25692142,0.840704,82699b831c4454cc31d8bd5800000000,82699b831c4454ccf63eef2b00000000,0xf55bdec3,
VSH-256,32,2,0,0x76692d37,0xd9df6bc228f054be,rightmost_mod_2t,LE64_salt_concat_LE64_state,yes,95710,47909,95710,143619,670186,82137.1953,17.131887,1.74852574,0.872215,be54f028c26bdfd9f379755900000000,be54f028c26bdfd9c2b0db1000000000,0xe0e306a5,
VSH-256,32,14,0,0xf7b7f0f5,0x0d85bde75e3c70a6,rightmost_mod_2t,LE64_salt_concat_LE64_state,yes,89080,41226,89080,130306,610304,82137.1953,16.991544,1.58644326,0.890055,a6703c5ee7bd850dff104eec00000000,a6703c5ee7bd850de77cfe7a00000000,0x68fbd315,
VSH-256,32,8,0,0xcfa365d6,0x8d804333a79b9474,rightmost_mod_2t,LE64_salt_concat_LE64_state,yes,83502,76451,9278,85729,574866,82137.1953,16.387496,1.04372933,0.992736,74949ba73343808d7bfa984600000000,74949ba73343808dcb071c5000000000,0x6fdee47b,
VSH-256,32,46,0,0x9cf0f7c9,0xe94feda36236d51b,rightmost_mod_2t,LE64_salt_concat_LE64_state,yes,68967,38363,68967,107330,498287,82137.1953,16.711694,1.30671615,1.008310,1bd53662a3ed4fe9180c76e000000000,1bd53662a3ed4fe9058a12b600000000,0xf460e977,
VSH-256,32,34,0,0x8794a950,0xf201dfdbad0b3b09,rightmost_mod_2t,LE64_salt_concat_LE64_state,yes,79236,78411,2556,80967,556464,82137.1953,16.305046,0.98575316,1.035757,093b0baddbdf01f2c00936b300000000,093b0baddbdf01f2e516d15000000000,0xccf378a4,
VSH-256,32,48,0,0x8b863c8e,0x4d80bce69808e6b6,rightmost_mod_2t,LE64_salt_concat_LE64_state,yes,111293,95434,15899,111333,747413,82137.1953,16.764522,1.35545169,1.114529,b6e60898e6bc804d11d835a400000000,b6e60898e6bc804df1713ee800000000,0x3efb3410,
VSH-256,32,37,0,0x574775a2,0x64499862011bb220,rightmost_mod_2t,LE64_salt_concat_LE64_state,yes,107008,104389,53504,157893,845588,82137.1953,17.268588,1.92230815,1.246228,20b21b0162984964d809970e00000000,20b21b0162984964d86e50b300000000,0x2f843fe6,
VSH-256,32,21,0,0xbae58d3a,0x945ae3dea35865a7,rightmost_mod_2t,LE64_salt_concat_LE64_state,yes,96170,88974,9617,98591,663640,82137.1953,16.589168,1.20032100,1.262332,a76558a3dee35a942be1b3ed00000000,a76558a3dee35a948176c87100000000,0x8eec64fb,
VSH-256,32,0,0,0x2a69fa3e,0x67ff382468f04825,rightmost_mod_2t,LE64_salt_concat_LE64_state,yes,142445,127092,28489,155581,992681,82137.1953,17.247306,1.89416012,1.521992,2548f0682438ff6770650d9300000000,2548f0682438ff675db57c6800000000,0x88f9d197,
VSH-256,32,28,0,0x7ec6a9bd,0xbd0dc0181174ef8d,rightmost_mod_2t,LE64_salt_concat_LE64_state,yes,186789,42776,186789,229565,1105049,82137.1953,17.808543,2.79489699,1.618956,8def741118c00dbd0e9b35f200000000,8def741118c00dbd04a3756f00000000,0x2056ac6b,
VSH-256,40,29,0,0x30e986439a,0x7d7d1c7ad536c0de,rightmost_mod_2t,LE64_salt_concat_LE64_state,yes,28493,21981,28493,50474,230389,1314195.1248,15.623253,0.03840678,0.313575,dec036d57a1c7d7dde224b1bb7000000,dec036d57a1c7d7d5c850ae01e000000,0xa419fba03c,
VSH-256,40,9,0,0xb913f120f6,0x2a61a48009fcdd0b,rightmost_mod_2t,LE64_salt_concat_LE64_state,yes,194720,91684,194720,286404,1340336,1314195.1248,18.127692,0.21793111,1.733734,0bddfc0980a4612a2868945e70000000,0bddfc0980a4612ad504f4e4e6000000,0x189d064c00,
VSH-256,40,3,0,0x4338f5f17d,0x56dcf2e62ff30a63,rightmost_mod_2t,LE64_salt_concat_LE64_state,yes,230700,149687,115350,265037,1521548,1314195.1248,18.015834,0.20167249,2.207254,630af32fe6f2dc56f15965c36f000000,630af32fe6f2dc56ee9049f897000000,0xaa83674b70,
VSH-256,40,5,0,0x33532e97a2,0x4a93d619c9104a42,rightmost_mod_2t,LE64_salt_concat_LE64_state,yes,233929,148117,233929,382046,1762113,1314195.1248,18.543387,0.29070721,2.247528,424a10c919d6934a4204e2bbb6000000,424a10c919d6934a02b113d8b0000000,0x3ba33534ed,
VSH-256,40,13,0,0x49b14922f1,0x60736f40b58b8a69,rightmost_mod_2t,LE64_salt_concat_LE64_state,yes,280869,277935,93623,371558,2141593,1314195.1248,18.503228,0.28272666,2.829896,698a8bb5406f736062ae4e2e72000000,698a8bb5406f7360ca18838b6b000000,0x0589cd1dc1,
VSH-256,40,10,0,0x40b8e141d2,0x0e03f5397e8f3e98,rightmost_mod_2t,LE64_salt_concat_LE64_state,yes,419474,236,419474,419710,2098314,1314195.1248,18.679033,0.31936658,3.012762,983e8f7e39f5030ed0c65a9840000000,983e8f7e39f5030e2c04d98644000000,0x6a1ca81109,
VSH-256,40,23,0,0xe8d5200e33,0xd1ba23403ee8c8a3,rightmost_mod_2t,LE64_salt_concat_LE64_state,yes,394799,110127,394799,504926,2414503,1314195.1248,18.945712,0.38420931,3.170852,a3c8e83e4023bad104caca7683000000,a3c8e83e4023bad18641e5fb47000000,0xea295bdcb4,
VSH-256,40,2,0,0x697f0475bd,0x1cfb100bda8170a2,rightmost_mod_2t,LE64_salt_concat_LE64_state,yes,360655,202663,360655,563318,2613927,1314195.1248,19.103590,0.42864107,3.362925,a27081da0b10fb1c9d770d0809000000,a27081da0b10fb1c5fdce602c1000000,0xe6731174c1,
VSH-256,40,1,0,0x97e6008870,0x24d6552a8418d2a5,rightmost_mod_2t,LE64_salt_concat_LE64_state,yes,430922,328379,430922,759301,3468126,1314195.1248,19.534312,0.57776885,4.816900,a5d218842a55d624f64c89ca46000000,a5d218842a55d62477dfd0ab47000000,0x5a9a400cdd,
VSH-256,40,24,0,0x894cf343f9,0xf58d6dfb59b85f6f,rightmost_mod_2t,LE64_salt_concat_LE64_state,yes,465594,393905,155198,549103,3282798,1314195.1248,19.066717,0.41782456,4.968479,6f5fb859fb6d8df5fc9521cd7b000000,6f5fb859fb6d8df55370d71644000000,0x585478da71,
VSH-256,40,21,0,0x1e0bd58c89,0x41c856ea1a13b01c,rightmost_mod_2t,LE64_salt_concat_LE64_state,yes,1039798,116674,1039798,1156472,5665686,1314195.1248,20.141299,0.87998500,7.359139,1cb0131aea56c841246db7b26c000000,1cb0131aea56c84153a953e140000000,0x4b21437582,
VSH-256,40,17,0,0x0a54060b7e,0x8e9e2f402def0c86,rightmost_mod_2t,LE64_salt_concat_LE64_state,yes,802257,638995,267419,906414,5497589,1314195.1248,19.789811,0.68971037,7.943549,860cef2d402f9e8ef853c6ea1f000000,860cef2d402f9e8ec8b2cecfe1000000,0x4afd588e6e,
VSH-256,40,8,0,0x028b8b0605,0xb54adbe2e99fa44a,rightmost_mod_2t,LE64_salt_concat_LE64_state,yes,773113,402433,773113,1175546,5475297,1314195.1248,20.164900,0.89449883,8.026016,4aa49fe9e2db4ab58c635e9032000000,4aa49fe9e2db4ab56572fbb523000000,0x391c374023,
VSH-256,40,11,0,0x34c572ee22,0xdcf7697b4ff9629b,rightmost_mod_2t,LE64_salt_concat_LE64_state,yes,799114,626902,399557,1026459,5704064,1314195.1248,19.969245,0.78105525,8.626118,9b62f94f7b69f7dc8337ed02e4000000,9b62f94f7b69f7dcaa901e8e58000000,0x33b0414400,
VSH-256,40,18,0,0x5daca1ed3c,0x265e740cde35b2b8,rightmost_mod_2t,LE64_salt_concat_LE64_state,yes,1261130,110296,1261130,1371426,6746834,1314195.1248,20.387245,1.04354823,8.910926,b8b235de0c745e26d14581226e000000,b8b235de0c745e26f63df7bb2b000000,0x364da3ca61,
VSH-256,40,26,0,0x48bcd7084d,0x22f7679cdb5e6599,rightmost_mod_2t,LE64_salt_concat_LE64_state,yes,839064,771784,279688,1051472,6163704,1314195.1248,20.003979,0.80008819,9.007355,99655edb9c67f722f7650d4fa0000000,99655edb9c67f722652f280f1a000000,0x85e3b8942b,
VSH-256,40,12,0,0x330b5eb2c9,0xa26b1a3bb40f5cc2,rightmost_mod_2t,LE64_salt_concat_LE64_state,yes,1305619,111533,1305619,1417152,6974227,1314195.1248,20.434563,1.07834215,9.223394,c25c0fb43b1a6ba2b080dba175000000,c25c0fb43b1a6ba284691cccb8000000,0x4c35781c15,
VSH-256,40,25,0,0xa5c31dd380,0x6e721268d67e5af9,rightmost_mod_2t,LE64_salt_concat_LE64_state,yes,1227487,169312,1227487,1396799,6814683,1314195.1248,20.413693,1.06285511,9.941681,f95a7ed66812726ee148715f5c000000,f95a7ed66812726ee2587665cf000000,0xf8cb930c41,
VSH-256,40,16,0,0x0cf833ab85,0xe8c58319371ec345,rightmost_mod_2t,LE64_salt_concat_LE64_state,yes,1195119,995278,398373,1393651,8363215,1314195.1248,20.410438,1.06045972,10.988849,45c31e371983c5e890d845e1cb000000,45c31e371983c5e8cb1af8917c000000,0x47e799b76a,
VSH-256,40,4,0,0xdcd8bb9da5,0xf89f6909c018d8c0,rightmost_mod_2t,LE64_salt_concat_LE64_state,yes,1279798,897446,639899,1537345,8708976,1314195.1248,20.552010,1.16979965,11.280554,c0d818c009699ff80431dd3f03000000,c0d818c009699ff82983e65b8e000000,0xf3dc4cc141,
VSH-256,40,0,0,0x901c2e7c90,0x4154cf04c7b26838,rightmost_mod_2t,LE64_salt_concat_LE64_state,yes,1521644,781637,760822,1542459,9213124,1314195.1248,20.556801,1.17369101,11.971729,3868b2c704cf5441b70997ddfd000000,3868b2c704cf54418361152869000000,0x00975d99de,
VSH-256,40,27,0,0x2a90537aa3,0xd3e8bce427d8556b,rightmost_mod_2t,LE64_salt_concat_LE64_state,yes,1193376,650694,1193376,1844070,8569656,1314195.1248,20.814462,1.40319346,12.366452,6b55d827e4bce8d3ff33a3721e000000,6b55d827e4bce8d3ad81065bb3000000,0xaae44154dc,
VSH-256,40,20,0,0x1f2a4ff902,0x63fb114c9809857f,rightmost_mod_2t,LE64_salt_concat_LE64_state,yes,1474164,1454787,368541,1823328,10978722,1314195.1248,20.798143,1.38741041,14.563203,7f8509984c11fb637a7b6f00d1000000,7f8509984c11fb63e6d8b7c3f0000000,0x643edaaa32,
VSH-256,40,6,0,0x9856d68c28,0xb107a444c8636f84,rightmost_mod_2t,LE64_salt_concat_LE64_state,yes,1622409,1348208,540803,1889011,11341665,1314195.1248,20.849200,1.43739005,15.105572,846f63c844a407b1e2a391e496000000,846f63c844a407b11c88abadfe000000,0xd7303f982b,
VSH-256,40,22,0,0x9ff148005a,0x236a1fed75b9c2e8,rightmost_mod_2t,LE64_salt_concat_LE64_state,yes,1503998,981792,1503998,2485790,11447158,1314195.1248,21.245273,1.89149233,16.646183,e8c2b975ed1f6a2352cc7ed8ea000000,e8c2b975ed1f6a23c0ce395fdc000000,0x03f240de39,
VSH-256,40,19,0,0x3e51d1ca74,0xa6196a6a192f0e9d,rightmost_mod_2t,LE64_salt_concat_LE64_state,yes,2275500,313951,2275500,2589451,12633304,1314195.1248,21.304215,1.97037027,16.721082,9d0e2f196a6a19a6b5a45c6b8b000000,9d0e2f196a6a19a6d511284851000000,0x93f5cb72c2,
VSH-256,40,7,0,0xf9a6a86d09,0x5b8af169018a8ecc,rightmost_mod_2t,LE64_salt_concat_LE64_state,yes,2192154,768159,2192154,2960313,14033406,1314195.1248,21.497318,2.25256733,18.431715,cc8e8a0169f18a5b115a8b2ed7000000,cc8e8a0169f18a5b98e06c995c000000,0xefbde37fa7,
VSH-256,40,14,0,0xadf302ee7f,0xf992e566e9942de1,rightmost_mod_2t,LE64_salt_concat_LE64_state,yes,2275270,1310023,1137635,2447658,14341172,1314195.1248,21.222971,1.86247685,20.899164,e12d94e966e592f9a001a24d2c000000,e12d94e966e592f9f4277b8363000000,0x1d9eae7d31,
VSH-256,40,15,0,0x364cff0941,0xbe1f2c9b69446c24,rightmost_mod_2t,LE64_salt_concat_LE64_state,yes,2255824,2220701,563956,2784657,16778188,1314195.1248,21.409068,2.11890681,22.253619,246c44699b2c1fbefb30310ed4000000,246c44699b2c1fbeb8496b2cc1000000,0x833ade22f5,
VSH-256,40,28,0,0xac682487e3,0xd2be3af7efeb5e42,rightmost_mod_2t,LE64_salt_concat_LE64_state,yes,2527155,2520136,505431,3025567,18672871,1314195.1248,21.528774,2.30222053,28.249273,425eebeff73abed2ce0e33573d000000,425eebeff73abed2a71324dc93000000,0xcede05d8b4,
VSH-256,48,1,0,0x85347695dc87,0x8b4935b39a39029c,rightmost_mod_2t,LE64_salt_concat_LE64_state,yes,7390162,1911975,7390162,9302137,44598710,21027121.9976,23.149131,0.44238755,62.456962,9c02399ab335498b757a9f22dd940000,9c02399ab335498b239750f6f0680000,0x0c3de5407ccd,
VSH-256,48,9,0,0x2396dfe199c1,0x9bdae7e50ab918aa,rightmost_mod_2t,LE64_salt_concat_LE64_state,yes,6421451,4697956,6421451,11119407,50899079,21027121.9976,23.406577,0.52881260,72.731031,aa18b90ae5e7da9bbafbaedcb48e0000,aa18b90ae5e7da9b89804c5b79050000,0xe192c2e6c264,
VSH-256,48,8,0,0x22ad078fc987,0x6b66d39aeb6cb8ba,rightmost_mod_2t,LE64_salt_concat_LE64_state,yes,6211452,4474244,6211452,10685696,48954236,21027121.9976,23.349178,0.50818633,74.965922,bab86ceb9ad3666bb6c774c545ed0000,bab86ceb9ad3666bfc2309f2ae2a0000,0xdf4313da46bb,
VSH-256,48,2,0,0x356af2a9495a,0xae67022d3c28f898,rightmost_mod_2t,LE64_salt_concat_LE64_state,yes,10451828,8465099,5225914,13691013,75667708,21027121.9976,23.706726,0.65111207,107.302004,98f8283c2d0267aed6cd70ea91680000,98f8283c2d0267aedb5276a945d90000,0xcea04ff26739,
VSH-256,48,7,0,0xcf51d16d5b1a,0x55e37200f1ae4480,rightmost_mod_2t,LE64_salt_concat_LE64_state,yes,14840304,14259160,927519,15186679,103412590,21027121.9976,23.856303,0.72224240,141.179570,8044aef10072e355c15f32d8885a0000,8044aef10072e35504e4bf6a40640000,0x5192e1da66da,
VSH-256,48,3,0,0x285a804586b9,0x471331319cb7d6e2,rightmost_mod_2t,LE64_salt_concat_LE64_state,yes,18556548,2084624,18556548,20641172,101121236,21027121.9976,24.299022,0.98164513,152.061346,e2d6b79c31311347f6a672f540480000,e2d6b79c31311347d693cecbdc240000,0xec14b41d6d60,
VSH-256,48,6,0,0x3f45b01ffb1f,0x96e0d65314e7da16,rightmost_mod_2t,LE64_salt_concat_LE64_state,yes,15722104,14245560,1965263,16210823,108079078,21027121.9976,23.950454,0.77094825,161.894386,16dae71453d6e09602cce61b4e170000,16dae71453d6e0965c8003a3dbb00000,0xf352b4ffd312,
VSH-256,48,4,0,0x5f85f995ccd8,0xdf775737cc4a617e,rightmost_mod_2t,LE64_salt_concat_LE64_state,yes,20859111,17851615,6953037,24804652,147889867,21027121.9976,24.564107,1.17965036,216.442959,7e614acc375777dfdba1efcc75d20000,7e614acc375777df96f13f9243030000,0x851a1993bbea,
VSH-256,48,0,0,0xfc7a86333cb6,0xb8a2b00929c2570f,rightmost_mod_2t,LE64_salt_concat_LE64_state,yes,40891726,2905485,40891726,43797211,216080570,21027121.9976,25.384336,2.08289137,302.013570,0f57c22909b0a2b86c49ac38a3050000,0f57c22909b0a2b84897fa6632250000,0x223e72534bea,
VSH-256,48,5,0,0x93062f281bd6,0xd927fc04cd64d414,rightmost_mod_2t,LE64_salt_concat_LE64_state,yes,44617187,6294,44617187,44623481,223111111,21027121.9976,25.411300,2.12218681,313.088503,14d464cd04fc27d9f90632e5a8bd0000,14d464cd04fc27d9a6589278e4670000,0xfb3d9de681da,
VSH-256,56,1,0,0x700ed990625f38,0x14966d94446264d5,rightmost_mod_2t,LE64_salt_concat_LE64_state,yes,49866378,36942939,24933189,61876128,347237268,336433951.9615,25.882880,0.18391761,504.393684,d5646244946d96142f401a1c81ec9e00,d5646244946d9614bce0c0b7e8f04d00,0x2c25026fb743b9,
VSH-256,56,2,0,0x80996707178382,0x77ea703e0121e7c0,rightmost_mod_2t,LE64_salt_concat_LE64_state,yes,91361492,20863577,91361492,112225069,540261768,336433951.9615,26.741820,0.33357236,802.886601,c0e721013e70ea770455c9c7bef40c00,c0e721013e70ea775e1f8ead4e842c00,0x7267395699a6ac,
VSH-256,56,3,0,0x605e021c7675bc,0x89a5b84c51da3c15,rightmost_mod_2t,LE64_salt_concat_LE64_state,yes,349574330,196248387,174787165,371035552,2183290868,336433951.9615,28.466982,1.10284812,3194.834161,153cda514cb8a58963ceb7fbd4ee7a00,153cda514cb8a589a5626a34c3f79000,0x864268958672ca,
VSH-256,56,0,0,0x3e22ee7a16b6e6,0xa4ac0aa2ce283de4,rightmost_mod_2t,LE64_salt_concat_LE64_state,yes,429477732,327655046,107369433,435024479,2813792246,336433951.9615,28.696521,1.29304571,4099.575532,e43d28cea20aaca41ef715f0fc33f800,e43d28cea20aaca4b46076f687c23800,0x0f4e2ce0a4eeed,
VSH-256,56,4,0,0x33bfbb1b9ca7db,0x1bdfdaeb9b2be324,rightmost_mod_2t,LE64_salt_concat_LE64_state,yes,424383288,329189822,106095822,435285644,2802100796,336433951.9615,28.697387,1.29382199,4503.790566,24e32b9bebdadf1bc51b4f9128a5dc00,24e32b9bebdadf1bb5815be97ed22900,0x8b7ee260c2e1bf,
